"Date","Open","High","Low","Close","Volume","ticker","name"
"2004-08-19 00:00:00-04:00","2.483736420885526","2.5845756286121926","2.3833927177534813","2.492180585861206","893181924","GOOGL","Alphabet Inc. (GOOGL) Historical Data"
"2004-08-20 00:00:00-04:00","2.508822176838228","2.709259725371138","2.4961548630046986","2.690134286880493","456686856","GOOGL","Alphabet Inc. (GOOGL) Historical Data"
"2004-08-23 00:00:00-04:00","2.750738233475586","2.818543803647125","2.708514331099461","2.717207431793213","365122512","GOOGL","Alphabet Inc. (GOOGL) Historical Data"
"2004-08-24 00:00:00-04:00","2.7629082304989256","2.7718497936549373","2.5724056328047977","2.604693651199341","304946748","GOOGL","Alphabet Inc. (GOOGL) Historical Data"
"2004-08-25 00:00:00-04:00","2.6069296853443533","2.6824352159139915","2.580105470430996","2.632760524749756","183772044","GOOGL","Alphabet Inc. (GOOGL) Historical Data"
"2004-08-26 00:00:00-04:00","2.6066801371191635","2.681192281428831","2.5994775741491627","2.6801986694335938","141897960","GOOGL","Alphabet Inc. (GOOGL) Historical Data"
"2004-08-27 00:00:00-04:00","2.684918428494022","2.6978339665622775","2.6250608099331725","2.6364853382110596","124235640","GOOGL","Alphabet Inc. (GOOGL) Historical Data"
"2004-08-30 00:00:00-04:00","2.614877975060048","2.6200935520992212","2.5336596965789795","2.5336596965789795","103935960","GOOGL","Alphabet Inc. (GOOGL) Historical Data"
"2004-08-31 00:00:00-04:00","2.5408621079271403","2.5758825014133238","2.5373852934085552","2.5426008701324463","98357544","GOOGL","Alphabet Inc. (GOOGL) Historical Data"
"2004-09-01 00:00:00-04:00","2.5507968808201578","2.5575032303646767","2.4755395754995884","2.489945650100708","182765052","GOOGL","Alphabet Inc. (GOOGL) Historical Data"
"2004-09-02 00:00:00-04:00","2.463617360722561","2.5426004065296772","2.4574081729234023","2.521239995956421","302373324","GOOGL","Alphabet Inc. (GOOGL) Historical Data"
"2004-09-03 00:00:00-04:00","2.507331399830005","2.526953050986558","2.466846259800643","2.4839847087860107","103048848","GOOGL","Alphabet Inc. (GOOGL) Historical Data"
"2004-09-07 00:00:00-04:00","2.508822119189502","2.5334113596335484","2.4740499507085345","2.522979259490967","116950932","GOOGL","Alphabet Inc. (GOOGL) Historical Data"
"2004-09-08 00:00:00-04:00","2.502115703702228","2.5589929622658363","2.496154740407229","2.5408620834350586","99712188","GOOGL","Alphabet Inc. (GOOGL) Historical Data"
"2004-09-09 00:00:00-04:00","2.54657478745778","2.5510449774508652","2.5085740314798244","2.541110038757324","81234684","GOOGL","Alphabet Inc. (GOOGL) Historical Data"
"2004-09-10 00:00:00-04:00","2.5234765766967","2.646669828969433","2.516024839503077","2.616119623184204","173977848","GOOGL","Alphabet Inc. (GOOGL) Historical Data"
"2004-09-13 00:00:00-04:00","2.6484071757942558","2.6926183003619166","2.6441852116945306","2.670016050338745","156882960","GOOGL","Alphabet Inc. (GOOGL) Historical Data"
"2004-09-14 00:00:00-04:00","2.6687748247687857","2.7817849076304797","2.652381524127024","2.769117593765259","216579204","GOOGL","Alphabet Inc. (GOOGL) Historical Data"
"2004-09-15 00:00:00-04:00","2.7460187576362287","2.837171961726561","2.737077195116372","2.7817845344543457","214261524","GOOGL","Alphabet Inc. (GOOGL) Historical Data"
"2004-09-16 00:00:00-04:00","2.790228611624603","2.8761662367702","2.7730911103141507","2.8307137489318848","185326488","GOOGL","Alphabet Inc. (GOOGL) Historical Data"
"2004-09-17 00:00:00-04:00","2.841890447753842","2.9181413650512695","2.820282755683132","2.9181413650512695","189450360","GOOGL","Alphabet Inc. (GOOGL) Historical Data"
"2004-09-20 00:00:00-04:00","2.904729595304946","3.0202228672811917","2.9002584590141556","2.964587450027466","212575212","GOOGL","Alphabet Inc. (GOOGL) Historical Data"
"2004-09-21 00:00:00-04:00","2.9757641283823455","2.990915590149016","2.9186386452023436","2.92683482170105","144575280","GOOGL","Alphabet Inc. (GOOGL) Historical Data"
"2004-09-22 00:00:00-04:00","2.915906039829431","2.972287078456085","2.90125174026042","2.940246105194092","151624224","GOOGL","Alphabet Inc. (GOOGL) Historical Data"
"2004-09-23 00:00:00-04:00","2.951671727254667","3.04580552695513","2.906467228884901","3.000850200653076","170713116","GOOGL","Alphabet Inc. (GOOGL) Historical Data"
"2004-09-24 00:00:00-04:00","3.0038309808191745","3.0823171168513466","2.97452261512391","2.9762613773345947","182469348","GOOGL","Alphabet Inc. (GOOGL) Historical Data"
"2004-09-27 00:00:00-04:00","2.9695548365772253","3.0023400146958057","2.9258411079986772","2.9372658729553223","141322536","GOOGL","Alphabet Inc. (GOOGL) Historical Data"
"2004-09-28 00:00:00-04:00","3.012772411946521","3.1642796918874967","2.9856990241788686","3.1508679389953613","338581080","GOOGL","Alphabet Inc. (GOOGL) Historical Data"
"2004-09-29 00:00:00-04:00","3.146893878214167","3.3535405937283445","3.135220177881103","3.255681037902832","610329060","GOOGL","Alphabet Inc. (GOOGL) Historical Data"
"2004-09-30 00:00:00-04:00","3.226373158540617","3.285982783846985","3.2040191349471034","3.218921422958374","275160564","GOOGL","Alphabet Inc. (GOOGL) Historical Data"
"2004-10-01 00:00:00-04:00","3.2487266256523477","3.3341670988494236","3.2015360807227546","3.2929375171661377","302497200","GOOGL","Alphabet Inc. (GOOGL) Historical Data"
"2004-10-04 00:00:00-04:00","3.359253511299344","3.399489480934348","3.32895153392042","3.354534149169922","260455284","GOOGL","Alphabet Inc. (GOOGL) Historical Data"
"2004-10-05 00:00:00-04:00","3.3445992947462257","3.4407200960646174","3.2844924995150233","3.436746120452881","299464236","GOOGL","Alphabet Inc. (GOOGL) Historical Data"
"2004-10-06 00:00:00-04:00","3.4163789851631123","3.43873301145352","3.377880831298679","3.404705047607422","267628104","GOOGL","Alphabet Inc. (GOOGL) Historical Data"
"2004-10-07 00:00:00-04:00","3.40073112425163","3.47425061864908","3.391541571976796","3.4486680030822754","282301416","GOOGL","Alphabet Inc. (GOOGL) Historical Data"
"2004-10-08 00:00:00-04:00","3.445438090890541","3.4692819416481604","3.4032151375928845","3.4208498001098633","221390388","GOOGL","Alphabet Inc. (GOOGL) Historical Data"
"2004-10-11 00:00:00-04:00","3.4027179314614733","3.4489160456385233","3.3244812087038986","3.359501600265503","209442348","GOOGL","Alphabet Inc. (GOOGL) Historical Data"
"2004-10-12 00:00:00-04:00","3.3391344232429385","3.417869729103067","3.3133035827151986","3.4126529693603516","233310456","GOOGL","Alphabet Inc. (GOOGL) Historical Data"
"2004-10-13 00:00:00-04:00","3.5596907482148925","3.565402538901445","3.4792178692232034","3.4995839595794678","395324280","GOOGL","Alphabet Inc. (GOOGL) Historical Data"
"2004-10-14 00:00:00-04:00","3.5023162992845434","3.5363430768667006","3.441464124692548","3.5269055366516113","208842948","GOOGL","Alphabet Inc. (GOOGL) Historical Data"
"2004-10-15 00:00:00-04:00","3.599678643897275","3.6138355456147058","3.525662707194835","3.5793113708496094","263895840","GOOGL","Alphabet Inc. (GOOGL) Historical Data"
"2004-10-18 00:00:00-04:00","3.5567105377980424","3.7057343766503723","3.50728383490469","3.7047410011291504","280726992","GOOGL","Alphabet Inc. (GOOGL) Historical Data"
"2004-10-19 00:00:00-04:00","3.7380225576998907","3.785213809804792","3.6597846533865988","3.674438953399658","362197440","GOOGL","Alphabet Inc. (GOOGL) Historical Data"
"2004-10-20 00:00:00-04:00","3.6766736637929096","3.700517513679335","3.467294827398903","3.489400625228882","454453092","GOOGL","Alphabet Inc. (GOOGL) Historical Data"
"2004-10-21 00:00:00-04:00","3.5865156187253087","3.7288331185199075","3.5174672595480363","3.710205078125","582996420","GOOGL","Alphabet Inc. (GOOGL) Historical Data"
"2004-10-22 00:00:00-04:00","4.235763468117378","4.474947366096519","4.075313687387716","4.282705783843994","1474200324","GOOGL","Alphabet Inc. (GOOGL) Historical Data"
"2004-10-25 00:00:00-04:00","4.381309616159099","4.829127905079634","4.285686226177317","4.654521465301514","1309257432","GOOGL","Alphabet Inc. (GOOGL) Historical Data"
"2004-10-26 00:00:00-04:00","4.628193486045653","4.784668813237575","4.470725256665048","4.515432357788086","891391716","GOOGL","Alphabet Inc. (GOOGL) Historical Data"
"2004-10-27 00:00:00-04:00","4.538282905844444","4.707176612036169","4.514687044013571","4.619003772735596","533725740","GOOGL","Alphabet Inc. (GOOGL) Historical Data"
"2004-10-28 00:00:00-04:00","4.636638349741222","4.828134538766353","4.609814373086554","4.801061153411865","593278128","GOOGL","Alphabet Inc. (GOOGL) Historical Data"
"2004-10-29 00:00:00-04:00","4.939901857352368","4.966229853862272","4.7340005592709495","4.734993934631348","845653500","GOOGL","Alphabet Inc. (GOOGL) Historical Data"
"2004-11-01 00:00:00-05:00","4.807271494821702","4.909601475125893","4.750642466211154","4.868867874145508","488507004","GOOGL","Alphabet Inc. (GOOGL) Historical Data"
"2004-11-02 00:00:00-05:00","4.937170607991496","4.948844546424143","4.802055430846178","4.840057373046875","453398148","GOOGL","Alphabet Inc. (GOOGL) Historical Data"
"2004-11-03 00:00:00-05:00","4.922267402941706","5.007211656359834","4.737726725832256","4.760577201843262","554992452","GOOGL","Alphabet Inc. (GOOGL) Historical Data"
"2004-11-04 00:00:00-05:00","4.680352243645278","4.72903332146715","4.55392947744524","4.587460041046143","575807616","GOOGL","Alphabet Inc. (GOOGL) Historical Data"
"2004-11-05 00:00:00-05:00","4.519902882749935","4.527850833878253","4.1863373975698295","4.206207275390625","792530676","GOOGL","Alphabet Inc. (GOOGL) Historical Data"
"2004-11-08 00:00:00-05:00","4.245450761239434","4.357466521926258","4.207449292916572","4.28568696975708","447224328","GOOGL","Alphabet Inc. (GOOGL) Historical Data"
"2004-11-09 00:00:00-05:00","4.32418479986377","4.351505704996689","4.104871225633471","4.1900634765625","442125432","GOOGL","Alphabet Inc. (GOOGL) Historical Data"
"2004-11-10 00:00:00-05:00","4.238992265097989","4.284941207600749","4.131198005288422","4.1691999435424805","425334240","GOOGL","Alphabet Inc. (GOOGL) Historical Data"
"2004-11-11 00:00:00-05:00","4.200742497122175","4.563865044170618","4.161996117327912","4.54573392868042","598820580","GOOGL","Alphabet Inc. (GOOGL) Historical Data"
"2004-11-12 00:00:00-05:00","4.600623994553181","4.714131464379162","4.406147190886917","4.520400047302246","669174156","GOOGL","Alphabet Inc. (GOOGL) Historical Data"
"2004-11-15 00:00:00-05:00","4.4819028336761875","4.677372570232693","4.4396789247650625","4.591683387756348","475583940","GOOGL","Alphabet Inc. (GOOGL) Historical Data"
"2004-11-16 00:00:00-05:00","4.408631282063934","4.4575603449431425","4.24296570138232","4.285438060760498","835859304","GOOGL","Alphabet Inc. (GOOGL) Historical Data"
"2004-11-17 00:00:00-05:00","4.19801073099088","4.408631405571472","4.197513333382606","4.284444332122803","724590684","GOOGL","Alphabet Inc. (GOOGL) Historical Data"
"2004-11-18 00:00:00-05:00","4.22955403249147","4.332131994885771","4.116295036296117","4.161251544952393","664518816","GOOGL","Alphabet Inc. (GOOGL) Historical Data"
"2004-11-19 00:00:00-05:00","4.199997932913205","4.221855034347657","4.135917401810927","4.207448959350586","350421228","GOOGL","Alphabet Inc. (GOOGL) Historical Data"
"2004-11-22 00:00:00-05:00","4.085001439260572","4.209933449517474","4.006515300057315","4.100648880004883","494233272","GOOGL","Alphabet Inc. (GOOGL) Historical Data"
"2004-11-23 00:00:00-05:00","4.171931220425995","4.2429663276934075","4.135421001132792","4.160754680633545","496035468","GOOGL","Alphabet Inc. (GOOGL) Historical Data"
"2004-11-24 00:00:00-05:00","4.342067421827187","4.401429060745012","4.28469300713476","4.340576648712158","610628760","GOOGL","Alphabet Inc. (GOOGL) Historical Data"
"2004-11-26 00:00:00-05:00","4.366407811560966","4.471470415281053","4.354485884461443","4.4555745124816895","258944796","GOOGL","Alphabet Inc. (GOOGL) Historical Data"
"2004-11-29 00:00:00-05:00","4.479666971266217","4.5439950178425415","4.408879854028324","4.496804237365723","426237336","GOOGL","Alphabet Inc. (GOOGL) Historical Data"
"2004-11-30 00:00:00-05:00","4.4883593650747065","4.545237331796889","4.476934363247158","4.51990270614624","307692000","GOOGL","Alphabet Inc. (GOOGL) Historical Data"
"2004-12-01 00:00:00-05:00","4.519157328324253","4.532818489974329","4.459548170336525","4.46973180770874","314249436","GOOGL","Alphabet Inc. (GOOGL) Historical Data"
"2004-12-02 00:00:00-05:00","4.468241319245229","4.508229538159539","4.434710751636745","4.455822467803955","250185564","GOOGL","Alphabet Inc. (GOOGL) Historical Data"
"2004-12-03 00:00:00-05:00","4.46948295216537","4.4970527916358645","4.4111151576115","4.480660438537598","234533232","GOOGL","Alphabet Inc. (GOOGL) Historical Data"
"2004-12-06 00:00:00-05:00","4.449116853311715","4.488111223588386","4.371872552887569","4.378579139709473","249909840","GOOGL","Alphabet Inc. (GOOGL) Historical Data"
"2004-12-07 00:00:00-05:00","4.371374801302989","4.376342151663802","4.2360111911418885","4.25786828994751","274561164","GOOGL","Alphabet Inc. (GOOGL) Historical Data"
"2004-12-08 00:00:00-05:00","4.231044001296419","4.313752091682297","4.190807326020287","4.2218546867370605","301370328","GOOGL","Alphabet Inc. (GOOGL) Historical Data"
"2004-12-09 00:00:00-05:00","4.228560698571793","4.309282036119951","4.184350049256954","4.30754280090332","305853840","GOOGL","Alphabet Inc. (GOOGL) Historical Data"
"2004-12-10 00:00:00-05:00","4.307543507499127","4.343557750553782","4.254392470560151","4.263333797454834","172515312","GOOGL","Alphabet Inc. (GOOGL) Historical Data"
"2004-12-13 00:00:00-05:00","4.276249450928196","4.301335144691691","4.208690912830003","4.233529090881348","192551256","GOOGL","Alphabet Inc. (GOOGL) Historical Data"
"2004-12-14 00:00:00-05:00","4.247189250001176","4.441417618919738","4.212416842378632","4.4381890296936035","443092464","GOOGL","Alphabet Inc. (GOOGL) Historical Data"
"2004-12-15 00:00:00-05:00","4.4208018655876895","4.487862997651911","4.387768223963959","4.465260982513428","458381160","GOOGL","Alphabet Inc. (GOOGL) Historical Data"
"2004-12-16 00:00:00-05:00","4.39497093808578","4.482895799378072","4.370133708785887","4.383049011230469","342569088","GOOGL","Alphabet Inc. (GOOGL) Historical Data"
"2004-12-17 00:00:00-05:00","4.390250991992944","4.483143192139696","4.385035652527497","4.47271203994751","295152552","GOOGL","Alphabet Inc. (GOOGL) Historical Data"
"2004-12-20 00:00:00-05:00","4.5203998321975565","4.680848665587069","4.517170297058718","4.595407962799072","392986620","GOOGL","Alphabet Inc. (GOOGL) Historical Data"
"2004-12-21 00:00:00-05:00","4.627448795323758","4.6664441117883415","4.555172793343653","4.5638651847839355","220431348","GOOGL","Alphabet Inc. (GOOGL) Historical Data"
"2004-12-22 00:00:00-05:00","4.567590494426582","4.640861288520856","4.545485876966669","4.627200126647949","156123720","GOOGL","Alphabet Inc. (GOOGL) Historical Data"
"2004-12-23 00:00:00-05:00","4.65576319593036","4.684326410018731","4.619749428781824","4.666939735412598","144439416","GOOGL","Alphabet Inc. (GOOGL) Historical Data"
"2004-12-27 00:00:00-05:00","4.697985772315648","4.801061134340858","4.696744407956967","4.766538143157959","243919836","GOOGL","Alphabet Inc. (GOOGL) Historical Data"
"2004-12-28 00:00:00-05:00","4.771505741601679","4.807271518785786","4.74418389275863","4.787649631500244","165666168","GOOGL","Alphabet Inc. (GOOGL) Historical Data"
"2004-12-29 00:00:00-05:00","4.763308424277414","4.8065261744710925","4.763308424277414","4.791126251220703","107016876","GOOGL","Alphabet Inc. (GOOGL) Historical Data"
"2004-12-30 00:00:00-05:00","4.792864902743026","4.923509619869081","4.765047079188216","4.907861709594727","235935828","GOOGL","Alphabet Inc. (GOOGL) Historical Data"
"2004-12-31 00:00:00-05:00","4.948347802937155","4.964491694139626","4.782682667048758","4.788395404815674","306433260","GOOGL","Alphabet Inc. (GOOGL) Historical Data"
"2005-01-03 00:00:00-05:00","4.902895351474547","5.057880399782594","4.854710246618772","5.0347819328308105","633134232","GOOGL","Alphabet Inc. (GOOGL) Historical Data"
"2005-01-04 00:00:00-05:00","5.00224468321109","5.040245676527203","4.80553313004735","4.83086633682251","549685764","GOOGL","Alphabet Inc. (GOOGL) Historical Data"
"2005-01-05 00:00:00-05:00","4.804787455598274","4.890475677136839","4.774486426252988","4.806278228759766","329134536","GOOGL","Alphabet Inc. (GOOGL) Historical Data"
"2005-01-06 00:00:00-05:00","4.845272557604802","4.865638411877565","4.66246969461347","4.683084011077881","415068516","GOOGL","Alphabet Inc. (GOOGL) Historical Data"
"2005-01-07 00:00:00-05:00","4.734994567549248","4.824657235872966","4.688796691349963","4.814722061157227","386129484","GOOGL","Alphabet Inc. (GOOGL) Historical Data"
"2005-01-10 00:00:00-05:00","4.830865574188191","4.920280246609791","4.764550784586948","4.8447747230529785","301282416","GOOGL","Alphabet Inc. (GOOGL) Historical Data"
"2005-01-11 00:00:00-05:00","4.858684254678232","4.910595346528475","4.798081244724626","4.807022571563721","278069652","GOOGL","Alphabet Inc. (GOOGL) Historical Data"
"2005-01-12 00:00:00-05:00","4.826643582412013","4.866383331422364","4.731516646954971","4.852722644805908","326784888","GOOGL","Alphabet Inc. (GOOGL) Historical Data"
"2005-01-13 00:00:00-05:00","4.852722798463013","4.902646658366458","4.8196891606310075","4.851480960845947","273702024","GOOGL","Alphabet Inc. (GOOGL) Historical Data"
"2005-01-14 00:00:00-05:00","4.868122780006728","4.967720628749143","4.821676912220648","4.966726779937744","385226388","GOOGL","Alphabet Inc. (GOOGL) Historical Data"
"2005-01-18 00:00:00-05:00","4.991564339985599","5.092156034687193","4.934189449730327","5.064338207244873","526377096","GOOGL","Alphabet Inc. (GOOGL) Historical Data"
"2005-01-19 00:00:00-05:00","5.082965541535263","5.099110852417328","4.885758011145523","4.900411128997803","449857692","GOOGL","Alphabet Inc. (GOOGL) Historical Data"
"2005-01-20 00:00:00-05:00","4.78119175835655","4.874331955885332","4.768773380860271","4.816461086273193","359703936","GOOGL","Alphabet Inc. (GOOGL) Historical Data"
"2005-01-21 00:00:00-05:00","4.831860225914957","4.852227028258594","4.672404751374716","4.6763787269592285","369965664","GOOGL","Alphabet Inc. (GOOGL) Historical Data"
"2005-01-24 00:00:00-05:00","4.686561248905151","4.702457149063646","4.478673182484954","4.488607883453369","560347092","GOOGL","Alphabet Inc. (GOOGL) Historical Data"
"2005-01-25 00:00:00-05:00","4.518908987638204","4.526360960013949","4.378578494502725","4.399192810058594","425941632","GOOGL","Alphabet Inc. (GOOGL) Historical Data"
"2005-01-26 00:00:00-05:00","4.452593699574843","4.704444929933788","4.449613099627081","4.700222492218018","491823684","GOOGL","Alphabet Inc. (GOOGL) Historical Data"
"2005-01-27 00:00:00-05:00","4.688299835579484","4.69078303746745","4.5998790125693105","4.67141056060791","264830904","GOOGL","Alphabet Inc. (GOOGL) Historical Data"
"2005-01-28 00:00:00-05:00","4.719594927050308","4.835833579634238","4.628193500360297","4.727542877197266","487839672","GOOGL","Alphabet Inc. (GOOGL) Historical Data"
"2005-01-31 00:00:00-05:00","4.810748368407299","4.87706458685942","4.761819298305323","4.858684062957764","383484132","GOOGL","Alphabet Inc. (GOOGL) Historical Data"
"2005-02-01 00:00:00-05:00","4.827886090310381","4.884515122197388","4.734746839263986","4.766289234161377","752806440","GOOGL","Alphabet Inc. (GOOGL) Historical Data"
"2005-02-02 00:00:00-05:00","5.353692883352887","5.384739298757731","5.0583773506775005","5.11550235748291","1310660028","GOOGL","Alphabet Inc. (GOOGL) Historical Data"
"2005-02-03 00:00:00-05:00","5.1162479576937265","5.299548224333244","5.111777057881576","5.237205982208252","519004476","GOOGL","Alphabet Inc. (GOOGL) Historical Data"
"2005-02-04 00:00:00-05:00","5.1281698149764585","5.159961617849604","5.032049019767687","5.075762748718262","592179228","GOOGL","Alphabet Inc. (GOOGL) Historical Data"
"2005-02-07 00:00:00-05:00","5.098117072654874","5.1264308770681835","4.855952572986513","4.868867874145508","517897584","GOOGL","Alphabet Inc. (GOOGL) Historical Data"
"2005-02-08 00:00:00-05:00","4.891966904508146","4.967969840166956","4.831611882623343","4.933693885803223","458740800","GOOGL","Alphabet Inc. (GOOGL) Historical Data"
"2005-02-09 00:00:00-05:00","4.986348188142576","5.007211438991518","4.705685784091084","4.758340835571289","686173140","GOOGL","Alphabet Inc. (GOOGL) Historical Data"
"2005-02-10 00:00:00-05:00","4.768027632404721","4.773988831759605","4.60112114938748","4.66892671585083","758548692","GOOGL","Alphabet Inc. (GOOGL) Historical Data"
"2005-02-11 00:00:00-05:00","4.6361414166174","4.776720842971748","4.621486880800948","4.654521465301514","524115360","GOOGL","Alphabet Inc. (GOOGL) Historical Data"
"2005-02-14 00:00:00-05:00","4.541511864263857","4.795597830788489","4.495562921030645","4.793362617492676","1540945512","GOOGL","Alphabet Inc. (GOOGL) Historical Data"
"2005-02-15 00:00:00-05:00","4.80851245751586","4.963497478259646","4.7955971574358625","4.848997592926025","1030280688","GOOGL","Alphabet Inc. (GOOGL) Historical Data"
"2005-02-16 00:00:00-05:00","4.835834545026631","4.9508313829361","4.825899368728898","4.927981376647949","660630708","GOOGL","Alphabet Inc. (GOOGL) Historical Data"
"2005-02-17 00:00:00-05:00","4.913575428342206","4.96126265754174","4.888240803990913","4.915313243865967","416159424","GOOGL","Alphabet Inc. (GOOGL) Historical Data"
"2005-02-18 00:00:00-05:00","4.930464554086742","4.938660493172106","4.884514668552834","4.916555404663086","339096564","GOOGL","Alphabet Inc. (GOOGL) Historical Data"
"2005-02-22 00:00:00-05:00","4.880540863610739","4.940150491944555","4.728785365124033","4.7531256675720215","538808652","GOOGL","Alphabet Inc. (GOOGL) Historical Data"
"2005-02-23 00:00:00-05:00","4.801061545785691","4.8303701466080335","4.685816259860663","4.817206382751465","622816560","GOOGL","Alphabet Inc. (GOOGL) Historical Data"
"2005-02-24 00:00:00-05:00","4.554426889134078","4.715372648392482","4.5261116650489255","4.691528797149658","1031539428","GOOGL","Alphabet Inc. (GOOGL) Historical Data"
"2005-02-25 00:00:00-05:00","4.697985701524437","4.71711113641087","4.60757812576005","4.616519451141357","398541060","GOOGL","Alphabet Inc. (GOOGL) Historical Data"
"2005-02-28 00:00:00-05:00","4.619750097814645","4.715870906893278","4.616024110852975","4.669175624847412","312423264","GOOGL","Alphabet Inc. (GOOGL) Historical Data"
"2005-03-01 00:00:00-05:00","4.701464077846409","4.712888606090326","4.520399976281217","4.621239185333252","372075552","GOOGL","Alphabet Inc. (GOOGL) Historical Data"
"2005-03-02 00:00:00-05:00","4.61850641291277","4.661226764174005","4.5790160700416385","4.599381923675537","291128580","GOOGL","Alphabet Inc. (GOOGL) Historical Data"
"2005-03-03 00:00:00-05:00","4.622977420162523","4.663213619665059","4.577772923898351","4.644834518432617","304039656","GOOGL","Alphabet Inc. (GOOGL) Historical Data"
"2005-03-04 00:00:00-05:00","4.6371346221135505","4.650795308722269","4.59664948662272","4.617264747619629","270693036","GOOGL","Alphabet Inc. (GOOGL) Historical Data"
"2005-03-07 00:00:00-05:00","4.663959678909005","4.709163708432352","4.6453311663027606","4.689542293548584","346349304","GOOGL","Alphabet Inc. (GOOGL) Historical Data"
"2005-03-08 00:00:00-05:00","4.696744494009059","4.715372531911188","4.594166527718243","4.599879264831543","321522156","GOOGL","Alphabet Inc. (GOOGL) Historical Data"
"2005-03-09 00:00:00-05:00","4.5752913701793645","4.586219923251162","4.474700598556973","4.504256248474121","453961584","GOOGL","Alphabet Inc. (GOOGL) Historical Data"
"2005-03-10 00:00:00-05:00","4.4958108094646825","4.500530171414195","4.406147191775884","4.47022819519043","437981580","GOOGL","Alphabet Inc. (GOOGL) Historical Data"
"2005-03-11 00:00:00-05:00","4.481653685762963","4.494320051954008","4.399938491770639","4.416082382202148","320810868","GOOGL","Alphabet Inc. (GOOGL) Historical Data"
"2005-03-14 00:00:00-05:00","4.429246667321632","4.430984956199378","4.286184025572976","4.34628963470459","445418136","GOOGL","Alphabet Inc. (GOOGL) Historical Data"
"2005-03-15 00:00:00-05:00","4.353989452289051","4.47072550871163","4.326917011867922","4.436201095581055","416467116","GOOGL","Alphabet Inc. (GOOGL) Historical Data"
"2005-03-16 00:00:00-05:00","4.388761552149284","4.43620079011364","4.346786588983524","4.3614397048950195","283967748","GOOGL","Alphabet Inc. (GOOGL) Historical Data"
"2005-03-17 00:00:00-05:00","4.399442234444695","4.46178305892471","4.366407645750329","4.453090667724609","330093576","GOOGL","Alphabet Inc. (GOOGL) Historical Data"
"2005-03-18 00:00:00-05:00","4.441168824537417","4.48066059182192","4.428749973240619","4.471719264984131","283316400","GOOGL","Alphabet Inc. (GOOGL) Historical Data"
"2005-03-21 00:00:00-05:00","4.452593631214715","4.524622113698818","4.402422723591504","4.492582321166992","299048652","GOOGL","Alphabet Inc. (GOOGL) Historical Data"
"2005-03-22 00:00:00-05:00","4.500033199639381","4.518909702701235","4.417325569102534","4.435952663421631","225042732","GOOGL","Alphabet Inc. (GOOGL) Historical Data"
"2005-03-23 00:00:00-05:00","4.420305487061274","4.4766865313623345","4.420305487061274","4.4453911781311035","193606200","GOOGL","Alphabet Inc. (GOOGL) Historical Data"
"2005-03-24 00:00:00-05:00","4.4881116665070095","4.492085642592049","4.450855581552081","4.4520978927612305","148059792","GOOGL","Alphabet Inc. (GOOGL) Historical Data"
"2005-03-28 00:00:00-05:00","4.512451966955473","4.58994472086465","4.494319906271455","4.505993843078613","349170480","GOOGL","Alphabet Inc. (GOOGL) Historical Data"
"2005-03-29 00:00:00-05:00","4.496804493967542","4.552192163878281","4.42278878369796","4.460045337677002","258661080","GOOGL","Alphabet Inc. (GOOGL) Historical Data"
"2005-03-30 00:00:00-05:00","4.486621961775971","4.506739829607428","4.460789936090953","4.481902599334717","249194556","GOOGL","Alphabet Inc. (GOOGL) Historical Data"
"2005-03-31 00:00:00-05:00","4.419808628891069","4.505248867829534","4.412108666625974","4.483392238616943","270473256","GOOGL","Alphabet Inc. (GOOGL) Historical Data"
"2005-04-01 00:00:00-05:00","4.514439621253305","4.543995266325381","4.4704764806578705","4.471719264984131","247032720","GOOGL","Alphabet Inc. (GOOGL) Historical Data"
"2005-04-04 00:00:00-04:00","4.469483183093825","4.602860540918312","4.466751991748792","4.602115154266357","322732944","GOOGL","Alphabet Inc. (GOOGL) Historical Data"
"2005-04-05 00:00:00-04:00","4.662717149033849","4.725555359774179","4.658743174206985","4.68358039855957","349118532","GOOGL","Alphabet Inc. (GOOGL) Historical Data"
"2005-04-06 00:00:00-04:00","4.700222075429689","4.710405238876655","4.658991550751543","4.699725151062012","209893896","GOOGL","Alphabet Inc. (GOOGL) Historical Data"
"2005-04-07 00:00:00-04:00","4.688796961634363","4.833846829407284","4.685319910577142","4.8124871253967285","387300312","GOOGL","Alphabet Inc. (GOOGL) Historical Data"
"2005-04-08 00:00:00-04:00","4.810747889044943","4.845768278152176","4.755112238045346","4.770014762878418","204459336","GOOGL","Alphabet Inc. (GOOGL) Historical Data"
"2005-04-11 00:00:00-04:00","4.795845561427275","4.838317924589537","4.7767210718192015","4.799323558807373","216203580","GOOGL","Alphabet Inc. (GOOGL) Historical Data"
"2005-04-12 00:00:00-04:00","4.793611437276278","4.828879821281383","4.704445208597043","4.817455291748047","292491216","GOOGL","Alphabet Inc. (GOOGL) Historical Data"
"2005-04-13 00:00:00-04:00","4.805283768255866","4.826395479841595","4.712392047974154","4.791871070861816","261969768","GOOGL","Alphabet Inc. (GOOGL) Historical Data"
"2005-04-14 00:00:00-04:00","4.800317150763713","4.827389592062214","4.721582082560307","4.755112648010254","245861892","GOOGL","Alphabet Inc. (GOOGL) Historical Data"
"2005-04-15 00:00:00-04:00","4.721581861820063","4.727543061293063","4.58646670406025","4.594912052154541","462632904","GOOGL","Alphabet Inc. (GOOGL) Historical Data"
"2005-04-18 00:00:00-04:00","4.584480569255591","4.666444233457834","4.5574081255840815","4.643841743469238","261749988","GOOGL","Alphabet Inc. (GOOGL) Historical Data"
"2005-04-19 00:00:00-04:00","4.702457747741954","4.768773494237281","4.670168545699942","4.753871440887451","336862800","GOOGL","Alphabet Inc. (GOOGL) Historical Data"
"2005-04-20 00:00:00-04:00","4.932202381823769","4.979891029469559","4.865887589393077","4.920280456542969","617441940","GOOGL","Alphabet Inc. (GOOGL) Historical Data"
"2005-04-21 00:00:00-04:00","4.977904564649081","5.091659086637166","4.950583185924518","5.072286605834961","709365924","GOOGL","Alphabet Inc. (GOOGL) Historical Data"
"2005-04-22 00:00:00-04:00","5.5362480679916075","5.563569920738279","5.321653847488022","5.360151767730713","1326875796","GOOGL","Alphabet Inc. (GOOGL) Historical Data"
"2005-04-25 00:00:00-04:00","5.410074801074477","5.581949140060032","5.402622827228436","5.551896095275879","792806400","GOOGL","Alphabet Inc. (GOOGL) Historical Data"
"2005-04-26 00:00:00-04:00","5.469683388649204","5.513894039420071","5.4217472249324254","5.433172225952148","690189120","GOOGL","Alphabet Inc. (GOOGL) Historical Data"
"2005-04-27 00:00:00-04:00","5.414296374881153","5.485331484596827","5.383249956681869","5.4587554931640625","410181408","GOOGL","Alphabet Inc. (GOOGL) Historical Data"
"2005-04-28 00:00:00-04:00","5.45180002674788","5.515881023631528","5.407340915729338","5.450558662414551","346964688","GOOGL","Alphabet Inc. (GOOGL) Historical Data"
"2005-04-29 00:00:00-04:00","5.511657862844336","5.520103210699455","5.410073745105042","5.464219570159912","366441192","GOOGL","Alphabet Inc. (GOOGL) Historical Data"
"2005-05-02 00:00:00-04:00","5.515135980217698","5.556117096650495","5.469435028761467","5.521096706390381","390305304","GOOGL","Alphabet Inc. (GOOGL) Historical Data"
"2005-05-03 00:00:00-04:00","5.510168576276009","5.666642960986352","5.497004813124698","5.617961883544922","710496792","GOOGL","Alphabet Inc. (GOOGL) Historical Data"
"2005-05-04 00:00:00-04:00","5.6437930214545835","5.709612311203833","5.638081230721577","5.6753363609313965","482856660","GOOGL","Alphabet Inc. (GOOGL) Historical Data"
"2005-05-05 00:00:00-04:00","5.678316859445401","5.678316859445401","5.61026330427139","5.6375837326049805","300083616","GOOGL","Alphabet Inc. (GOOGL) Historical Data"
"2005-05-06 00:00:00-04:00","5.672853201911573","5.693964915785385","5.624916563603642","5.663414478302002","270285444","GOOGL","Alphabet Inc. (GOOGL) Historical Data"
"2005-05-09 00:00:00-04:00","5.662918442836908","5.675336346280148","5.599085430964472","5.613739967346191","221250528","GOOGL","Alphabet Inc. (GOOGL) Historical Data"
"2005-05-10 00:00:00-04:00","5.600079539846977","5.657951354980469","5.58145197392486","5.657951354980469","253578168","GOOGL","Alphabet Inc. (GOOGL) Historical Data"
"2005-05-11 00:00:00-04:00","5.687010788921519","5.761770937770491","5.661180184468865","5.744633197784424","458692848","GOOGL","Alphabet Inc. (GOOGL) Historical Data"
"2005-05-12 00:00:00-04:00","5.732710579616514","5.767980377429374","5.667885614095999","5.680800914764404","357570072","GOOGL","Alphabet Inc. (GOOGL) Historical Data"
"2005-05-13 00:00:00-04:00","5.6922262261405665","5.739665467412942","5.646029295828395","5.693716526031494","296323380","GOOGL","Alphabet Inc. (GOOGL) Historical Data"
"2005-05-16 00:00:00-04:00","5.704645713988405","5.752829873961039","5.677076346078159","5.738672733306885","227028744","GOOGL","Alphabet Inc. (GOOGL) Historical Data"
"2005-05-17 00:00:00-04:00","5.726502154565117","5.798281698409883","5.7175603552547525","5.7903337478637695","312043644","GOOGL","Alphabet Inc. (GOOGL) Historical Data"
"2005-05-18 00:00:00-04:00","5.802255755245912","5.960221392885782","5.800020542017558","5.940103054046631","491987520","GOOGL","Alphabet Inc. (GOOGL) Historical Data"
"2005-05-19 00:00:00-04:00","5.969412069711452","5.990026387850872","5.917998375792719","5.9405999183654785","388271340","GOOGL","Alphabet Inc. (GOOGL) Historical Data"
"2005-05-20 00:00:00-04:00","5.991019452861774","6.002445401184462","5.952273547664473","6.000954627990723","326213460","GOOGL","Alphabet Inc. (GOOGL) Historical Data"
"2005-05-23 00:00:00-04:00","6.039452488308165","6.4105229702008515","6.028275948810623","6.3447041511535645","854676468","GOOGL","Alphabet Inc. (GOOGL) Historical Data"
"2005-05-24 00:00:00-04:00","6.3822079581960915","6.592829605966868","6.296271270530386","6.358364105224609","1160562276","GOOGL","Alphabet Inc. (GOOGL) Historical Data"
"2005-05-25 00:00:00-04:00","6.277146329042726","6.4820542779122166","6.224987253677679","6.477831840515137","721593684","GOOGL","Alphabet Inc. (GOOGL) Historical Data"
"2005-05-26 00:00:00-04:00","6.48155751766399","6.551102317152062","6.415489768845807","6.437842845916748","541322136","GOOGL","Alphabet Inc. (GOOGL) Historical Data"
"2005-05-27 00:00:00-04:00","6.469138782410656","6.607979931818781","6.4390862147452586","6.606738567352295","486876636","GOOGL","Alphabet Inc. (GOOGL) Historical Data"
"2005-05-31 00:00:00-04:00","6.691930061597213","6.91472162492104","6.690440234889343","6.886655807495117","888582528","GOOGL","Alphabet Inc. (GOOGL) Historical Data"
"2005-06-01 00:00:00-04:00","7.033941300173674","7.2746155306452405","7.0046336432739515","7.153160572052002","1406260332","GOOGL","Alphabet Inc. (GOOGL) Historical Data"
"2005-06-02 00:00:00-04:00","7.171290570964217","7.197370582973397","7.06871259787634","7.150676727294922","718245036","GOOGL","Alphabet Inc. (GOOGL) Historical Data"
"2005-06-03 00:00:00-04:00","7.123106498131919","7.185448262946023","6.890131790599251","6.96091890335083","750540708","GOOGL","Alphabet Inc. (GOOGL) Historical Data"
"2005-06-06 00:00:00-04:00","7.013822521282515","7.295974780440334","6.999913843729349","7.226181983947754","900134964","GOOGL","Alphabet Inc. (GOOGL) Historical Data"
"2005-06-07 00:00:00-04:00","7.379180735386839","7.44102558476231","7.210286530308918","7.280327320098877","971947080","GOOGL","Alphabet Inc. (GOOGL) Historical Data"
"2005-06-08 00:00:00-04:00","7.2736208519253145","7.2820652530488195","6.904785615317063","6.9435319900512695","1027007964","GOOGL","Alphabet Inc. (GOOGL) Historical Data"
"2005-06-09 00:00:00-04:00","7.071693782636232","7.165579372675856","6.96837041441045","7.111185550689697","656986356","GOOGL","Alphabet Inc. (GOOGL) Historical Data"
"2005-06-10 00:00:00-04:00","7.128074130106852","7.13527669414908","6.954957978502783","7.016554832458496","507356136","GOOGL","Alphabet Inc. (GOOGL) Historical Data"
"2005-06-13 00:00:00-04:00","6.949989866915032","7.05852902614493","6.868026220987897","7.022763252258301","511615872","GOOGL","Alphabet Inc. (GOOGL) Historical Data"
"2005-06-14 00:00:00-04:00","6.919441004884906","6.985259353075767","6.898577751784788","6.913479804992676","403272324","GOOGL","Alphabet Inc. (GOOGL) Historical Data"
"2005-06-15 00:00:00-04:00","6.8302747166784865","6.887399726694295","6.642255085311681","6.8253068923950195","834488676","GOOGL","Alphabet Inc. (GOOGL) Historical Data"
"2005-06-16 00:00:00-04:00","6.811894192185236","6.912237427739448","6.782338548258359","6.890877723693848","497997504","GOOGL","Alphabet Inc. (GOOGL) Historical Data"
"2005-06-17 00:00:00-04:00","6.9296239047477695","6.961912631988525","6.852627599805661","6.961912631988525","416958624","GOOGL","Alphabet Inc. (GOOGL) Historical Data"
"2005-06-20 00:00:00-04:00","6.857346404001789","7.144962906158702","6.749055229411891","7.120871067047119","840147012","GOOGL","Alphabet Inc. (GOOGL) Historical Data"
"2005-06-21 00:00:00-04:00","7.154898394756047","7.210285585472974","7.077902092693303","7.149185657501221","604686708","GOOGL","Alphabet Inc. (GOOGL) Historical Data"
"2005-06-22 00:00:00-04:00","7.194638912448829","7.260457262670333","7.169801683074721","7.185449123382568","418541040","GOOGL","Alphabet Inc. (GOOGL) Historical Data"
"2005-06-23 00:00:00-04:00","7.153160088581115","7.322302744493597","7.115904482740885","7.195631980895996","561693744","GOOGL","Alphabet Inc. (GOOGL) Historical Data"
"2005-06-24 00:00:00-04:00","7.2251878451601765","7.401532574401966","7.192402669219731","7.38290548324585","710137152","GOOGL","Alphabet Inc. (GOOGL) Historical Data"
"2005-06-27 00:00:00-04:00","7.423887021074609","7.562230769566593","7.298707036144148","7.553040981292725","711403884","GOOGL","Alphabet Inc. (GOOGL) Historical Data"
"2005-06-28 00:00:00-04:00","7.607187540121945","7.6809538377470075","7.50088357925415","7.50088357925415","760698540","GOOGL","Alphabet Inc. (GOOGL) Historical Data"
"2005-06-29 00:00:00-04:00","7.513301362330982","7.559995691108519","7.256234801750116","7.270391941070557","731216052","GOOGL","Alphabet Inc. (GOOGL) Historical Data"
"2005-06-30 00:00:00-04:00","7.310628995521691","7.4246324416877485","7.228665340734411","7.305909633636475","603172224","GOOGL","Alphabet Inc. (GOOGL) Historical Data"
"2005-07-01 00:00:00-04:00","7.328014094658318","7.357819145450718","7.183461633338808","7.23388147354126","368734896","GOOGL","Alphabet Inc. (GOOGL) Historical Data"
"2005-07-05 00:00:00-04:00","7.254993788391107","7.3513625771827495","7.208547446300909","7.344655990600586","299460240","GOOGL","Alphabet Inc. (GOOGL) Historical Data"
"2005-07-06 00:00:00-04:00","7.384147265610439","7.391597818537869","7.237110180018745","7.240586757659912","319691988","GOOGL","Alphabet Inc. (GOOGL) Historical Data"
"2005-07-07 00:00:00-04:00","7.187683773354131","7.346890775038761","7.165827145731387","7.340433597564697","426457116","GOOGL","Alphabet Inc. (GOOGL) Historical Data"
"2005-07-08 00:00:00-04:00","7.3580680494040775","7.389114464480183","7.303426245287418","7.357571125030518","298005696","GOOGL","Alphabet Inc. (GOOGL) Historical Data"
"2005-07-11 00:00:00-04:00","7.361793349747645","7.366760700613843","7.228168961183498","7.28603982925415","335276388","GOOGL","Alphabet Inc. (GOOGL) Historical Data"
"2005-07-12 00:00:00-04:00","7.287033259655415","7.312118476370902","7.22593380236611","7.247045516967773","234361404","GOOGL","Alphabet Inc. (GOOGL) Historical Data"
"2005-07-13 00:00:00-04:00","7.26517634638596","7.432331778663527","7.254993655379236","7.42289400100708","457058484","GOOGL","Alphabet Inc. (GOOGL) Historical Data"
"2005-07-14 00:00:00-04:00","7.583839734679273","7.618860127200363","7.452947006741859","7.473313808441162","426281292","GOOGL","Alphabet Inc. (GOOGL) Historical Data"
"2005-07-15 00:00:00-04:00","7.482007176893756","7.535656082439857","7.445743999948057","7.480764865875244","337198464","GOOGL","Alphabet Inc. (GOOGL) Historical Data"
"2005-07-18 00:00:00-04:00","7.4512085713211595","7.498399351493311","7.395323980533022","7.439783096313477","248063688","GOOGL","Alphabet Inc. (GOOGL) Historical Data"
"2005-07-19 00:00:00-04:00","7.503366368811679","7.7082752638945955","7.495915816038543","7.6970977783203125","504351144","GOOGL","Alphabet Inc. (GOOGL) Historical Data"
"2005-07-20 00:00:00-04:00","7.589552211400632","7.764407125576691","7.495916039027177","7.749256610870361","571843584","GOOGL","Alphabet Inc. (GOOGL) Historical Data"
"2005-07-21 00:00:00-04:00","7.800172666399423","7.893312858076369","7.729634488259265","7.797440528869629","790784424","GOOGL","Alphabet Inc. (GOOGL) Historical Data"
"2005-07-22 00:00:00-04:00","7.609421999939074","7.680953554910455","7.360055406304276","7.510818004608154","934536528","GOOGL","Alphabet Inc. (GOOGL) Historical Data"
"2005-07-25 00:00:00-04:00","7.510568667143514","7.532922690979197","7.326027052239188","7.348133087158203","385965648","GOOGL","Alphabet Inc. (GOOGL) Historical Data"
"2005-07-26 00:00:00-04:00","7.327271001150717","7.40153375501066","7.254745589767498","7.354094982147217","392283324","GOOGL","Alphabet Inc. (GOOGL) Historical Data"
"2005-07-27 00:00:00-04:00","7.395075425793368","7.407245339940631","7.26244347519315","7.37495756149292","288427284","GOOGL","Alphabet Inc. (GOOGL) Historical Data"
"2005-07-28 00:00:00-04:00","7.3868804850225755","7.3868804850225755","7.284301085920547","7.28976583480835","236786976","GOOGL","Alphabet Inc. (GOOGL) Historical Data"
"2005-07-29 00:00:00-04:00","7.255987268591074","7.27337299777285","7.128074662495649","7.1471991539001465","334197468","GOOGL","Alphabet Inc. (GOOGL) Historical Data"
"2005-08-01 00:00:00-04:00","7.1561401052151945","7.264928214197931","7.155644127339909","7.242823123931885","226269504","GOOGL","Alphabet Inc. (GOOGL) Historical Data"
"2005-08-02 00:00:00-04:00","7.242574270046817","7.439285817911408","7.230652343713771","7.431089878082275","291316392","GOOGL","Alphabet Inc. (GOOGL) Historical Data"
"2005-08-03 00:00:00-04:00","7.401532894747863","7.444254193343821","7.341923266248319","7.3841471672058105","236986776","GOOGL","Alphabet Inc. (GOOGL) Historical Data"
"2005-08-04 00:00:00-04:00","7.340682015302968","7.426370715225947","7.3332314618793095","7.3948283195495605","209250540","GOOGL","Alphabet Inc. (GOOGL) Historical Data"
"2005-08-05 00:00:00-04:00","7.389114936637276","7.414200627140153","7.235371731508159","7.261202335357666","237350412","GOOGL","Alphabet Inc. (GOOGL) Historical Data"
"2005-08-08 00:00:00-04:00","7.292248317664224","7.3431660287649825","7.215004972923494","7.23388147354126","179092728","GOOGL","Alphabet Inc. (GOOGL) Historical Data"
"2005-08-09 00:00:00-04:00","7.25151563870484","7.269398764939206","7.165827413842637","7.241829872131348","230940828","GOOGL","Alphabet Inc. (GOOGL) Historical Data"
"2005-08-10 00:00:00-04:00","7.2351237240249775","7.260706338867605","7.075667308427423","7.095537185668945","274884840","GOOGL","Alphabet Inc. (GOOGL) Historical Data"
"2005-08-11 00:00:00-04:00","7.10075323623995","7.117891449616187","6.969860977533611","7.055052280426025","300295404","GOOGL","Alphabet Inc. (GOOGL) Historical Data"
"2005-08-12 00:00:00-04:00","7.037915233709687","7.20780234017178","6.995194876560724","7.19588041305542","263172564","GOOGL","Alphabet Inc. (GOOGL) Historical Data"
"2005-08-15 00:00:00-04:00","7.197866599868539","7.271634311894951","7.048096909220409","7.053810119628906","326661012","GOOGL","Alphabet Inc. (GOOGL) Historical Data"
"2005-08-16 00:00:00-04:00","7.075667398312265","7.147944343905965","7.0374184165554485","7.094791889190674","284083632","GOOGL","Alphabet Inc. (GOOGL) Historical Data"
"2005-08-17 00:00:00-04:00","7.091314621613459","7.117641674313163","7.053810083597433","7.081131458282471","155176668","GOOGL","Alphabet Inc. (GOOGL) Historical Data"
"2005-08-18 00:00:00-04:00","6.852877000566255","6.966880455911964","6.830274984615339","6.9542131423950195","474437088","GOOGL","Alphabet Inc. (GOOGL) Historical Data"
"2005-08-19 00:00:00-04:00","6.979050336319571","6.990474864676852","6.945022373874799","6.954461097717285","221494284","GOOGL","Alphabet Inc. (GOOGL) Historical Data"
"2005-08-22 00:00:00-04:00","6.985259330802132","6.990972541731756","6.789293167043443","6.805685520172119","272247480","GOOGL","Alphabet Inc. (GOOGL) Historical Data"
"2005-08-23 00:00:00-04:00","6.8590860184278455","6.948004253256663","6.808417712147147","6.944029331207275","232635132","GOOGL","Alphabet Inc. (GOOGL) Historical Data"
"2005-08-24 00:00:00-04:00","6.8941062892099785","7.0724387335942165","6.8662884610167465","7.0182929039001465","343380276","GOOGL","Alphabet Inc. (GOOGL) Historical Data"
"2005-08-25 00:00:00-04:00","7.017796873023745","7.053811116488588","6.953716337482382","7.0187907218933105","174888936","GOOGL","Alphabet Inc. (GOOGL) Historical Data"
"2005-08-26 00:00:00-04:00","7.0408951615196305","7.079145563968467","7.020529305654582","7.043379783630371","150061788","GOOGL","Alphabet Inc. (GOOGL) Historical Data"
"2005-08-29 00:00:00-04:00","7.01009702386645","7.180977969940213","7.01009702386645","7.164336681365967","235883880","GOOGL","Alphabet Inc. (GOOGL) Historical Data"
"2005-08-30 00:00:00-04:00","7.138009438966062","7.190664494513487","7.1005044251064335","7.135028839111328","191488320","GOOGL","Alphabet Inc. (GOOGL) Historical Data"
"2005-08-31 00:00:00-04:00","7.158871813419858","7.165577925639867","7.0627510293534925","7.103484153747559","201158640","GOOGL","Alphabet Inc. (GOOGL) Historical Data"
"2005-09-01 00:00:00-04:00","7.101249602401086","7.140741366159018","7.07864758848129","7.109694004058838","109574316","GOOGL","Alphabet Inc. (GOOGL) Historical Data"
"2005-09-02 00:00:00-04:00","7.116152524336995","7.202586609561734","7.114413762165912","7.164336681365967","137242620","GOOGL","Alphabet Inc. (GOOGL) Historical Data"
"2005-09-06 00:00:00-04:00","7.17799719636645","7.187683909283378","7.123354916384246","7.131054878234863","168323508","GOOGL","Alphabet Inc. (GOOGL) Historical Data"
"2005-09-07 00:00:00-04:00","7.100752910836545","7.339440370239112","7.085602395837211","7.323792457580566","299680020","GOOGL","Alphabet Inc. (GOOGL) Historical Data"
"2005-09-08 00:00:00-04:00","7.322798915061694","7.433324837117584","7.286287750706109","7.336707592010498","264267468","GOOGL","Alphabet Inc. (GOOGL) Historical Data"
"2005-09-09 00:00:00-04:00","7.38364999700702","7.428854499097258","7.365767344536971","7.4286065101623535","175444380","GOOGL","Alphabet Inc. (GOOGL) Historical Data"
"2005-09-12 00:00:00-04:00","7.494672581264697","7.734849841109078","7.476045490559753","7.6931233406066895","415044540","GOOGL","Alphabet Inc. (GOOGL) Historical Data"
"2005-09-13 00:00:00-04:00","7.6747449566441475","7.836932568866737","7.604455233962274","7.74130916595459","411584004","GOOGL","Alphabet Inc. (GOOGL) Historical Data"
"2005-09-14 00:00:00-04:00","7.66803832093255","7.7810483917359585","7.458659467150434","7.525720596313477","450580968","GOOGL","Alphabet Inc. (GOOGL) Historical Data"
"2005-09-15 00:00:00-04:00","7.4392857753908315","7.61886005596545","7.399298032235466","7.516282081604004","618029352","GOOGL","Alphabet Inc. (GOOGL) Historical Data"
"2005-09-16 00:00:00-04:00","7.551054290996686","7.562976216955513","7.447978921619507","7.456176280975342","302888808","GOOGL","Alphabet Inc. (GOOGL) Historical Data"
"2005-09-19 00:00:00-04:00","7.47604609626033","7.600232705664289","7.468842585739467","7.545341491699219","230245524","GOOGL","Alphabet Inc. (GOOGL) Historical Data"
"2005-09-20 00:00:00-04:00","7.603957967370542","7.731870574824334","7.581107962327294","7.647671699523926","373665960","GOOGL","Alphabet Inc. (GOOGL) Historical Data"
"2005-09-21 00:00:00-04:00","7.660090692206927","7.792970645149762","7.5992396955388335","7.746772766113281","404383212","GOOGL","Alphabet Inc. (GOOGL) Historical Data"
"2005-09-22 00:00:00-04:00","7.736837311436639","7.928581976277289","7.703804144307897","7.733608722686768","519735744","GOOGL","Alphabet Inc. (GOOGL) Historical Data"
"2005-09-23 00:00:00-04:00","7.774093537228793","7.878658729265104","7.763910847015558","7.832709789276123","339012648","GOOGL","Alphabet Inc. (GOOGL) Historical Data"
"2005-09-26 00:00:00-04:00","7.935536691508952","7.9715518810215835","7.763166385412875","7.805886268615723","395380224","GOOGL","Alphabet Inc. (GOOGL) Historical Data"
"2005-09-27 00:00:00-04:00","7.8225266910109355","7.908463372322216","7.783531379034079","7.797440528869629","274649076","GOOGL","Alphabet Inc. (GOOGL) Historical Data"
"2005-09-28 00:00:00-04:00","7.804394691364207","7.82625179177294","7.590297426454172","7.6002326011657715","319576104","GOOGL","Alphabet Inc. (GOOGL) Historical Data"
"2005-09-29 00:00:00-04:00","7.617121729001057","7.717464483345878","7.602219203855016","7.69014310836792","224327448","GOOGL","Alphabet Inc. (GOOGL) Historical Data"
"2005-09-30 00:00:00-04:00","7.804395469131883","7.885862206145061","7.756459772638986","7.8600311279296875","365685948","GOOGL","Alphabet Inc. (GOOGL) Historical Data"
"2005-10-03 00:00:00-04:00","7.789742213884926","7.950688460634535","7.76887896051818","7.915170669555664","366045588","GOOGL","Alphabet Inc. (GOOGL) Historical Data"
"2005-10-04 00:00:00-04:00","7.946713265154126","7.97974690430147","7.717960993194441","7.724419116973877","365406228","GOOGL","Alphabet Inc. (GOOGL) Historical Data"
"2005-10-05 00:00:00-04:00","7.7663944999953545","7.821284768984562","7.64990737569096","7.717216968536377","332802864","GOOGL","Alphabet Inc. (GOOGL) Historical Data"
"2005-10-06 00:00:00-04:00","7.802407723219358","7.81085307108741","7.701816507528323","7.767884731292725","319432248","GOOGL","Alphabet Inc. (GOOGL) Historical Data"
"2005-10-07 00:00:00-04:00","7.818552775650006","7.8652471029391515","7.712993733187785","7.773845672607422","270541188","GOOGL","Alphabet Inc. (GOOGL) Historical Data"
"2005-10-10 00:00:00-04:00","7.781793651315029","7.819297244072933","7.678469348390218","7.715725898742676","222665112","GOOGL","Alphabet Inc. (GOOGL) Historical Data"
"2005-10-11 00:00:00-04:00","7.714732664600957","7.765400494972875","7.5719175420477125","7.602715969085693","341362296","GOOGL","Alphabet Inc. (GOOGL) Historical Data"
"2005-10-12 00:00:00-04:00","7.580362425998225","7.62978794237288","7.426369826979848","7.475300312042236","371875752","GOOGL","Alphabet Inc. (GOOGL) Historical Data"
"2005-10-13 00:00:00-04:00","7.500883264874509","7.500883264874509","7.219723450677149","7.3876237869262695","422285292","GOOGL","Alphabet Inc. (GOOGL) Historical Data"
"2005-10-14 00:00:00-04:00","7.448723890577054","7.4569203029507","7.265921036124174","7.355335712432861","340423236","GOOGL","Alphabet Inc. (GOOGL) Historical Data"
"2005-10-17 00:00:00-04:00","7.389114255767789","7.580362457819348","7.31609193102769","7.575395107269287","302365332","GOOGL","Alphabet Inc. (GOOGL) Historical Data"
"2005-10-18 00:00:00-04:00","7.574401291448521","7.648913443068235","7.519262091014962","7.532674789428711","282828888","GOOGL","Alphabet Inc. (GOOGL) Historical Data"
"2005-10-19 00:00:00-04:00","7.550557489417965","7.696353205029298","7.5495641139495","7.667292594909668","280147572","GOOGL","Alphabet Inc. (GOOGL) Historical Data"
"2005-10-20 00:00:00-04:00","7.6993335310554905","7.7276478088393015","7.4812613440712825","7.5306878089904785","555911532","GOOGL","Alphabet Inc. (GOOGL) Historical Data"
"2005-10-21 00:00:00-04:00","8.58875941093774","8.60440637619724","8.270840450298582","8.442218780517578","914780304","GOOGL","Alphabet Inc. (GOOGL) Historical Data"
"2005-10-24 00:00:00-04:00","8.52840423961741","8.675689780617903","8.49909516755073","8.659544944763184","376890732","GOOGL","Alphabet Inc. (GOOGL) Historical Data"
"2005-10-25 00:00:00-04:00","8.588262896204665","8.628499574258461","8.515737490829082","8.616328239440918","274856868","GOOGL","Alphabet Inc. (GOOGL) Historical Data"
"2005-10-26 00:00:00-04:00","8.600680843511956","8.842099953244235","8.59844515711317","8.828190803527832","355943700","GOOGL","Alphabet Inc. (GOOGL) Historical Data"
"2005-10-27 00:00:00-04:00","8.857004548802182","8.869173992160507","8.73480467205542","8.769079208374023","205170624","GOOGL","Alphabet Inc. (GOOGL) Historical Data"
"2005-10-28 00:00:00-04:00","8.823970460867725","8.91537142834867","8.817760325232221","8.895998001098633","235903860","GOOGL","Alphabet Inc. (GOOGL) Historical Data"
"2005-10-31 00:00:00-05:00","8.94741029178941","9.307800677013903","8.929279650771175","9.242975234985352","573142284","GOOGL","Alphabet Inc. (GOOGL) Historical Data"
"2005-11-01 00:00:00-05:00","9.236021779201232","9.535063320940777","9.165234186161875","9.422798156738281","653589756","GOOGL","Alphabet Inc. (GOOGL) Historical Data"
"2005-11-02 00:00:00-05:00","9.48042060367286","9.562384737063446","9.367908396593863","9.43025016784668","422193384","GOOGL","Alphabet Inc. (GOOGL) Historical Data"
"2005-11-03 00:00:00-05:00","9.498056023119826","9.601627374665908","9.472472461519988","9.585979461669922","297638064","GOOGL","Alphabet Inc. (GOOGL) Historical Data"
"2005-11-04 00:00:00-05:00","9.686073833984482","9.731029873474963","9.573560687314583","9.697251319885254","352643004","GOOGL","Alphabet Inc. (GOOGL) Historical Data"
"2005-11-07 00:00:00-05:00","9.813239318259111","9.872104497647111","9.739969959811011","9.811501502990723","383276340","GOOGL","Alphabet Inc. (GOOGL) Historical Data"
"2005-11-08 00:00:00-05:00","9.792129534475173","9.825412112503374","9.651302099690097","9.684087753295898","315584100","GOOGL","Alphabet Inc. (GOOGL) Historical Data"
"2005-11-09 00:00:00-05:00","9.603862020267307","9.644098699127534","9.389267346202107","9.417085647583008","418257324","GOOGL","Alphabet Inc. (GOOGL) Historical Data"
"2005-11-10 00:00:00-05:00","9.397461912953785","9.720100210038556","9.374363923521662","9.713890075683594","364782852","GOOGL","Alphabet Inc. (GOOGL) Historical Data"
"2005-11-11 00:00:00-05:00","9.813738056187905","9.857948236229577","9.658007630734529","9.696505546569824","282273444","GOOGL","Alphabet Inc. (GOOGL) Historical Data"
"2005-11-14 00:00:00-05:00","9.739225754910558","9.890732794033164","9.724571691426542","9.859686851501465","312003684","GOOGL","Alphabet Inc. (GOOGL) Historical Data"
"2005-11-15 00:00:00-05:00","9.795357797089858","9.860432177711012","9.710166969997506","9.756115913391113","344651004","GOOGL","Alphabet Inc. (GOOGL) Historical Data"
"2005-11-16 00:00:00-05:00","9.840562552780222","9.906380898748784","9.788652410727016","9.888995170593262","347460192","GOOGL","Alphabet Inc. (GOOGL) Historical Data"
"2005-11-17 00:00:00-05:00","9.979650202867443","10.02957358878837","9.923269640040091","10.020631790161133","368119512","GOOGL","Alphabet Inc. (GOOGL) Historical Data"
"2005-11-18 00:00:00-05:00","10.021627012754527","10.046713650132178","9.931218951489669","9.940160751342773","280742976","GOOGL","Alphabet Inc. (GOOGL) Historical Data"
"2005-11-21 00:00:00-05:00","9.914327827185184","10.18282030930219","9.773252425863854","10.167420387268066","412990596","GOOGL","Alphabet Inc. (GOOGL) Historical Data"
"2005-11-22 00:00:00-05:00","10.14978677915473","10.364879320392886","10.089681643899107","10.344015121459961","383456160","GOOGL","Alphabet Inc. (GOOGL) Historical Data"
"2005-11-23 00:00:00-05:00","10.358172662532738","10.54892443451536","10.326878729226417","10.502726554870605","402996600","GOOGL","Alphabet Inc. (GOOGL) Historical Data"
"2005-11-25 00:00:00-05:00","10.575252386555297","10.649018689135845","10.563329986225472","10.645790100097656","193410396","GOOGL","Alphabet Inc. (GOOGL) Historical Data"
"2005-11-28 00:00:00-05:00","10.675593767882942","10.710863093334805","10.492294932061446","10.518125534057617","439895664","GOOGL","Alphabet Inc. (GOOGL) Historical Data"
"2005-11-29 00:00:00-05:00","10.5424655447785","10.59065111858215","9.988096708425472","10.022869110107422","858972168","GOOGL","Alphabet Inc. (GOOGL) Historical Data"
"2005-11-30 00:00:00-05:00","10.04075136678263","10.144818685758521","9.824665939092178","10.05689525604248","623240136","GOOGL","Alphabet Inc. (GOOGL) Historical Data"
"2005-12-01 00:00:00-05:00","10.163448570968454","10.318433146994625","10.140846555035187","10.284903526306152","389406204","GOOGL","Alphabet Inc. (GOOGL) Historical Data"
"2005-12-02 00:00:00-05:00","10.355689576751525","10.420018096382154","10.279190668741768","10.374566078186035","301438260","GOOGL","Alphabet Inc. (GOOGL) Historical Data"
"2005-12-05 00:00:00-05:00","10.357179554510827","10.36959887853105","10.041248269487221","10.080243110656738","411164424","GOOGL","Alphabet Inc. (GOOGL) Historical Data"
"2005-12-06 00:00:00-05:00","10.151029967905094","10.342526653452431","9.977168893209683","10.047706604003906","604406988","GOOGL","Alphabet Inc. (GOOGL) Historical Data"
"2005-12-07 00:00:00-05:00","10.08794236669975","10.101355539848761","9.910355778158538","10.039758682250977","466169364","GOOGL","Alphabet Inc. (GOOGL) Historical Data"
"2005-12-08 00:00:00-05:00","10.066583412163599","10.199463844299316","10.000515179526158","10.199463844299316","356043600","GOOGL","Alphabet Inc. (GOOGL) Historical Data"
"2005-12-09 00:00:00-05:00","10.307504355126028","10.326878728145811","10.147552431620237","10.163448333740234","305430264","GOOGL","Alphabet Inc. (GOOGL) Historical Data"
"2005-12-12 00:00:00-05:00","10.298315531781249","10.312721607207708","10.182076865630023","10.248144149780273","277725996","GOOGL","Alphabet Inc. (GOOGL) Historical Data"
"2005-12-13 00:00:00-05:00","10.245409917335682","10.382014890708433","10.224049743045354","10.369348526000977","326225448","GOOGL","Alphabet Inc. (GOOGL) Historical Data"
"2005-12-14 00:00:00-05:00","10.358170344164446","10.424983473128608","10.319673381773809","10.405858039855957","264950784","GOOGL","Alphabet Inc. (GOOGL) Historical Data"
"2005-12-15 00:00:00-05:00","10.409586824463169","10.50968159930385","10.344761378228762","10.495026588439941","241590168","GOOGL","Alphabet Inc. (GOOGL) Historical Data"
"2005-12-16 00:00:00-05:00","10.564322964268298","10.742158480029032","10.49999349862658","10.683791160583496","652566780","GOOGL","Alphabet Inc. (GOOGL) Historical Data"
"2005-12-19 00:00:00-05:00","10.734707324237688","11.082678389774095","10.434423015946425","10.545943260192871","876594528","GOOGL","Alphabet Inc. (GOOGL) Historical Data"
"2005-12-20 00:00:00-05:00","10.626912073326594","10.734706799180207","10.547680559854632","10.673606872558594","402984612","GOOGL","Alphabet Inc. (GOOGL) Historical Data"
"2005-12-21 00:00:00-05:00","10.76823733405732","10.850448500447268","10.44932547659479","10.588911056518555","448427124","GOOGL","Alphabet Inc. (GOOGL) Historical Data"
"2005-12-22 00:00:00-05:00","10.724025858907105","10.751098297242416","10.578976008802393","10.730732917785645","301562136","GOOGL","Alphabet Inc. (GOOGL) Historical Data"
"2005-12-23 00:00:00-05:00","10.733467034564361","10.742159899765596","10.649765078705205","10.703165054321289","183620196","GOOGL","Alphabet Inc. (GOOGL) Historical Data"
"2005-12-27 00:00:00-05:00","10.726263296932311","10.726263296932311","10.50024408382131","10.546937942504883","267843888","GOOGL","Alphabet Inc. (GOOGL) Historical Data"
"2005-12-28 00:00:00-05:00","10.539485393892136","10.624926101862423","10.462986485542928","10.597853660583496","284431284","GOOGL","Alphabet Inc. (GOOGL) Historical Data"
"2005-12-29 00:00:00-05:00","10.62989448071952","10.648522995100802","10.41107829627003","10.435418128967285","277554168","GOOGL","Alphabet Inc. (GOOGL) Historical Data"
"2005-12-30 00:00:00-05:00","10.363884692038337","10.387232564667576","10.276209251418328","10.30402660369873","303180516","GOOGL","Alphabet Inc. (GOOGL) Historical Data"
"2006-01-03 00:00:00-05:00","10.494280921751828","10.82089177556765","10.387480050926971","10.80996322631836","524323152","GOOGL","Alphabet Inc. (GOOGL) Historical Data"
"2006-01-04 00:00:00-05:00","11.025304492743683","11.15098092476133","10.92222912750505","11.058586120605469","610844544","GOOGL","Alphabet Inc. (GOOGL) Historical Data"
"2006-01-05 00:00:00-05:00","11.07746326446492","11.215310092154787","10.965695029122436","11.207610130310059","431899668","GOOGL","Alphabet Inc. (GOOGL) Historical Data"
"2006-01-06 00:00:00-05:00","11.347444257690231","11.685977540642662","11.257285137852765","11.565765380859375","709565724","GOOGL","Alphabet Inc. (GOOGL) Historical Data"
"2006-01-09 00:00:00-05:00","11.584393903957054","11.75800699169295","11.448533820863096","11.596564292907715","511164324","GOOGL","Alphabet Inc. (GOOGL) Historical Data"
"2006-01-10 00:00:00-05:00","11.534966296783","11.679768165592593","11.4758540665947","11.667598724365234","363520116","GOOGL","Alphabet Inc. (GOOGL) Historical Data"
"2006-01-11 00:00:00-05:00","11.70510372476381","11.800479136895552","11.653193580986855","11.714045524597168","359935704","GOOGL","Alphabet Inc. (GOOGL) Historical Data"
"2006-01-12 00:00:00-05:00","11.76595448748482","11.79749830195616","11.462442528402423","11.515345573425293","404606988","GOOGL","Alphabet Inc. (GOOGL) Historical Data"
"2006-01-13 00:00:00-05:00","11.532234915790118","11.596316396527012","11.465174728074423","11.58042049407959","305957736","GOOGL","Alphabet Inc. (GOOGL) Historical Data"
"2006-01-17 00:00:00-05:00","11.501188235664447","11.671075800527795","11.488024945131734","11.601778984069824","330481188","GOOGL","Alphabet Inc. (GOOGL) Historical Data"
"2006-01-18 00:00:00-05:00","11.10975236787832","11.359615428301682","11.00916066870985","11.05039119720459","818608572","GOOGL","Alphabet Inc. (GOOGL) Historical Data"
"2006-01-19 00:00:00-05:00","11.205871944454781","11.263495295611127","10.754577526929259","10.840265274047852","580910508","GOOGL","Alphabet Inc. (GOOGL) Historical Data"
"2006-01-20 00:00:00-05:00","10.896149945215063","10.9291835852306","9.804299169573767","9.921531677246094","1643023332","GOOGL","Alphabet Inc. (GOOGL) Historical Data"
"2006-01-23 00:00:00-05:00","10.118244394558726","10.640076509411873","10.077261858424372","10.617971420288086","908746344","GOOGL","Alphabet Inc. (GOOGL) Historical Data"
"2006-01-24 00:00:00-05:00","10.829834427989928","11.051383190357457","10.791336513676127","11.003695487976074","617965416","GOOGL","Alphabet Inc. (GOOGL) Historical Data"
"2006-01-25 00:00:00-05:00","11.208107745324877","11.281874040679002","10.660692056148324","10.75457763671875","748842408","GOOGL","Alphabet Inc. (GOOGL) Historical Data"
"2006-01-26 00:00:00-05:00","10.917014101615308","10.928191588356333","10.520113464162533","10.786121368408203","516526956","GOOGL","Alphabet Inc. (GOOGL) Historical Data"
"2006-01-27 00:00:00-05:00","10.804252489102106","10.884227975912921","10.654731248824481","10.76674747467041","337749912","GOOGL","Alphabet Inc. (GOOGL) Historical Data"
"2006-01-30 00:00:00-05:00","10.660940898304931","10.761532599823882","10.555879716526535","10.601082801818848","343212444","GOOGL","Alphabet Inc. (GOOGL) Historical Data"
"2006-01-31 00:00:00-05:00","10.694223651072825","10.918505051581432","10.530297272460675","10.746132850646973","881757360","GOOGL","Alphabet Inc. (GOOGL) Historical Data"
"2006-02-01 00:00:00-05:00","9.662478392242988","9.98461886940457","9.624974323892207","9.979155540466309","1083815100","GOOGL","Alphabet Inc. (GOOGL) Historical Data"
"2006-02-02 00:00:00-05:00","10.02982334189181","10.096387546372096","9.83509713272977","9.836587905883789","471835692","GOOGL","Alphabet Inc. (GOOGL) Historical Data"
"2006-02-03 00:00:00-05:00","9.776482462624815","9.783436564895622","9.2536564518974","9.47669506072998","730540728","GOOGL","Alphabet Inc. (GOOGL) Historical Data"
"2006-02-06 00:00:00-05:00","9.570083313176815","9.684087234798259","9.427268188348636","9.564867973327637","357258384","GOOGL","Alphabet Inc. (GOOGL) Historical Data"
"2006-02-07 00:00:00-05:00","9.51246022451746","9.53009488690604","9.024654663004213","9.138160705566406","664542792","GOOGL","Alphabet Inc. (GOOGL) Historical Data"
"2006-02-08 00:00:00-05:00","9.152072012506009","9.206963710052284","8.809068235637909","9.166974067687988","831331836","GOOGL","Alphabet Inc. (GOOGL) Historical Data"
"2006-02-09 00:00:00-05:00","9.219629330167274","9.299107897877562","8.844833775441003","8.910900115966797","476019504","GOOGL","Alphabet Inc. (GOOGL) Historical Data"
"2006-02-10 00:00:00-05:00","8.989883296889134","9.053218916814595","8.771065232657616","9.006275177001953","608331060","GOOGL","Alphabet Inc. (GOOGL) Historical Data"
"2006-02-13 00:00:00-05:00","8.609623931034228","8.707979949460848","8.49164649601889","8.586276054382324","787923288","GOOGL","Alphabet Inc. (GOOGL) Historical Data"
"2006-02-14 00:00:00-05:00","8.577084981101434","8.735050121619626","8.504311598461726","8.527161598205566","585573840","GOOGL","Alphabet Inc. (GOOGL) Historical Data"
"2006-02-15 00:00:00-05:00","8.476245333178476","8.593726773118494","8.390804630139412","8.503814697265625","517362120","GOOGL","Alphabet Inc. (GOOGL) Historical Data"
"2006-02-16 00:00:00-05:00","8.585530342122745","9.115311380292047","8.556222214446821","9.101900100708008","851767380","GOOGL","Alphabet Inc. (GOOGL) Historical Data"
"2006-02-17 00:00:00-05:00","9.186347550783399","9.24297611219215","9.031362027246068","9.158777236938477","572235192","GOOGL","Alphabet Inc. (GOOGL) Historical Data"
"2006-02-21 00:00:00-05:00","9.101399922148797","9.277745567889333","9.068366289654689","9.10512638092041","347092560","GOOGL","Alphabet Inc. (GOOGL) Historical Data"
"2006-02-22 00:00:00-05:00","9.119036042369968","9.163743143045387","9.037321802147884","9.077805519104004","258788952","GOOGL","Alphabet Inc. (GOOGL) Historical Data"
"2006-02-23 00:00:00-05:00","9.08078660596359","9.468995287799343","9.075323277380914","9.390260696411133","501561936","GOOGL","Alphabet Inc. (GOOGL) Historical Data"
"2006-02-24 00:00:00-05:00","9.37113539728863","9.439934334755142","9.276504913136394","9.373618125915527","259112628","GOOGL","Alphabet Inc. (GOOGL) Historical Data"
"2006-02-27 00:00:00-05:00","9.469740547781479","9.728794334083023","9.445151782168773","9.696008682250977","408079512","GOOGL","Alphabet Inc. (GOOGL) Historical Data"
"2006-02-28 00:00:00-05:00","9.766048751921623","9.87384251999122","8.407693369686667","9.006523132324219","1575926496","GOOGL","Alphabet Inc. (GOOGL) Historical Data"
"2006-03-01 00:00:00-05:00","9.154057614167817","9.176162705187208","8.97373936163121","9.060669898986816","481965552","GOOGL","Alphabet Inc. (GOOGL) Historical Data"
"2006-03-02 00:00:00-05:00","9.047754093225308","9.465518942530634","8.996092882002282","9.35002613067627","732478788","GOOGL","Alphabet Inc. (GOOGL) Historical Data"
"2006-03-03 00:00:00-05:00","9.544996929072774","9.618019253832573","9.332885949305997","9.392992973327637","478001520","GOOGL","Alphabet Inc. (GOOGL) Historical Data"
"2006-03-06 00:00:00-05:00","9.460799482138238","9.522645277417562","9.118789583979934","9.142633438110352","357230412","GOOGL","Alphabet Inc. (GOOGL) Historical Data"
"2006-03-07 00:00:00-05:00","9.066133335405805","9.1513251026859","8.895500865399868","9.05197525024414","414736848","GOOGL","Alphabet Inc. (GOOGL) Historical Data"
"2006-03-08 00:00:00-05:00","8.790687714874128","8.942195712434732","8.706488840452","8.789445877075195","469354176","GOOGL","Alphabet Inc. (GOOGL) Historical Data"
"2006-03-09 00:00:00-05:00","8.826950942906016","8.904939682251356","8.48195950310011","8.51921558380127","555859584","GOOGL","Alphabet Inc. (GOOGL) Historical Data"
"2006-03-10 00:00:00-05:00","8.531634655973813","8.556472360636226","8.234827824023013","8.382610321044922","772250976","GOOGL","Alphabet Inc. (GOOGL) Historical Data"
"2006-03-13 00:00:00-05:00","8.467801525250227","8.596210570556899","8.331692518394656","8.37168025970459","545150304","GOOGL","Alphabet Inc. (GOOGL) Historical Data"
"2006-03-14 00:00:00-05:00","8.373668524241374","8.751940637532657","8.261403361213148","8.721888542175293","737289972","GOOGL","Alphabet Inc. (GOOGL) Historical Data"
"2006-03-15 00:00:00-05:00","8.71220034626784","8.750201336823794","8.457866875974005","8.55647087097168","510241248","GOOGL","Alphabet Inc. (GOOGL) Historical Data"
"2006-03-16 00:00:00-05:00","8.658553808047802","8.662030386237737","8.392545884071707","8.414154052734375","400267332","GOOGL","Alphabet Inc. (GOOGL) Historical Data"
"2006-03-17 00:00:00-05:00","8.414897738275862","8.488912969707675","8.31877741694471","8.439486503601074","341725932","GOOGL","Alphabet Inc. (GOOGL) Historical Data"
"2006-03-20 00:00:00-05:00","8.5028220752361","8.69531165234106","8.482951725411084","8.648119926452637","415887696","GOOGL","Alphabet Inc. (GOOGL) Historical Data"
"2006-03-21 00:00:00-05:00","8.693324541355706","8.734305183969989","8.421851447101146","8.442715644836426","392850756","GOOGL","Alphabet Inc. (GOOGL) Historical Data"
"2006-03-22 00:00:00-05:00","8.438491340086305","8.546534043846481","8.382607705188283","8.450165748596191","303536160","GOOGL","Alphabet Inc. (GOOGL) Historical Data"
"2006-03-23 00:00:00-05:00","8.503069386693534","8.587516237045676","8.449669423050358","8.491644859313965","297090612","GOOGL","Alphabet Inc. (GOOGL) Historical Data"
"2006-03-24 00:00:00-05:00","9.155548170457683","9.19205933603002","9.003792190361953","9.085506439208984","606616776","GOOGL","Alphabet Inc. (GOOGL) Historical Data"
"2006-03-27 00:00:00-05:00","9.117544792018478","9.232293610542634","9.065635603804957","9.182123184204102","280667052","GOOGL","Alphabet Inc. (GOOGL) Historical Data"
"2006-03-28 00:00:00-05:00","9.23229439725163","9.385045161573261","9.218883118478583","9.368651390075684","357474168","GOOGL","Alphabet Inc. (GOOGL) Historical Data"
"2006-03-29 00:00:00-05:00","9.436707997481063","9.910108520077314","9.426027434572607","9.810261726379395","760338900","GOOGL","Alphabet Inc. (GOOGL) Historical Data"
"2006-03-30 00:00:00-05:00","9.666451860943873","9.773501683209307","9.527860116830368","9.647825241088867","587879532","GOOGL","Alphabet Inc. (GOOGL) Historical Data"
"2006-03-31 00:00:00-05:00","9.655274344755398","9.733016030840385","9.538290778774172","9.686570167541504","1459395144","GOOGL","Alphabet Inc. (GOOGL) Historical Data"
"2006-04-03 00:00:00-04:00","9.674897618974489","9.747919950347478","9.635157864441707","9.679119110107422","324583092","GOOGL","Alphabet Inc. (GOOGL) Historical Data"
"2006-04-04 00:00:00-04:00","9.684086360009902","10.056647110027885","9.640372161491493","10.04273796081543","627999372","GOOGL","Alphabet Inc. (GOOGL) Historical Data"
"2006-04-05 00:00:00-04:00","10.138611489165651","10.296826556908712","10.00498708308767","10.13339614868164","535883580","GOOGL","Alphabet Inc. (GOOGL) Historical Data"
"2006-04-06 00:00:00-04:00","10.096138859870823","10.279935576670054","10.069811332060324","10.212626457214355","343596060","GOOGL","Alphabet Inc. (GOOGL) Historical Data"
"2006-04-07 00:00:00-04:00","10.243176574704547","10.254105125508556","10.034791089128639","10.087942123413086","280754964","GOOGL","Alphabet Inc. (GOOGL) Historical Data"
"2006-04-10 00:00:00-04:00","10.110792227664446","10.361401122270182","10.065339266098615","10.341779708862305","372431196","GOOGL","Alphabet Inc. (GOOGL) Historical Data"
"2006-04-11 00:00:00-04:00","10.342774165595985","10.409338371048282","10.089432645363717","10.174873352050781","443843712","GOOGL","Alphabet Inc. (GOOGL) Historical Data"
"2006-04-12 00:00:00-04:00","10.158478890436006","10.216350222539809","10.063848410565841","10.15723705291748","240439320","GOOGL","Alphabet Inc. (GOOGL) Historical Data"
"2006-04-13 00:00:00-04:00","10.149288941885755","10.177355226575536","9.94736162128078","9.988591194152832","261853884","GOOGL","Alphabet Inc. (GOOGL) Historical Data"
"2006-04-17 00:00:00-04:00","10.020632892649736","10.245411201957271","9.955807448407093","10.10433578491211","330049620","GOOGL","Alphabet Inc. (GOOGL) Historical Data"
"2006-04-18 00:00:00-04:00","10.131903529674197","10.179095253537191","9.972200557222283","10.040253639221191","325178496","GOOGL","Alphabet Inc. (GOOGL) Historical Data"
"2006-04-19 00:00:00-04:00","10.247150091898744","10.273724660102532","10.10209834472943","10.195735931396484","270996732","GOOGL","Alphabet Inc. (GOOGL) Historical Data"
"2006-04-20 00:00:00-04:00","10.208404671537687","10.332342356659192","10.138610925640297","10.307504653930664","490369140","GOOGL","Alphabet Inc. (GOOGL) Historical Data"
"2006-04-21 00:00:00-04:00","11.149490311836127","11.194693388728712","10.833310136835467","10.856409072875977","901149948","GOOGL","Alphabet Inc. (GOOGL) Historical Data"
"2006-04-24 00:00:00-04:00","10.913537462927012","11.045175108777961","10.842005902187168","10.940858840942383","353102544","GOOGL","Alphabet Inc. (GOOGL) Historical Data"
"2006-04-25 00:00:00-04:00","10.919249694545837","10.954270088176246","10.580716383217093","10.609527587890625","382377240","GOOGL","Alphabet Inc. (GOOGL) Historical Data"
"2006-04-26 00:00:00-04:00","10.623931602309087","10.681058027764093","10.519367356809772","10.579970359802246","290820888","GOOGL","Alphabet Inc. (GOOGL) Historical Data"
"2006-04-27 00:00:00-04:00","10.50396754314228","10.603316450106524","10.416540088543794","10.432435989379883","333182484","GOOGL","Alphabet Inc. (GOOGL) Historical Data"
"2006-04-28 00:00:00-04:00","10.397665237566855","10.574010947863288","10.339794835559845","10.38052749633789","296555148","GOOGL","Alphabet Inc. (GOOGL) Historical Data"
"2006-05-01 00:00:00-04:00","10.393691098039865","10.417782940565496","9.898931372974024","9.907623291015625","414033552","GOOGL","Alphabet Inc. (GOOGL) Historical Data"
"2006-05-02 00:00:00-04:00","9.961767390541096","9.99678777818188","9.646829997635741","9.80578899383545","523647828","GOOGL","Alphabet Inc. (GOOGL) Historical Data"
"2006-05-03 00:00:00-04:00","9.84428788690935","9.972200956389132","9.708427813349711","9.790142059326172","322565112","GOOGL","Alphabet Inc. (GOOGL) Historical Data"
"2006-05-04 00:00:00-04:00","9.811504266346438","9.906879684114674","9.741462529819186","9.804549217224121","185893920","GOOGL","Alphabet Inc. (GOOGL) Historical Data"
"2006-05-05 00:00:00-04:00","9.875335333138938","9.9518342436885","9.730781440981707","9.793371200561523","242357400","GOOGL","Alphabet Inc. (GOOGL) Historical Data"
"2006-05-08 00:00:00-04:00","9.813489969277638","9.863412413027275","9.68781258581084","9.805293083190918","204539256","GOOGL","Alphabet Inc. (GOOGL) Historical Data"
"2006-05-09 00:00:00-04:00","9.828142960832716","10.158480305477951","9.77971129086384","10.153512954711914","365258376","GOOGL","Alphabet Inc. (GOOGL) Historical Data"
"2006-05-10 00:00:00-04:00","10.141342315096214","10.225789169068811","9.9811414707759","10.008959770202637","247240512","GOOGL","Alphabet Inc. (GOOGL) Historical Data"
"2006-05-11 00:00:00-04:00","10.01988775153103","10.051927539967581","9.561886311380329","9.61205768585205","355356288","GOOGL","Alphabet Inc. (GOOGL) Historical Data"
"2006-05-12 00:00:00-04:00","9.52612045847317","9.559154096960034","9.27799523992013","9.292401313781738","403100496","GOOGL","Alphabet Inc. (GOOGL) Historical Data"
"2006-05-15 00:00:00-04:00","9.337107784063031","9.441920956283765","9.146356045367298","9.3438138961792","343260396","GOOGL","Alphabet Inc. (GOOGL) Historical Data"
"2006-05-16 00:00:00-04:00","9.338598345703494","9.36020745673595","9.187091312167267","9.222111701965332","259384356","GOOGL","Alphabet Inc. (GOOGL) Historical Data"
"2006-05-17 00:00:00-04:00","9.204973681209319","9.434222395206149","9.19528696918483","9.301590919494629","425326248","GOOGL","Alphabet Inc. (GOOGL) Historical Data"
"2006-05-18 00:00:00-04:00","9.407894179674734","9.483151237507203","9.20745668101774","9.214410781860352","233166600","GOOGL","Alphabet Inc. (GOOGL) Historical Data"
"2006-05-19 00:00:00-04:00","9.271290307609473","9.30159228575119","8.955607945334547","9.19032096862793","455472072","GOOGL","Alphabet Inc. (GOOGL) Historical Data"
"2006-05-22 00:00:00-04:00","9.136423131047048","9.265081123964185","9.071846618898823","9.213419914245605","343831824","GOOGL","Alphabet Inc. (GOOGL) Historical Data"
"2006-05-23 00:00:00-04:00","9.294391229208498","9.534568554865343","9.278245442968448","9.328417778015137","358960680","GOOGL","Alphabet Inc. (GOOGL) Historical Data"
"2006-05-24 00:00:00-04:00","9.372377819703942","9.523637810442656","9.229811639053304","9.469243049621582","381769848","GOOGL","Alphabet Inc. (GOOGL) Historical Data"
"2006-05-25 00:00:00-04:00","9.415345595402508","9.512708690372932","9.24719681197584","9.512459754943848","327456216","GOOGL","Alphabet Inc. (GOOGL) Historical Data"
"2006-05-26 00:00:00-04:00","9.551206879425681","9.584241466969237","9.438941719133252","9.47172737121582","146533320","GOOGL","Alphabet Inc. (GOOGL) Historical Data"
"2006-05-30 00:00:00-04:00","9.395475777389562","9.46303477430241","9.225837157913674","9.238007545471191","172467360","GOOGL","Alphabet Inc. (GOOGL) Historical Data"
"2006-05-31 00:00:00-04:00","9.28420484326009","9.39473218440242","9.109847801699217","9.235027313232422","318932748","GOOGL","Alphabet Inc. (GOOGL) Historical Data"
"2006-06-01 00:00:00-04:00","9.277746950963422","9.512459936786744","9.229562326892722","9.503270149230957","250868880","GOOGL","Alphabet Inc. (GOOGL) Historical Data"
"2006-06-02 00:00:00-04:00","9.608085462970285","9.614046662805746","9.374862274742616","9.424287796020508","255200544","GOOGL","Alphabet Inc. (GOOGL) Historical Data"
"2006-06-05 00:00:00-04:00","9.343318559696971","9.47421223591944","9.292899189067215","9.300101280212402","222117660","GOOGL","Alphabet Inc. (GOOGL) Historical Data"
"2006-06-06 00:00:00-04:00","9.353253217816572","9.686570201137652","9.346298169829943","9.686322212219238","409981608","GOOGL","Alphabet Inc. (GOOGL) Historical Data"
"2006-06-07 00:00:00-04:00","9.767045680971467","9.807281418494318","9.599640819753752","9.599889755249023","356095548","GOOGL","Alphabet Inc. (GOOGL) Historical Data"
"2006-06-08 00:00:00-04:00","9.630685938206254","9.792626493464663","9.403175974887928","9.768533706665039","413965620","GOOGL","Alphabet Inc. (GOOGL) Historical Data"
"2006-06-09 00:00:00-04:00","9.740964987772307","9.821438346358034","9.571076470805984","9.60137939453125","246053700","GOOGL","Alphabet Inc. (GOOGL) Historical Data"
"2006-06-12 00:00:00-04:00","9.645339859685063","9.698740772142285","9.463034872910924","9.476446151733398","200563236","GOOGL","Alphabet Inc. (GOOGL) Historical Data"
"2006-06-13 00:00:00-04:00","9.460550228763433","9.612058209107493","9.391502351248134","9.600136756896973","306057636","GOOGL","Alphabet Inc. (GOOGL) Historical Data"
"2006-06-14 00:00:00-04:00","9.682347773966642","9.71389063929002","9.401436906557713","9.547231674194336","310569120","GOOGL","Alphabet Inc. (GOOGL) Historical Data"
"2006-06-15 00:00:00-04:00","9.602620033297784","9.742454558328177","9.512709845917426","9.711408615112305","271156572","GOOGL","Alphabet Inc. (GOOGL) Historical Data"
"2006-06-16 00:00:00-04:00","9.664216850321425","9.709669814751257","9.636896420399044","9.703956604003906","211971816","GOOGL","Alphabet Inc. (GOOGL) Historical Data"
"2006-06-19 00:00:00-04:00","9.70768235066258","9.805790372766044","9.61156202618304","9.640373229980469","305018676","GOOGL","Alphabet Inc. (GOOGL) Historical Data"
"2006-06-20 00:00:00-04:00","9.637640740421565","9.73301709927768","9.599888682931603","9.616281509399414","161434404","GOOGL","Alphabet Inc. (GOOGL) Historical Data"
"2006-06-21 00:00:00-04:00","9.712897655217098","10.034293184151203","9.680360941448125","9.987846374511719","349426224","GOOGL","Alphabet Inc. (GOOGL) Historical Data"
"2006-06-22 00:00:00-04:00","9.97418712568882","10.08396765456417","9.636895695878648","9.933701515197754","236239524","GOOGL","Alphabet Inc. (GOOGL) Historical Data"
"2006-06-23 00:00:00-04:00","10.003494497554552","10.17710756633234","9.953324067014231","10.05565357208252","212379408","GOOGL","Alphabet Inc. (GOOGL) Historical Data"
"2006-06-26 00:00:00-04:00","10.102597377628134","10.141095295311414","10.015665893503892","10.039758682250977","141905952","GOOGL","Alphabet Inc. (GOOGL) Historical Data"
"2006-06-27 00:00:00-04:00","10.076766898100722","10.133644399575326","9.960031294859563","9.992568016052246","164119716","GOOGL","Alphabet Inc. (GOOGL) Historical Data"
"2006-06-28 00:00:00-04:00","10.03454136503122","10.09588928085856","9.963009812545344","10.086700439453125","148271580","GOOGL","Alphabet Inc. (GOOGL) Historical Data"
"2006-06-29 00:00:00-04:00","10.133395541771858","10.386984122067425","10.079498645210284","10.377298355102539","266061672","GOOGL","Alphabet Inc. (GOOGL) Historical Data"
"2006-06-30 00:00:00-04:00","10.322405818481595","10.41504955291748","10.241188504304706","10.41504955291748","250069680","GOOGL","Alphabet Inc. (GOOGL) Historical Data"
"2006-07-03 00:00:00-04:00","10.432685686928487","10.525328487916164","10.418031622695917","10.5111722946167","86181732","GOOGL","Alphabet Inc. (GOOGL) Historical Data"
"2006-07-05 00:00:00-04:00","10.469443501311838","10.501235301235267","10.323398855575697","10.467952728271484","199224576","GOOGL","Alphabet Inc. (GOOGL) Historical Data"
"2006-07-06 00:00:00-04:00","10.515642748171933","10.56531815640386","10.480870341018694","10.510923385620117","147336516","GOOGL","Alphabet Inc. (GOOGL) Historical Data"
"2006-07-07 00:00:00-04:00","10.581957853776654","10.627658808045071","10.329361240813421","10.442869186401367","241434324","GOOGL","Alphabet Inc. (GOOGL) Historical Data"
"2006-07-10 00:00:00-04:00","10.517132634977317","10.56159080593054","10.34178078714629","10.386983871459961","177278544","GOOGL","Alphabet Inc. (GOOGL) Historical Data"
"2006-07-11 00:00:00-04:00","10.394683388281189","10.557119926989316","10.258575323710984","10.544950485229492","238613148","GOOGL","Alphabet Inc. (GOOGL) Historical Data"
"2006-07-12 00:00:00-04:00","10.48360213794013","10.499746029121706","10.35047466662227","10.36338996887207","196071732","GOOGL","Alphabet Inc. (GOOGL) Historical Data"
"2006-07-13 00:00:00-04:00","10.282665853608693","10.390460572290369","10.104582371619282","10.154256820678711","276703020","GOOGL","Alphabet Inc. (GOOGL) Historical Data"
"2006-07-14 00:00:00-04:00","10.191514954481702","10.220326157015467","9.9004204363163","10.021875381469727","301781916","GOOGL","Alphabet Inc. (GOOGL) Historical Data"
"2006-07-17 00:00:00-04:00","10.049941534934595","10.208154684541078","10.027338574679241","10.13090991973877","232243524","GOOGL","Alphabet Inc. (GOOGL) Historical Data"
"2006-07-18 00:00:00-04:00","10.177108363286274","10.197475638239691","9.87881174178011","10.010698318481445","341130528","GOOGL","Alphabet Inc. (GOOGL) Historical Data"
"2006-07-19 00:00:00-04:00","9.81100385312972","9.963257676173113","9.802310990502086","9.91010570526123","340399260","GOOGL","Alphabet Inc. (GOOGL) Historical Data"
"2006-07-20 00:00:00-04:00","10.041247591858934","10.04522204030354","9.578775697483211","9.615038871765137","501046452","GOOGL","Alphabet Inc. (GOOGL) Historical Data"
"2006-07-21 00:00:00-04:00","9.59069845489662","9.730036053707556","9.380823148890608","9.689303398132324","469713816","GOOGL","Alphabet Inc. (GOOGL) Historical Data"
"2006-07-24 00:00:00-04:00","9.756611999600253","9.783188463642484","9.468251023040043","9.708924293518066","323120556","GOOGL","Alphabet Inc. (GOOGL) Historical Data"
"2006-07-25 00:00:00-04:00","9.562879598686894","9.719107885049787","9.532578570960771","9.670674324035645","230213556","GOOGL","Alphabet Inc. (GOOGL) Historical Data"
"2006-07-26 00:00:00-04:00","9.641864487464588","9.734011314369745","9.512710515033993","9.574803352355957","221054724","GOOGL","Alphabet Inc. (GOOGL) Historical Data"
"2006-07-27 00:00:00-04:00","9.62124824430349","9.62422884406336","9.387280155118722","9.497806549072266","225418356","GOOGL","Alphabet Inc. (GOOGL) Historical Data"
"2006-07-28 00:00:00-04:00","9.48787240183821","9.67564262549853","9.48116628861739","9.639877319335938","163180656","GOOGL","Alphabet Inc. (GOOGL) Historical Data"
"2006-07-31 00:00:00-04:00","9.636895660543797","9.665954850292676","9.520408073064406","9.602123260498047","183628188","GOOGL","Alphabet Inc. (GOOGL) Historical Data"
"2006-08-01 00:00:00-04:00","9.565116820394667","9.581509647790552","9.326678276062012","9.326678276062012","218309472","GOOGL","Alphabet Inc. (GOOGL) Historical Data"
"2006-08-02 00:00:00-04:00","9.328910757504426","9.367906538574932","9.070602870281347","9.121023178100586","283628088","GOOGL","Alphabet Inc. (GOOGL) Historical Data"
"2006-08-03 00:00:00-04:00","9.065139293918598","9.38628588908149","9.024902618733064","9.32369613647461","252826920","GOOGL","Alphabet Inc. (GOOGL) Historical Data"
"2006-08-04 00:00:00-04:00","9.427268407146265","9.455087655252388","9.233288995502534","9.28544807434082","203604192","GOOGL","Alphabet Inc. (GOOGL) Historical Data"
"2006-08-07 00:00:00-04:00","9.227079610832902","9.431491591122903","9.218386746718625","9.387280464172363","157718124","GOOGL","Alphabet Inc. (GOOGL) Historical Data"
"2006-08-08 00:00:00-04:00","9.508238667046038","9.549965172798403","9.41559586685721","9.463035583496094","229498272","GOOGL","Alphabet Inc. (GOOGL) Historical Data"
"2006-08-09 00:00:00-04:00","9.507741786229394","9.554435638563307","9.347787987482935","9.362194061279297","172267560","GOOGL","Alphabet Inc. (GOOGL) Historical Data"
"2006-08-10 00:00:00-04:00","9.286190958363818","9.38032546754316","9.250922580873631","9.29413890838623","170305524","GOOGL","Alphabet Inc. (GOOGL) Historical Data"
"2006-08-11 00:00:00-04:00","9.299107561801062","9.320964664055897","9.14014948560261","9.152567863464355","150509340","GOOGL","Alphabet Inc. (GOOGL) Historical Data"
"2006-08-14 00:00:00-04:00","9.227079070270191","9.317239134494027","9.1567893550947","9.175665855407715","198533268","GOOGL","Alphabet Inc. (GOOGL) Historical Data"
"2006-08-15 00:00:00-04:00","9.291906251271495","9.479676494322193","9.254401232541484","9.46229076385498","267660072","GOOGL","Alphabet Inc. (GOOGL) Historical Data"
"2006-08-16 00:00:00-04:00","9.524630887292343","9.648072581057813","9.490852334619294","9.629941940307617","233893872","GOOGL","Alphabet Inc. (GOOGL) Historical Data"
"2006-08-17 00:00:00-04:00","9.596907526704307","9.686570669406438","9.535559608631743","9.582254409790039","203004792","GOOGL","Alphabet Inc. (GOOGL) Historical Data"
"2006-08-18 00:00:00-04:00","9.594919683883484","9.614294055408354","9.456824873078657","9.521650314331055","197889912","GOOGL","Alphabet Inc. (GOOGL) Historical Data"
"2006-08-21 00:00:00-04:00","9.391005113532009","9.413358190626859","9.319473563087861","9.371135711669922","160771068","GOOGL","Alphabet Inc. (GOOGL) Historical Data"
"2006-08-22 00:00:00-04:00","9.38181609413964","9.419816135174388","9.310034663099906","9.395724296569824","166397436","GOOGL","Alphabet Inc. (GOOGL) Historical Data"
"2006-08-23 00:00:00-04:00","9.379579105954354","9.395227016248615","9.255889436136215","9.27501392364502","145546308","GOOGL","Alphabet Inc. (GOOGL) Historical Data"
"2006-08-24 00:00:00-04:00","9.300099649368509","9.348781195803472","9.245954774927196","9.282465934753418","139160700","GOOGL","Alphabet Inc. (GOOGL) Historical Data"
"2006-08-25 00:00:00-04:00","9.266320635268979","9.321956279894312","9.251915509704528","9.270792007446289","98569332","GOOGL","Alphabet Inc. (GOOGL) Historical Data"
"2006-08-28 00:00:00-04:00","9.3291614535025","9.461792945861816","9.314010464755341","9.461792945861816","166393440","GOOGL","Alphabet Inc. (GOOGL) Historical Data"
"2006-08-29 00:00:00-04:00","9.457569975226566","9.495819901618912","9.368651745409192","9.412117958068848","178221600","GOOGL","Alphabet Inc. (GOOGL) Historical Data"
"2006-08-30 00:00:00-04:00","9.418576275691525","9.553691438762103","9.401189600965653","9.456825256347656","161614224","GOOGL","Alphabet Inc. (GOOGL) Historical Data"
"2006-08-31 00:00:00-04:00","9.475204977495748","9.491596857156237","9.393489782043078","9.401686668395996","118277604","GOOGL","Alphabet Inc. (GOOGL) Historical Data"
"2006-09-01 00:00:00-04:00","9.462785431076732","9.469989414975773","9.368403871425059","9.403424263000488","106809084","GOOGL","Alphabet Inc. (GOOGL) Historical Data"
"2006-09-05 00:00:00-04:00","9.43496756893264","9.572318409990872","9.37461255532183","9.546487808227539","162809028","GOOGL","Alphabet Inc. (GOOGL) Historical Data"
"2006-09-06 00:00:00-04:00","9.490354827112808","9.517427265372978","9.429751827165811","9.441673278808594","148815036","GOOGL","Alphabet Inc. (GOOGL) Historical Data"
"2006-09-07 00:00:00-04:00","9.42304601950253","9.48166227637925","9.373619551380752","9.4006929397583","153526320","GOOGL","Alphabet Inc. (GOOGL) Historical Data"
"2006-09-08 00:00:00-04:00","9.356731756225013","9.457819443431697","9.356731756225013","9.384798049926758","123212664","GOOGL","Alphabet Inc. (GOOGL) Historical Data"
"2006-09-11 00:00:00-04:00","9.39497970536636","9.554683622058828","9.382809317930848","9.53978157043457","180986832","GOOGL","Alphabet Inc. (GOOGL) Historical Data"
"2006-09-12 00:00:00-04:00","9.562384393131605","9.75437705112538","9.559403793249816","9.73376178741455","217470312","GOOGL","Alphabet Inc. (GOOGL) Historical Data"
"2006-09-13 00:00:00-04:00","9.814484782755354","10.102845773798915","9.81324199840319","10.098126411437988","390337272","GOOGL","Alphabet Inc. (GOOGL) Historical Data"
"2006-09-14 00:00:00-04:00","10.04174521501881","10.090922747230714","9.982880023206691","10.033797264099121","214429356","GOOGL","Alphabet Inc. (GOOGL) Historical Data"
"2006-09-15 00:00:00-04:00","10.120727800719429","10.184560343546753","10.10234916989634","10.180337905883789","313214472","GOOGL","Alphabet Inc. (GOOGL) Historical Data"
"2006-09-18 00:00:00-04:00","10.183318043427956","10.399155512815781","10.170154751930374","10.299806594848633","283983732","GOOGL","Alphabet Inc. (GOOGL) Historical Data"
"2006-09-19 00:00:00-04:00","10.31893015023979","10.319675063554575","9.754624712737156","10.029574394226074","571144284","GOOGL","Alphabet Inc. (GOOGL) Historical Data"
"2006-09-20 00:00:00-04:00","10.111290488010606","10.118493525915245","9.801319441340105","9.860432624816895","365546088","GOOGL","Alphabet Inc. (GOOGL) Historical Data"
"2006-09-21 00:00:00-04:00","9.942396069550648","10.144819404549114","9.931467518976008","10.105079650878906","427256316","GOOGL","Alphabet Inc. (GOOGL) Historical Data"
"2006-09-22 00:00:00-04:00","10.058635582667026","10.119983507224292","9.968723495007819","10.028830528259277","185798016","GOOGL","Alphabet Inc. (GOOGL) Historical Data"
"2006-09-25 00:00:00-04:00","10.073537018697566","10.169657343080718","9.997038109410894","10.033797264099121","229262508","GOOGL","Alphabet Inc. (GOOGL) Historical Data"
"2006-09-26 00:00:00-04:00","10.0715509300661","10.125695816848918","9.978907177382224","10.105578422546387","211364424","GOOGL","Alphabet Inc. (GOOGL) Historical Data"
"2006-09-27 00:00:00-04:00","10.091421016558263","10.213619938565431","9.993808968582359","10.00747013092041","234832932","GOOGL","Alphabet Inc. (GOOGL) Historical Data"
"2006-09-28 00:00:00-04:00","10.036280261755744","10.108308739573639","9.948356829694688","10.0238618850708","204091704","GOOGL","Alphabet Inc. (GOOGL) Historical Data"
"2006-09-29 00:00:00-04:00","10.062359246446343","10.074530581205403","9.969964437946018","9.982135772705078","132303564","GOOGL","Alphabet Inc. (GOOGL) Historical Data"
"2006-10-02 00:00:00-04:00","9.98213527506131","10.083967855830183","9.95481390012504","9.970709800720215","145929924","GOOGL","Alphabet Inc. (GOOGL) Historical Data"
"2006-10-03 00:00:00-04:00","9.966982988048002","10.095392972436908","9.889988109633409","10.035285949707031","218369412","GOOGL","Alphabet Inc. (GOOGL) Historical Data"
"2006-10-04 00:00:00-04:00","10.05838626612974","10.3266307991144","10.010698559493065","10.324891090393066","266205528","GOOGL","Alphabet Inc. (GOOGL) Historical Data"
"2006-10-05 00:00:00-04:00","10.300053891209117","10.387977327484519","10.204678482042947","10.22827434539795","231360408","GOOGL","Alphabet Inc. (GOOGL) Historical Data"
"2006-10-06 00:00:00-04:00","10.188782589743811","10.479130308562436","10.177108179262676","10.444109916687012","293166540","GOOGL","Alphabet Inc. (GOOGL) Historical Data"
"2006-10-09 00:00:00-04:00","10.550912346590476","10.728498938032345","10.516635919579047","10.655228614807129","303028668","GOOGL","Alphabet Inc. (GOOGL) Historical Data"
"2006-10-10 00:00:00-04:00","10.718812771247821","10.875039192589538","10.491053838734064","10.596860885620117","391152456","GOOGL","Alphabet Inc. (GOOGL) Historical Data"
"2006-10-11 00:00:00-04:00","10.556373823080369","10.677828756749134","10.525078948107526","10.593132972717285","225190584","GOOGL","Alphabet Inc. (GOOGL) Historical Data"
"2006-10-12 00:00:00-04:00","10.64429817842187","10.672116476034745","10.531040130192418","10.616480827331543","193566240","GOOGL","Alphabet Inc. (GOOGL) Historical Data"
"2006-10-13 00:00:00-04:00","10.624429204880899","10.667645533004183","10.569786456128057","10.613003730773926","144755100","GOOGL","Alphabet Inc. (GOOGL) Historical Data"
"2006-10-16 00:00:00-04:00","10.622939259600514","10.66019533791786","10.464973146786807","10.475156784057617","172603224","GOOGL","Alphabet Inc. (GOOGL) Historical Data"
"2006-10-17 00:00:00-04:00","10.439142145569017","10.524830838476012","10.349727939624554","10.447587966918945","208231560","GOOGL","Alphabet Inc. (GOOGL) Historical Data"
"2006-10-18 00:00:00-04:00","10.505954601493306","10.549668803332823","10.369598549245758","10.41455364227295","240451308","GOOGL","Alphabet Inc. (GOOGL) Historical Data"
"2006-10-19 00:00:00-04:00","10.437404835751272","10.667647441942465","10.421012954714733","10.582206726074219","459679860","GOOGL","Alphabet Inc. (GOOGL) Historical Data"
"2006-10-20 00:00:00-04:00","11.400100528582994","11.427670842620405","11.265979204469179","11.416990280151367","465450084","GOOGL","Alphabet Inc. (GOOGL) Historical Data"
"2006-10-23 00:00:00-04:00","11.481813919195913","12.037176531639448","11.434374211428128","11.941305160522461","603575820","GOOGL","Alphabet Inc. (GOOGL) Historical Data"
"2006-10-24 00:00:00-04:00","11.829536973998367","11.868779800143926","11.708578960520478","11.755770683288574","346061592","GOOGL","Alphabet Inc. (GOOGL) Historical Data"
"2006-10-25 00:00:00-04:00","11.859591168136193","12.133051033224627","11.800478934241546","12.085860252380371","367132500","GOOGL","Alphabet Inc. (GOOGL) Historical Data"
"2006-10-26 00:00:00-04:00","12.112684554296486","12.218988522543274","12.026250937802923","12.048604965209961","280986732","GOOGL","Alphabet Inc. (GOOGL) Historical Data"
"2006-10-27 00:00:00-04:00","12.018798843138528","12.052080472552086","11.735404282641516","11.802714347839355","263895840","GOOGL","Alphabet Inc. (GOOGL) Historical Data"
"2006-10-30 00:00:00-05:00","11.793275228628351","11.933358683062858","11.673807036816202","11.836740493774414","262261476","GOOGL","Alphabet Inc. (GOOGL) Historical Data"
"2006-10-31 00:00:00-05:00","11.873747234828917","11.975580760310283","11.768934056246199","11.832269668579102","251164584","GOOGL","Alphabet Inc. (GOOGL) Historical Data"
"2006-11-01 00:00:00-05:00","11.891134496481218","11.900324284725249","11.555829800255033","11.611465454101562","216834948","GOOGL","Alphabet Inc. (GOOGL) Historical Data"
"2006-11-02 00:00:00-05:00","11.61146474208062","11.766202252638832","11.583647390124447","11.671323776245117","209258532","GOOGL","Alphabet Inc. (GOOGL) Historical Data"
"2006-11-03 00:00:00-05:00","11.728948003194452","11.766701008496538","11.550863539082581","11.718267440795898","196111692","GOOGL","Alphabet Inc. (GOOGL) Historical Data"
"2006-11-06 00:00:00-05:00","11.76719643080156","11.913489082809086","11.731431124905027","11.846179962158203","199460340","GOOGL","Alphabet Inc. (GOOGL) Historical Data"
"2006-11-07 00:00:00-05:00","11.84617909416957","11.897591362682771","11.71752111559575","11.737390518188477","195688116","GOOGL","Alphabet Inc. (GOOGL) Historical Data"
"2006-11-08 00:00:00-05:00","11.682252907348271","11.965150535162207","11.638786695496492","11.797745704650879","318281400","GOOGL","Alphabet Inc. (GOOGL) Historical Data"
"2006-11-09 00:00:00-05:00","11.835002388545151","11.909266557283297","11.719756627736453","11.738882064819336","194972832","GOOGL","Alphabet Inc. (GOOGL) Historical Data"
"2006-11-10 00:00:00-05:00","11.767444372928782","11.79079224772474","11.680762772979904","11.761733055114746","111756132","GOOGL","Alphabet Inc. (GOOGL) Historical Data"
"2006-11-13 00:00:00-05:00","11.79526353271379","11.950993973053606","11.776387029655382","11.947517395019531","173502324","GOOGL","Alphabet Inc. (GOOGL) Historical Data"
"2006-11-14 00:00:00-05:00","11.9393199001581","12.169065567713876","11.934352549057136","12.152921676635742","288647064","GOOGL","Alphabet Inc. (GOOGL) Historical Data"
"2006-11-15 00:00:00-05:00","12.255498730827938","12.414954670712094","12.218243598937988","12.218243598937988","334493172","GOOGL","Alphabet Inc. (GOOGL) Historical Data"
"2006-11-16 00:00:00-05:00","12.294493775181287","12.361057982335602","12.233890767837252","12.316847801208496","203500296","GOOGL","Alphabet Inc. (GOOGL) Historical Data"
"2006-11-17 00:00:00-05:00","12.251029157771718","12.410236173287478","12.244819022168105","12.388628005981445","220219560","GOOGL","Alphabet Inc. (GOOGL) Historical Data"
"2006-11-20 00:00:00-05:00","12.378940386987122","12.378940386987122","12.236126209004238","12.295736312866211","204775020","GOOGL","Alphabet Inc. (GOOGL) Historical Data"
"2006-11-21 00:00:00-05:00","12.332742507465351","12.667053337519537","12.315107845207702","12.65835952758789","336762900","GOOGL","Alphabet Inc. (GOOGL) Historical Data"
"2006-11-22 00:00:00-05:00","12.691146406783284","12.741566723182896","12.562240430133702","12.61762809753418","179847972","GOOGL","Alphabet Inc. (GOOGL) Historical Data"
"2006-11-24 00:00:00-05:00","12.530448336784776","12.604960493120277","12.518029959569743","12.542867660522461","69238692","GOOGL","Alphabet Inc. (GOOGL) Historical Data"
"2006-11-27 00:00:00-05:00","12.452706803498563","12.462890440083921","12.039910316467285","12.039910316467285","292695012","GOOGL","Alphabet Inc. (GOOGL) Historical Data"
"2006-11-28 00:00:00-05:00","11.949997973612653","12.16682831102014","11.848165396138652","12.15788745880127","311592096","GOOGL","Alphabet Inc. (GOOGL) Historical Data"
"2006-11-29 00:00:00-05:00","12.275616518466851","12.28803584172821","11.977816840004474","12.037425994873047","252359388","GOOGL","Alphabet Inc. (GOOGL) Historical Data"
"2006-11-30 00:00:00-05:00","12.026001932367226","12.180241584913892","11.960431575517008","12.041400909423828","222876900","GOOGL","Alphabet Inc. (GOOGL) Historical Data"
"2006-12-01 00:00:00-05:00","12.070461926331802","12.130320023321593","11.884677499778148","11.941803932189941","225030744","GOOGL","Alphabet Inc. (GOOGL) Historical Data"
"2006-12-04 00:00:00-05:00","11.996444742638452","12.106475160425402","11.905788696849756","12.042393684387207","195800004","GOOGL","Alphabet Inc. (GOOGL) Historical Data"
"2006-12-05 00:00:00-05:00","12.105729379469626","12.156397683451113","12.043387611644688","12.095794677734375","163955880","GOOGL","Alphabet Inc. (GOOGL) Historical Data"
"2006-12-06 00:00:00-05:00","12.09480130225188","12.229916469315695","12.034198294163593","12.138267517089844","177833988","GOOGL","Alphabet Inc. (GOOGL) Historical Data"
"2006-12-07 00:00:00-05:00","12.176019136149007","12.215013976409262","11.982039730156085","11.987504005432129","186385428","GOOGL","Alphabet Inc. (GOOGL) Historical Data"
"2006-12-08 00:00:00-05:00","11.970117583177146","12.135533765476335","11.921932010750147","12.024014472961426","158837004","GOOGL","Alphabet Inc. (GOOGL) Historical Data"
"2006-12-11 00:00:00-05:00","12.044134324191763","12.142987271488142","12.016316965873015","12.019545555114746","130405464","GOOGL","Alphabet Inc. (GOOGL) Historical Data"
"2006-12-12 00:00:00-05:00","12.017556824613562","12.079898591484453","11.928887530633569","11.966143608093262","167072760","GOOGL","Alphabet Inc. (GOOGL) Historical Data"
"2006-12-13 00:00:00-05:00","12.038420061870674","12.058538400465737","11.847917237327072","11.89684772491455","186297516","GOOGL","Alphabet Inc. (GOOGL) Historical Data"
"2006-12-14 00:00:00-05:00","11.928141582258469","12.015073060034247","11.853878363343474","11.974588394165039","189766044","GOOGL","Alphabet Inc. (GOOGL) Historical Data"
"2006-12-15 00:00:00-05:00","11.987505476513379","12.02401664581261","11.917960662568968","11.929386138916016","207424368","GOOGL","Alphabet Inc. (GOOGL) Historical Data"
"2006-12-18 00:00:00-05:00","11.984276294665808","11.989988559295448","11.44306974636526","11.494731903076172","320343336","GOOGL","Alphabet Inc. (GOOGL) Historical Data"
"2006-12-19 00:00:00-05:00","11.467906707266147","11.656421839599178","11.387930275011247","11.639532089233398","263216520","GOOGL","Alphabet Inc. (GOOGL) Historical Data"
"2006-12-20 00:00:00-05:00","11.673559046076846","11.710815122842343","11.483057171373261","11.497213363647461","174537288","GOOGL","Alphabet Inc. (GOOGL) Historical Data"
"2006-12-21 00:00:00-05:00","11.529006687192853","11.555583152768065","11.23493342924601","11.330804824829102","277853868","GOOGL","Alphabet Inc. (GOOGL) Historical Data"
"2006-12-22 00:00:00-05:00","11.363092596778632","11.391406875721747","11.244619194609987","11.315404891967773","159372468","GOOGL","Alphabet Inc. (GOOGL) Historical Data"
"2006-12-26 00:00:00-05:00","11.338752511283557","11.4120228350991","11.290816814612398","11.363839149475098","82889028","GOOGL","Alphabet Inc. (GOOGL) Historical Data"
"2006-12-27 00:00:00-05:00","11.425186292451716","11.625871812090047","11.402832266882449","11.624629974365234","169090740","GOOGL","Alphabet Inc. (GOOGL) Historical Data"
"2006-12-28 00:00:00-05:00","11.602027589092334","11.638289817411593","11.481069569688643","11.48876953125","124523352","GOOGL","Alphabet Inc. (GOOGL) Historical Data"
"2006-12-29 00:00:00-05:00","11.477343769150753","11.536208009778463","11.421708117118976","11.437108039855957","102265632","GOOGL","Alphabet Inc. (GOOGL) Historical Data"
"2007-01-03 00:00:00-05:00","11.574210050335413","11.83897514109207","11.452755108497666","11.613700866699219","307951740","GOOGL","Alphabet Inc. (GOOGL) Historical Data"
"2007-01-04 00:00:00-05:00","11.648722726489323","12.020040723778282","11.632577889593406","12.00290298461914","315188496","GOOGL","Alphabet Inc. (GOOGL) Historical Data"
"2007-01-05 00:00:00-05:00","11.984026814348828","12.108213419640387","11.874990249866524","12.100513458251953","274609116","GOOGL","Alphabet Inc. (GOOGL) Historical Data"
"2007-01-08 00:00:00-05:00","12.112932427752654","12.167078255999336","11.976575428136448","12.01085090637207","189985824","GOOGL","Alphabet Inc. (GOOGL) Historical Data"
"2007-01-09 00:00:00-05:00","12.057297552765611","12.12684141599605","11.951738500337534","12.058539390563965","215040744","GOOGL","Alphabet Inc. (GOOGL) Historical Data"
"2007-01-10 00:00:00-05:00","12.031964102346508","12.25848024301356","11.972601982796148","12.156895637512207","238501260","GOOGL","Alphabet Inc. (GOOGL) Historical Data"
"2007-01-11 00:00:00-05:00","12.349136243288473","12.462146324174492","12.323802562523666","12.411726951599121","288039672","GOOGL","Alphabet Inc. (GOOGL) Historical Data"
"2007-01-12 00:00:00-05:00","12.468106568729066","12.542867660522461","12.418681048804176","12.542867660522461","178769052","GOOGL","Alphabet Inc. (GOOGL) Historical Data"
"2007-01-16 00:00:00-05:00","12.606201678350937","12.741565769079026","12.500642637918887","12.524984359741211","302453244","GOOGL","Alphabet Inc. (GOOGL) Historical Data"
"2007-01-17 00:00:00-05:00","12.50287882425101","12.61166645763731","12.279094368943996","12.35112190246582","267696036","GOOGL","Alphabet Inc. (GOOGL) Historical Data"
"2007-01-18 00:00:00-05:00","12.282570397689769","12.331251948060164","12.106474600546745","12.116409301757812","237042720","GOOGL","Alphabet Inc. (GOOGL) Historical Data"
"2007-01-19 00:00:00-05:00","12.120135594435395","12.18918347603505","12.089337640090722","12.164097785949707","198932868","GOOGL","Alphabet Inc. (GOOGL) Historical Data"
"2007-01-22 00:00:00-05:00","12.232398498915611","12.236124011422557","11.884674533042343","11.942794799804688","215955828","GOOGL","Alphabet Inc. (GOOGL) Historical Data"
"2007-01-23 00:00:00-05:00","11.941555597620553","12.039911610468087","11.854624113706548","11.898338317871094","186433380","GOOGL","Alphabet Inc. (GOOGL) Historical Data"
"2007-01-24 00:00:00-05:00","12.032458259507948","12.407254701336381","12.003647058481572","12.395580291748047","242129628","GOOGL","Alphabet Inc. (GOOGL) Historical Data"
"2007-01-25 00:00:00-05:00","12.443517256246098","12.530447785975367","12.062512562724043","12.1228666305542","254485260","GOOGL","Alphabet Inc. (GOOGL) Historical Data"
"2007-01-26 00:00:00-05:00","12.193406278433295","12.366522438747504","12.096540092927816","12.315357208251953","219640140","GOOGL","Alphabet Inc. (GOOGL) Historical Data"
"2007-01-29 00:00:00-05:00","12.369006937641236","12.387634505407627","12.18272652736357","12.231656074523926","190836972","GOOGL","Alphabet Inc. (GOOGL) Historical Data"
"2007-01-30 00:00:00-05:00","12.269656152131395","12.369006012355019","12.200609215557623","12.277604103088379","167052780","GOOGL","Alphabet Inc. (GOOGL) Historical Data"
"2007-01-31 00:00:00-05:00","12.331501828719405","12.542867913712751","12.307161051668476","12.455936431884766","487755756","GOOGL","Alphabet Inc. (GOOGL) Historical Data"
"2007-02-01 00:00:00-05:00","12.56770622269174","12.567954211643972","11.959934519950156","11.965399742126465","625721652","GOOGL","Alphabet Inc. (GOOGL) Historical Data"
"2007-02-02 00:00:00-05:00","11.986758788924636","12.046120906819203","11.86753952176139","11.959190368652344","251208540","GOOGL","Alphabet Inc. (GOOGL) Historical Data"
"2007-02-05 00:00:00-05:00","11.859838770279744","11.872258093850421","11.578928834403742","11.603021621704102","287987724","GOOGL","Alphabet Inc. (GOOGL) Historical Data"
"2007-02-06 00:00:00-05:00","11.626368632183716","11.75552259397346","11.605505379984981","11.710318565368652","212663124","GOOGL","Alphabet Inc. (GOOGL) Historical Data"
"2007-02-07 00:00:00-05:00","11.768437636825652","11.78160187351933","11.64325717986211","11.673807144165039","164627208","GOOGL","Alphabet Inc. (GOOGL) Historical Data"
"2007-02-08 00:00:00-05:00","11.625126274217166","11.766699553330518","11.553097797002394","11.699141502380371","162904932","GOOGL","Alphabet Inc. (GOOGL) Historical Data"
"2007-02-09 00:00:00-05:00","11.71453991413404","11.740122525876101","11.462441202553313","11.472127914428711","194149656","GOOGL","Alphabet Inc. (GOOGL) Historical Data"
"2007-02-12 00:00:00-05:00","11.442075429590483","11.484545898894154","11.301495052670736","11.382713317871094","229949820","GOOGL","Alphabet Inc. (GOOGL) Historical Data"
"2007-02-13 00:00:00-05:00","11.40407386894915","11.494233936170819","11.35713107878959","11.40283203125","162341496","GOOGL","Alphabet Inc. (GOOGL) Historical Data"
"2007-02-14 00:00:00-05:00","11.425186070564","11.651951124542043","11.405812645215061","11.572471618652344","227724048","GOOGL","Alphabet Inc. (GOOGL) Historical Data"
"2007-02-15 00:00:00-05:00","11.574210720527905","11.577439309339965","11.443069058698589","11.46169662475586","161534304","GOOGL","Alphabet Inc. (GOOGL) Historical Data"
"2007-02-16 00:00:00-05:00","11.494730952846801","11.677285828700768","11.476350429620112","11.67206859588623","246832920","GOOGL","Alphabet Inc. (GOOGL) Historical Data"
"2007-02-20 00:00:00-05:00","11.635557476262555","11.74186238135911","11.542169765740462","11.725717544555664","162541296","GOOGL","Alphabet Inc. (GOOGL) Historical Data"
"2007-02-21 00:00:00-05:00","11.669586755232583","11.889148790139584","11.617427674434085","11.819107055664062","225398376","GOOGL","Alphabet Inc. (GOOGL) Historical Data"
"2007-02-22 00:00:00-05:00","11.889395853555243","12.02724362511981","11.782595917710285","11.81885814666748","229526244","GOOGL","Alphabet Inc. (GOOGL) Historical Data"
"2007-02-23 00:00:00-05:00","11.816375275902105","11.846180329421705","11.618918334434154","11.688959121704102","155148696","GOOGL","Alphabet Inc. (GOOGL) Historical Data"
"2007-02-26 00:00:00-05:00","11.743851133991598","11.803956274049126","11.518326948530783","11.547635078430176","158637204","GOOGL","Alphabet Inc. (GOOGL) Historical Data"
"2007-02-27 00:00:00-05:00","11.300999713266275","11.420219931270893","11.106523365397967","11.146263122558594","372139488","GOOGL","Alphabet Inc. (GOOGL) Historical Data"
"2007-02-28 00:00:00-05:00","11.186995585736657","11.26796491857595","11.003943786018121","11.163150787353516","320970708","GOOGL","Alphabet Inc. (GOOGL) Historical Data"
"2007-03-01 00:00:00-05:00","10.994755822127928","11.236919873186032","10.928439601005518","11.132850646972656","347060592","GOOGL","Alphabet Inc. (GOOGL) Historical Data"
"2007-03-02 00:00:00-05:00","11.05535763875362","11.144523855162456","10.895652770996094","10.895652770996094","263080656","GOOGL","Alphabet Inc. (GOOGL) Historical Data"
"2007-03-05 00:00:00-05:00","10.854421961438987","11.065044061219844","10.853925983601806","10.952033996582031","253949796","GOOGL","Alphabet Inc. (GOOGL) Historical Data"
"2007-03-06 00:00:00-05:00","11.113973204012506","11.400347389516282","11.111737517734486","11.364333152770996","301046652","GOOGL","Alphabet Inc. (GOOGL) Historical Data"
"2007-03-07 00:00:00-05:00","11.491997413020453","11.503173951499086","11.28336396213978","11.316893577575684","261102636","GOOGL","Alphabet Inc. (GOOGL) Historical Data"
"2007-03-08 00:00:00-05:00","11.405813691183294","11.561792117480474","11.278646470097927","11.294045448303223","214297488","GOOGL","Alphabet Inc. (GOOGL) Historical Data"
"2007-03-09 00:00:00-05:00","11.375511391338211","11.385446093574183","11.179297236086976","11.250330924987793","198908892","GOOGL","Alphabet Inc. (GOOGL) Historical Data"
"2007-03-12 00:00:00-04:00","11.2406444333574","11.30720863778681","11.204381258098254","11.29478931427002","138477384","GOOGL","Alphabet Inc. (GOOGL) Historical Data"
"2007-03-13 00:00:00-04:00","11.179544245453405","11.224748272493422","10.998728137293341","11.003695487976074","254836908","GOOGL","Alphabet Inc. (GOOGL) Historical Data"
"2007-03-14 00:00:00-04:00","11.008662841457378","11.143530009313825","10.903600724227527","11.127137184143066","320355324","GOOGL","Alphabet Inc. (GOOGL) Historical Data"
"2007-03-15 00:00:00-04:00","11.123661401217916","11.172342009312246","11.026298291983892","11.082182884216309","157610232","GOOGL","Alphabet Inc. (GOOGL) Historical Data"
"2007-03-16 00:00:00-04:00","11.068768931084911","11.094849415245921","10.92570582376837","10.949549674987793","226137636","GOOGL","Alphabet Inc. (GOOGL) Historical Data"
"2007-03-19 00:00:00-04:00","11.00916022012216","11.13955696704834","10.944086787649416","11.108013153076172","207700092","GOOGL","Alphabet Inc. (GOOGL) Historical Data"
"2007-03-20 00:00:00-04:00","11.072247162221872","11.117203203261749","11.017853343575277","11.059579849243164","136723140","GOOGL","Alphabet Inc. (GOOGL) Historical Data"
"2007-03-21 00:00:00-04:00","11.06007744624993","11.339994483464302","11.057840813220912","11.339496612548828","231700068","GOOGL","Alphabet Inc. (GOOGL) Historical Data"
"2007-03-22 00:00:00-04:00","11.316150941606837","11.479083462515108","11.239652032171806","11.475854873657227","227000772","GOOGL","Alphabet Inc. (GOOGL) Historical Data"
"2007-03-23 00:00:00-04:00","11.461199544881795","11.509383223059462","11.35265990821835","11.470637321472168","164287548","GOOGL","Alphabet Inc. (GOOGL) Historical Data"
"2007-03-26 00:00:00-04:00","11.438847222721307","11.549373626708984","11.316399365134494","11.549373626708984","188223588","GOOGL","Alphabet Inc. (GOOGL) Historical Data"
"2007-03-27 00:00:00-04:00","11.513358855954763","11.555085361422393","11.433630411733397","11.515097618103027","149498352","GOOGL","Alphabet Inc. (GOOGL) Historical Data"
"2007-03-28 00:00:00-04:00","11.471631984457055","11.560302232846704","11.428912574544906","11.471881866455078","183480336","GOOGL","Alphabet Inc. (GOOGL) Historical Data"
"2007-03-29 00:00:00-04:00","11.538194361629195","11.574209545395286","11.300997698779929","11.448036193847656","159380460","GOOGL","Alphabet Inc. (GOOGL) Historical Data"
"2007-03-30 00:00:00-04:00","11.477344205671365","11.509632932426554","11.329313744200636","11.379484176635742","135072792","GOOGL","Alphabet Inc. (GOOGL) Historical Data"
"2007-04-02 00:00:00-04:00","11.369550251963883","11.388675689697266","11.229467731513157","11.388675689697266","137802060","GOOGL","Alphabet Inc. (GOOGL) Historical Data"
"2007-04-03 00:00:00-04:00","11.525776373723396","11.779117880572015","11.524535482593102","11.738136291503906","259811928","GOOGL","Alphabet Inc. (GOOGL) Historical Data"
"2007-04-04 00:00:00-04:00","11.726711848757173","11.748072026179521","11.663128240899516","11.698893547058105","151000848","GOOGL","Alphabet Inc. (GOOGL) Historical Data"
"2007-04-05 00:00:00-04:00","11.705848052411616","11.7254694667517","11.664120601799816","11.711064338684082","108523368","GOOGL","Alphabet Inc. (GOOGL) Historical Data"
"2007-04-09 00:00:00-04:00","11.747575151441847","11.74807207585334","11.564026418199566","11.629100799560547","122361516","GOOGL","Alphabet Inc. (GOOGL) Historical Data"
"2007-04-10 00:00:00-04:00","11.60128297755411","11.693181808211762","11.553347284443253","11.586628913879395","119052828","GOOGL","Alphabet Inc. (GOOGL) Historical Data"
"2007-04-11 00:00:00-04:00","11.575701648667048","11.658658689056775","11.490012943604727","11.537700653076172","152327520","GOOGL","Alphabet Inc. (GOOGL) Historical Data"
"2007-04-12 00:00:00-04:00","11.52453526080755","11.623884164172352","11.480821061830778","11.608733177185059","108207684","GOOGL","Alphabet Inc. (GOOGL) Historical Data"
"2007-04-13 00:00:00-04:00","11.63506121775166","11.64300916823349","11.508639869870853","11.581412315368652","111680208","GOOGL","Alphabet Inc. (GOOGL) Historical Data"
"2007-04-16 00:00:00-04:00","11.635309505634398","11.84717345631437","11.627609543882468","11.77961540222168","202912884","GOOGL","Alphabet Inc. (GOOGL) Historical Data"
"2007-04-17 00:00:00-04:00","11.76794168131536","11.832270198723423","11.71329892996584","11.743103981018066","128275596","GOOGL","Alphabet Inc. (GOOGL) Historical Data"
"2007-04-18 00:00:00-04:00","11.704853737077281","11.9194493416051","11.661885396996366","11.822831153869629","226593180","GOOGL","Alphabet Inc. (GOOGL) Historical Data"
"2007-04-19 00:00:00-04:00","11.785327121141716","11.970365664857185","11.663376202127507","11.714540481567383","439943616","GOOGL","Alphabet Inc. (GOOGL) Historical Data"
"2007-04-20 00:00:00-04:00","12.183221699843832","12.232400175416121","11.972104562903258","11.983529090881348","485973540","GOOGL","Alphabet Inc. (GOOGL) Historical Data"
"2007-04-23 00:00:00-04:00","11.924416808073046","12.046119739012747","11.878714910270975","11.89908218383789","226757016","GOOGL","Alphabet Inc. (GOOGL) Historical Data"
"2007-04-24 00:00:00-04:00","11.887409665666995","11.921437156277198","11.811407679963606","11.86058521270752","147640212","GOOGL","Alphabet Inc. (GOOGL) Historical Data"
"2007-04-25 00:00:00-04:00","11.921932675195011","11.955960164495224","11.825316375603375","11.872010231018066","158513328","GOOGL","Alphabet Inc. (GOOGL) Historical Data"
"2007-04-26 00:00:00-04:00","11.874742588740832","12.032459774225579","11.850153821879784","11.951242446899414","164831004","GOOGL","Alphabet Inc. (GOOGL) Historical Data"
"2007-04-27 00:00:00-04:00","11.923672109009974","11.98154250255281","11.88045388576552","11.897343635559082","116910972","GOOGL","Alphabet Inc. (GOOGL) Historical Data"
"2007-04-30 00:00:00-04:00","11.900821705139807","11.95546445902183","11.70783519744873","11.70783519744873","145502352","GOOGL","Alphabet Inc. (GOOGL) Historical Data"
"2007-05-01 00:00:00-04:00","11.727954166346429","11.743352196766025","11.528757528785896","11.648722648620605","146181672","GOOGL","Alphabet Inc. (GOOGL) Historical Data"
"2007-05-02 00:00:00-04:00","11.640029182265653","11.700384200629054","11.567504721871384","11.568745613098145","122385492","GOOGL","Alphabet Inc. (GOOGL) Historical Data"
"2007-05-03 00:00:00-04:00","11.579673240572701","11.774647430823519","11.556575249579494","11.7537841796875","143624232","GOOGL","Alphabet Inc. (GOOGL) Historical Data"
"2007-05-04 00:00:00-04:00","11.67654111917471","11.79377363933736","11.57123099941227","11.70137882232666","157842000","GOOGL","Alphabet Inc. (GOOGL) Historical Data"
"2007-05-07 00:00:00-04:00","11.72671096271159","11.743599765696018","11.58588259573079","11.605752944946289","120683196","GOOGL","Alphabet Inc. (GOOGL) Historical Data"
"2007-05-08 00:00:00-04:00","11.577439130128111","11.628107434151303","11.542666727503462","11.594328880310059","116087796","GOOGL","Alphabet Inc. (GOOGL) Historical Data"
"2007-05-09 00:00:00-04:00","11.577934295742631","11.716526972126498","11.52155467799948","11.65493106842041","155440404","GOOGL","Alphabet Inc. (GOOGL) Historical Data"
"2007-05-10 00:00:00-04:00","11.60004132406972","11.660892319712802","11.450520085121497","11.46169662475586","147304548","GOOGL","Alphabet Inc. (GOOGL) Historical Data"
"2007-05-11 00:00:00-04:00","11.470638451323255","11.59904844904156","11.45002413414265","11.592589378356934","117646236","GOOGL","Alphabet Inc. (GOOGL) Historical Data"
"2007-05-14 00:00:00-04:00","11.561295423340153","11.611713846183953","11.425186410508276","11.469396591186523","154753092","GOOGL","Alphabet Inc. (GOOGL) Historical Data"
"2007-05-15 00:00:00-04:00","11.4738690890529","11.48827421891718","11.360859004280858","11.37551212310791","164595240","GOOGL","Alphabet Inc. (GOOGL) Historical Data"
"2007-05-16 00:00:00-04:00","11.47486098285169","11.751548491348409","11.400845749197073","11.738385200500488","261905832","GOOGL","Alphabet Inc. (GOOGL) Historical Data"
"2007-05-17 00:00:00-04:00","11.73465807433607","11.803209023162893","11.693676487688618","11.697402000427246","186237576","GOOGL","Alphabet Inc. (GOOGL) Historical Data"
"2007-05-18 00:00:00-04:00","11.723979473923611","11.740619341709861","11.66734997166061","11.681507110595703","147688164","GOOGL","Alphabet Inc. (GOOGL) Historical Data"
"2007-05-21 00:00:00-04:00","11.661885794834594","11.902063073944298","11.592093001806763","11.688462257385254","246125628","GOOGL","Alphabet Inc. (GOOGL) Historical Data"
"2007-05-22 00:00:00-04:00","11.748072418859255","11.897344730339094","11.748072418859255","11.819107055664062","153406440","GOOGL","Alphabet Inc. (GOOGL) Historical Data"
"2007-05-23 00:00:00-04:00","11.942299890246147","12.00662840885024","11.76670006239938","11.772163391113281","202205592","GOOGL","Alphabet Inc. (GOOGL) Historical Data"
"2007-05-24 00:00:00-04:00","11.801474226193362","11.902064988909167","11.710817220132077","11.781106948852539","166777056","GOOGL","Alphabet Inc. (GOOGL) Historical Data"
"2007-05-25 00:00:00-04:00","11.914482774507421","12.044878576424832","11.854127756764894","12.009360313415527","213726060","GOOGL","Alphabet Inc. (GOOGL) Historical Data"
"2007-05-29 00:00:00-04:00","12.046119890007866","12.215013600935492","12.021282189832721","12.098526954650879","208511280","GOOGL","Alphabet Inc. (GOOGL) Historical Data"
"2007-05-30 00:00:00-04:00","12.033701519256917","12.3898685176039","11.996444495714082","12.383907318115234","289542168","GOOGL","Alphabet Inc. (GOOGL) Historical Data"
"2007-05-31 00:00:00-04:00","12.432590028553623","12.63675212256165","12.345658549673622","12.366769790649414","356615028","GOOGL","Alphabet Inc. (GOOGL) Historical Data"
"2007-06-01 00:00:00-04:00","12.443517622509967","12.543363456218549","12.367266705167266","12.42861557006836","191768040","GOOGL","Alphabet Inc. (GOOGL) Historical Data"
"2007-06-04 00:00:00-04:00","12.366770266187958","12.67972189844911","12.358822315269276","12.594280242919922","283755960","GOOGL","Alphabet Inc. (GOOGL) Historical Data"
"2007-06-05 00:00:00-04:00","12.660845490599408","12.890591155598301","12.582855807527762","12.886616706848145","417466116","GOOGL","Alphabet Inc. (GOOGL) Historical Data"
"2007-06-06 00:00:00-04:00","12.83470551729889","12.934800282975472","12.797697429892851","12.87196159362793","315152532","GOOGL","Alphabet Inc. (GOOGL) Historical Data"
"2007-06-07 00:00:00-04:00","12.909217924422066","13.0768707444688","12.729395662978911","12.792730331420898","424794780","GOOGL","Alphabet Inc. (GOOGL) Historical Data"
"2007-06-08 00:00:00-04:00","12.821045192627079","12.906484948045708","12.653641312772317","12.803410530090332","254073672","GOOGL","Alphabet Inc. (GOOGL) Historical Data"
"2007-06-11 00:00:00-04:00","12.76690162349111","12.871963757470024","12.667055776475545","12.700337409973145","185722092","GOOGL","Alphabet Inc. (GOOGL) Historical Data"
"2007-06-12 00:00:00-04:00","12.635014240952225","12.70853349913827","12.497415395532585","12.537155151367188","256523220","GOOGL","Alphabet Inc. (GOOGL) Historical Data"
"2007-06-13 00:00:00-04:00","12.594778021692576","12.630791316243176","12.386143601711712","12.548829078674316","281078640","GOOGL","Alphabet Inc. (GOOGL) Historical Data"
"2007-06-14 00:00:00-04:00","12.552305393011494","12.564724716704767","12.4609034867723","12.489218711853027","184663152","GOOGL","Alphabet Inc. (GOOGL) Historical Data"
"2007-06-15 00:00:00-04:00","12.622097401781204","12.642215739459408","12.449229248318073","12.564971923828125","246717036","GOOGL","Alphabet Inc. (GOOGL) Historical Data"
"2007-06-18 00:00:00-04:00","12.572174985682915","12.816078731947506","12.52399130292673","12.796208381652832","193242564","GOOGL","Alphabet Inc. (GOOGL) Historical Data"
"2007-06-19 00:00:00-04:00","12.76665118521419","12.847123588816734","12.705302323906732","12.774102210998535","174037788","GOOGL","Alphabet Inc. (GOOGL) Historical Data"
"2007-06-20 00:00:00-04:00","12.839922427575123","12.884381543103748","12.643706388586914","12.666308403015137","173354472","GOOGL","Alphabet Inc. (GOOGL) Historical Data"
"2007-06-21 00:00:00-04:00","12.69139378546978","12.79844360187269","12.574659149517146","12.769135475158691","176211612","GOOGL","Alphabet Inc. (GOOGL) Historical Data"
"2007-06-22 00:00:00-04:00","12.826508015174559","13.039364848347118","12.818560065226585","13.039116859436035","287859852","GOOGL","Alphabet Inc. (GOOGL) Historical Data"
"2007-06-25 00:00:00-04:00","13.138466859185426","13.287739158734047","12.999378196726349","13.09972095489502","316683000","GOOGL","Alphabet Inc. (GOOGL) Historical Data"
"2007-06-26 00:00:00-04:00","13.231608344446512","13.243280862371115","13.07041363575401","13.170259475708008","227352420","GOOGL","Alphabet Inc. (GOOGL) Historical Data"
"2007-06-27 00:00:00-04:00","13.039614526908547","13.113878696698052","12.904499360285023","13.071654319763184","244679076","GOOGL","Alphabet Inc. (GOOGL) Historical Data"
"2007-06-28 00:00:00-04:00","13.03663309040908","13.1513819210767","13.009808639264824","13.039861679077148","166569264","GOOGL","Alphabet Inc. (GOOGL) Historical Data"
"2007-06-29 00:00:00-04:00","13.064948739301204","13.099224217650026","12.902015276153966","12.982488632202148","155068776","GOOGL","Alphabet Inc. (GOOGL) Historical Data"
"2007-07-02 00:00:00-04:00","13.05178381328251","13.20974991720291","13.019744023133818","13.173238754272461","139364496","GOOGL","Alphabet Inc. (GOOGL) Historical Data"
"2007-07-03 00:00:00-04:00","13.190129693533702","13.27308578160827","13.101708383450045","13.27159595489502","74797128","GOOGL","Alphabet Inc. (GOOGL) Historical Data"
"2007-07-05 00:00:00-04:00","13.301895588590734","13.521458540763517","13.217200747231491","13.452658653259277","197518284","GOOGL","Alphabet Inc. (GOOGL) Historical Data"
"2007-07-06 00:00:00-04:00","13.443221999481151","13.508295432984145","13.380632241461967","13.397272109985352","109770120","GOOGL","Alphabet Inc. (GOOGL) Historical Data"
"2007-07-09 00:00:00-04:00","13.486687103156353","13.629253292372391","13.418632124072207","13.47575855255127","149042808","GOOGL","Alphabet Inc. (GOOGL) Historical Data"
"2007-07-10 00:00:00-04:00","13.506308986218025","13.586037432003621","13.453157004535191","13.495132446289062","154085760","GOOGL","Alphabet Inc. (GOOGL) Historical Data"
"2007-07-11 00:00:00-04:00","13.501838896181109","13.573618446201834","13.412424681474734","13.523198127746582","132239628","GOOGL","Alphabet Inc. (GOOGL) Historical Data"
"2007-07-12 00:00:00-04:00","13.55772181576308","13.593984992036996","13.417639301172068","13.54455852508545","137526336","GOOGL","Alphabet Inc. (GOOGL) Historical Data"
"2007-07-13 00:00:00-04:00","13.60863811182246","13.726864471617837","13.592246232337596","13.714197158813477","209274516","GOOGL","Alphabet Inc. (GOOGL) Historical Data"
"2007-07-16 00:00:00-04:00","13.66799769514853","13.873651489938556","13.643408932250908","13.734810829162598","263716020","GOOGL","Alphabet Inc. (GOOGL) Historical Data"
"2007-07-17 00:00:00-04:00","13.785729535633724","13.852541734847623","13.719662249800209","13.784736633300781","172970856","GOOGL","Alphabet Inc. (GOOGL) Historical Data"
"2007-07-18 00:00:00-04:00","13.75716604591761","13.77231703479017","13.506806058928413","13.648130416870117","242956800","GOOGL","Alphabet Inc. (GOOGL) Historical Data"
"2007-07-19 00:00:00-04:00","13.746485401834892","13.747976174977202","13.467810209098866","13.625527381896973","444642912","GOOGL","Alphabet Inc. (GOOGL) Historical Data"
"2007-07-20 00:00:00-04:00","12.714244407209446","12.994410365844951","12.654634306555897","12.918407440185547","710181108","GOOGL","Alphabet Inc. (GOOGL) Historical Data"
"2007-07-23 00:00:00-04:00","12.890838554074532","12.915427319233439","12.720455013530428","12.729395866394043","254013732","GOOGL","Alphabet Inc. (GOOGL) Historical Data"
"2007-07-24 00:00:00-04:00","12.649667612713605","12.882890794835234","12.595273795315133","12.766403198242188","222661116","GOOGL","Alphabet Inc. (GOOGL) Historical Data"
"2007-07-25 00:00:00-04:00","12.840419063287744","12.84141291212419","12.556777444934307","12.661093711853027","221578200","GOOGL","Alphabet Inc. (GOOGL) Historical Data"
"2007-07-26 00:00:00-04:00","12.635759728113936","12.731384081931118","12.390863057558724","12.61738109588623","275060664","GOOGL","Alphabet Inc. (GOOGL) Historical Data"
"2007-07-27 00:00:00-04:00","12.630542925413886","12.83147643055763","12.555285856834358","12.713995933532715","220143636","GOOGL","Alphabet Inc. (GOOGL) Historical Data"
"2007-07-30 00:00:00-04:00","12.739579889867438","12.899034884838713","12.67947286079499","12.81881046295166","158373468","GOOGL","Alphabet Inc. (GOOGL) Historical Data"
"2007-07-31 00:00:00-04:00","12.921140608580325","12.926355948362088","12.667054176330566","12.667054176330566","170649180","GOOGL","Alphabet Inc. (GOOGL) Historical Data"
"2007-08-01 00:00:00-04:00","12.679473057173668","12.828746310102556","12.62085680039762","12.740076065063477","176950872","GOOGL","Alphabet Inc. (GOOGL) Historical Data"
"2007-08-02 00:00:00-04:00","12.759448742706084","12.79099255582295","12.642216236032544","12.692139625549316","126069804","GOOGL","Alphabet Inc. (GOOGL) Historical Data"
"2007-08-03 00:00:00-04:00","12.668297504171647","12.746535182282106","12.493194580078125","12.493194580078125","126920952","GOOGL","Alphabet Inc. (GOOGL) Historical Data"
"2007-08-06 00:00:00-04:00","12.493193110545908","12.670779689466867","12.480773786902258","12.667054176330566","145913940","GOOGL","Alphabet Inc. (GOOGL) Historical Data"
"2007-08-07 00:00:00-04:00","12.660845565280702","12.912447387060157","12.643210901050901","12.816575050354004","170401428","GOOGL","Alphabet Inc. (GOOGL) Historical Data"
"2007-08-08 00:00:00-04:00","12.899034753229323","13.058987617492676","12.843151108877748","13.058987617492676","162589248","GOOGL","Alphabet Inc. (GOOGL) Historical Data"
"2007-08-09 00:00:00-04:00","12.935297525397651","13.084818758758848","12.782050778964205","12.784534454345703","193666140","GOOGL","Alphabet Inc. (GOOGL) Historical Data"
"2007-08-10 00:00:00-04:00","12.67152412129477","12.883635105683997","12.558514054219861","12.809868812561035","234772992","GOOGL","Alphabet Inc. (GOOGL) Historical Data"
"2007-08-13 00:00:00-04:00","12.904002185407352","12.909217524912613","12.742310569860166","12.803658485412598","127044828","GOOGL","Alphabet Inc. (GOOGL) Historical Data"
"2007-08-14 00:00:00-04:00","12.809124896467846","12.850852352081564","12.617381156514124","12.632283210754395","145202652","GOOGL","Alphabet Inc. (GOOGL) Historical Data"
"2007-08-15 00:00:00-04:00","12.642216557505892","12.709028751981645","12.33696489510288","12.357829093933105","216163620","GOOGL","Alphabet Inc. (GOOGL) Historical Data"
"2007-08-16 00:00:00-04:00","12.22047863503331","12.330011186402592","11.933359497928468","12.208059310913086","345478176","GOOGL","Alphabet Inc. (GOOGL) Historical Data"
"2007-08-17 00:00:00-04:00","12.355096465277475","12.443517771783926","12.211288439313845","12.419673919677734","218956824","GOOGL","Alphabet Inc. (GOOGL) Historical Data"
"2007-08-20 00:00:00-04:00","12.479779827407015","12.48226444933182","12.319330042422914","12.36701774597168","107784108","GOOGL","Alphabet Inc. (GOOGL) Historical Data"
"2007-08-21 00:00:00-04:00","12.392352398914827","12.621353139952625","12.36329320733926","12.582855224609375","144279576","GOOGL","Alphabet Inc. (GOOGL) Historical Data"
"2007-08-22 00:00:00-04:00","12.666060467789093","12.822287818400712","12.648425804168427","12.735357284545898","129977892","GOOGL","Alphabet Inc. (GOOGL) Historical Data"
"2007-08-23 00:00:00-04:00","12.816077478132078","12.81930606662464","12.592541028429888","12.721446990966797","122944932","GOOGL","Alphabet Inc. (GOOGL) Historical Data"
"2007-08-24 00:00:00-04:00","12.731878575560758","12.804900898700145","12.629797063036005","12.791239738464355","98809092","GOOGL","Alphabet Inc. (GOOGL) Historical Data"
"2007-08-27 00:00:00-04:00","12.777083170346303","12.852091301180943","12.70182610406496","12.74802303314209","92910996","GOOGL","Alphabet Inc. (GOOGL) Historical Data"
"2007-08-28 00:00:00-04:00","12.705054775364875","12.790743467900102","12.562487645716791","12.57763957977295","130825044","GOOGL","Alphabet Inc. (GOOGL) Historical Data"
"2007-08-29 00:00:00-04:00","12.613405959409654","12.749017105912626","12.598254970583616","12.73858642578125","101870028","GOOGL","Alphabet Inc. (GOOGL) Historical Data"
"2007-08-30 00:00:00-04:00","12.725670902124442","12.801175962948493","12.681459774195364","12.701827049255371","105961932","GOOGL","Alphabet Inc. (GOOGL) Historical Data"
"2007-08-31 00:00:00-04:00","12.744049150571863","12.828496008633504","12.703565430177385","12.797450065612793","118984896","GOOGL","Alphabet Inc. (GOOGL) Historical Data"
"2007-09-04 00:00:00-04:00","12.791736975494441","13.114126380260725","12.781802273634138","13.043340682983398","147600252","GOOGL","Alphabet Inc. (GOOGL) Historical Data"
"2007-09-05 00:00:00-04:00","12.999874905902818","13.15088597603729","12.971311690572481","13.109159469604492","132383484","GOOGL","Alphabet Inc. (GOOGL) Historical Data"
"2007-09-06 00:00:00-04:00","13.147905168825936","13.159579579547053","12.871714583746622","13.00285530090332","144890964","GOOGL","Alphabet Inc. (GOOGL) Historical Data"
"2007-09-07 00:00:00-04:00","12.862274369510757","12.946224295741782","12.835946844248156","12.899282455444336","146397456","GOOGL","Alphabet Inc. (GOOGL) Historical Data"
"2007-09-10 00:00:00-04:00","12.947218790458482","12.966840204297263","12.688910875387059","12.778325080871582","128902968","GOOGL","Alphabet Inc. (GOOGL) Historical Data"
"2007-09-11 00:00:00-04:00","12.840666797677612","12.956408529298487","12.809370974006619","12.948460578918457","108035856","GOOGL","Alphabet Inc. (GOOGL) Historical Data"
"2007-09-12 00:00:00-04:00","12.928590938727824","13.113630440550475","12.890590893306102","12.981245994567871","119320560","GOOGL","Alphabet Inc. (GOOGL) Historical Data"
"2007-09-13 00:00:00-04:00","13.016266519634833","13.09450323295596","12.99540232335699","13.034149169921875","75568356","GOOGL","Alphabet Inc. (GOOGL) Historical Data"
"2007-09-14 00:00:00-04:00","12.994906557414843","13.170506380610734","12.970566728212315","13.1327543258667","110485404","GOOGL","Alphabet Inc. (GOOGL) Historical Data"
"2007-09-17 00:00:00-04:00","13.077615708606325","13.145918679518784","13.01651672194617","13.047066688537598","87812100","GOOGL","Alphabet Inc. (GOOGL) Historical Data"
"2007-09-18 00:00:00-04:00","13.077367611774209","13.343873379912125","13.021483965639487","13.294694900512695","168459372","GOOGL","Alphabet Inc. (GOOGL) Historical Data"
"2007-09-19 00:00:00-04:00","13.394043531448586","13.646888132248673","13.383860840566218","13.582310676574707","220854924","GOOGL","Alphabet Inc. (GOOGL) Historical Data"
"2007-09-20 00:00:00-04:00","13.586036900544347","13.82944277305634","13.561944112923817","13.730838775634766","220779000","GOOGL","Alphabet Inc. (GOOGL) Historical Data"
"2007-09-21 00:00:00-04:00","13.818016908387253","13.928543302034235","13.730838388374051","13.911405563354492","320147532","GOOGL","Alphabet Inc. (GOOGL) Historical Data"
"2007-09-24 00:00:00-04:00","13.933758176328485","14.193557805193501","13.908921423432377","14.10811710357666","211668120","GOOGL","Alphabet Inc. (GOOGL) Historical Data"
"2007-09-25 00:00:00-04:00","14.00827112206693","14.146366883478061","13.979956843551442","14.132457733154297","109114776","GOOGL","Alphabet Inc. (GOOGL) Historical Data"
"2007-09-26 00:00:00-04:00","14.167229853799636","14.201754266726768","14.003551481494293","14.111594200134277","133710156","GOOGL","Alphabet Inc. (GOOGL) Historical Data"
"2007-09-27 00:00:00-04:00","14.200265526574842","14.20051351552286","14.052483044009852","14.095203399658203","82169748","GOOGL","Alphabet Inc. (GOOGL) Historical Data"
"2007-09-28 00:00:00-04:00","14.082782870381834","14.146118485068715","14.011251316316441","14.089488983154297","105474420","GOOGL","Alphabet Inc. (GOOGL) Historical Data"
"2007-10-01 00:00:00-04:00","14.156550871284136","14.513711736419422","14.14761001812235","14.46900463104248","188263548","GOOGL","Alphabet Inc. (GOOGL) Historical Data"
"2007-10-02 00:00:00-04:00","14.489619015425362","14.823184943142452","14.405917074078443","14.514704704284668","282417300","GOOGL","Alphabet Inc. (GOOGL) Historical Data"
"2007-10-03 00:00:00-04:00","14.560903720432513","14.628956808719115","14.414612013204044","14.505516052246094","155024820","GOOGL","Alphabet Inc. (GOOGL) Historical Data"
"2007-10-04 00:00:00-04:00","14.532092583926987","14.532092583926987","14.332647947652523","14.381577491760254","119348532","GOOGL","Alphabet Inc. (GOOGL) Historical Data"
"2007-10-05 00:00:00-04:00","14.582262660071697","14.803067468526763","14.579779931108316","14.754633903503418","202545252","GOOGL","Alphabet Inc. (GOOGL) Historical Data"
"2007-10-08 00:00:00-04:00","14.778229645890818","15.157248555092792","14.752151053501247","15.141352653503418","200918880","GOOGL","Alphabet Inc. (GOOGL) Historical Data"
"2007-10-09 00:00:00-04:00","15.277708793401795","15.493049325916779","15.110801825782799","15.279447555541992","350361288","GOOGL","Alphabet Inc. (GOOGL) Historical Data"
"2007-10-10 00:00:00-04:00","15.43294335935198","15.540240223222701","15.31968434915391","15.533037185668945","215208576","GOOGL","Alphabet Inc. (GOOGL) Historical Data"
"2007-10-11 00:00:00-04:00","15.737945046979382","15.93092964922791","15.125951921950787","15.448838233947754","471488040","GOOGL","Alphabet Inc. (GOOGL) Historical Data"
"2007-10-12 00:00:00-04:00","15.498016193566299","15.856170894552582","15.355449060788064","15.831085205078125","272675052","GOOGL","Alphabet Inc. (GOOGL) Historical Data"
"2007-10-15 00:00:00-04:00","15.85790928882469","15.892432754721723","15.288636512730822","15.401894569396973","277474248","GOOGL","Alphabet Inc. (GOOGL) Historical Data"
"2007-10-16 00:00:00-04:00","15.361659059184563","15.54620068322541","15.200216373395598","15.299813270568848","240770988","GOOGL","Alphabet Inc. (GOOGL) Historical Data"
"2007-10-17 00:00:00-04:00","15.658714524662901","15.746886897619003","15.43865462915994","15.73397159576416","240978780","GOOGL","Alphabet Inc. (GOOGL) Historical Data"
"2007-10-18 00:00:00-04:00","15.781907515727065","15.929938931079578","15.61028118287778","15.886474609375","491076432","GOOGL","Alphabet Inc. (GOOGL) Historical Data"
"2007-10-19 00:00:00-04:00","16.257543296727214","16.355154392837903","15.976136429978924","16.012895584106445","630928440","GOOGL","Alphabet Inc. (GOOGL) Historical Data"
"2007-10-22 00:00:00-04:00","15.862877926468144","16.26847236556848","15.803516755787932","16.162912368774414","266309424","GOOGL","Alphabet Inc. (GOOGL) Historical Data"
"2007-10-23 00:00:00-04:00","16.423703467674926","16.82979382518558","16.392657527897775","16.78434181213379","271476252","GOOGL","Alphabet Inc. (GOOGL) Historical Data"
"2007-10-24 00:00:00-04:00","16.708343481341906","16.82656985328057","16.381732551469497","16.785587310791016","295871832","GOOGL","Alphabet Inc. (GOOGL) Historical Data"
"2007-10-25 00:00:00-04:00","16.856621516659967","16.863824554682758","16.480831166872328","16.60402488708496","231588180","GOOGL","Alphabet Inc. (GOOGL) Historical Data"
"2007-10-26 00:00:00-04:00","16.74112906871112","16.803468950518162","16.592848706679494","16.755285263061523","134021844","GOOGL","Alphabet Inc. (GOOGL) Historical Data"
"2007-10-29 00:00:00-04:00","16.834014235017488","16.889402838287076","16.692938843464145","16.870277404785156","122529348","GOOGL","Alphabet Inc. (GOOGL) Historical Data"
"2007-10-30 00:00:00-04:00","16.827558951999908","17.383915471004656","16.827558951999908","17.25625228881836","275747976","GOOGL","Alphabet Inc. (GOOGL) Historical Data"
"2007-10-31 00:00:00-04:00","17.403287616804686","17.560012817382812","17.2877948306944","17.560012817382812","274796928","GOOGL","Alphabet Inc. (GOOGL) Historical Data"
"2007-11-01 00:00:00-04:00","17.455448775078786","17.726920934482028","17.43036213893352","17.46588134765625","260826912","GOOGL","Alphabet Inc. (GOOGL) Historical Data"
"2007-11-02 00:00:00-04:00","17.647195448680005","17.723445428483675","17.320086651039183","17.66557502746582","233426340","GOOGL","Alphabet Inc. (GOOGL) Historical Data"
"2007-11-05 00:00:00-05:00","17.5597666512792","18.13698650116403","17.536915699515568","18.023231506347656","354992652","GOOGL","Alphabet Inc. (GOOGL) Historical Data"
"2007-11-06 00:00:00-05:00","18.319044467850556","18.42410659790039","18.00708761325782","18.42410659790039","337114548","GOOGL","Alphabet Inc. (GOOGL) Historical Data"
"2007-11-07 00:00:00-05:00","18.407711367728222","18.559467329509452","17.96088835665018","18.204294204711914","330609060","GOOGL","Alphabet Inc. (GOOGL) Historical Data"
"2007-11-08 00:00:00-05:00","18.245524636571044","18.25272767395164","16.81936298916486","17.233154296875","659827512","GOOGL","Alphabet Inc. (GOOGL) Historical Data"
"2007-11-09 00:00:00-05:00","16.784591701715353","16.936099691074688","16.422711478686406","16.491262435913086","455068476","GOOGL","Alphabet Inc. (GOOGL) Historical Data"
"2007-11-12 00:00:00-05:00","16.33652752080575","16.639293630821275","15.5534049251696","15.698951721191406","408682908","GOOGL","Alphabet Inc. (GOOGL) Historical Data"
"2007-11-13 00:00:00-05:00","16.019847790830763","16.41550749171238","15.698950124555248","16.40631675720215","337478184","GOOGL","Alphabet Inc. (GOOGL) Historical Data"
"2007-11-14 00:00:00-05:00","16.722498695993128","16.77738944071131","15.803268973027333","15.937638282775879","323464212","GOOGL","Alphabet Inc. (GOOGL) Historical Data"
"2007-11-15 00:00:00-05:00","15.860393249529075","16.08219189813369","15.498513037322324","15.638843536376953","278429292","GOOGL","Alphabet Inc. (GOOGL) Historical Data"
"2007-11-16 00:00:00-05:00","15.745395669984822","15.783894532020934","15.300311380411557","15.73769760131836","361350288","GOOGL","Alphabet Inc. (GOOGL) Historical Data"
"2007-11-19 00:00:00-05:00","15.637353936535034","15.81568637537062","15.361907327616596","15.544462203979492","220874904","GOOGL","Alphabet Inc. (GOOGL) Historical Data"
"2007-11-20 00:00:00-05:00","15.808483294278593","16.37030411451777","15.718821097242024","16.108022689819336","393230376","GOOGL","Alphabet Inc. (GOOGL) Historical Data"
"2007-11-21 00:00:00-05:00","15.989547773328768","16.64028782416719","15.947573276677858","16.405574798583984","280259460","GOOGL","Alphabet Inc. (GOOGL) Historical Data"
"2007-11-23 00:00:00-05:00","16.641029790132574","16.846682626968317","16.594086060173325","16.80743980407715","109438452","GOOGL","Alphabet Inc. (GOOGL) Historical Data"
"2007-11-26 00:00:00-05:00","16.894374622341","17.22222738356618","16.516846454578932","16.541685104370117","271332396","GOOGL","Alphabet Inc. (GOOGL) Historical Data"
"2007-11-27 00:00:00-05:00","16.760250052328594","16.80073471749264","16.1507424954129","16.729700088500977","355823820","GOOGL","Alphabet Inc. (GOOGL) Historical Data"
"2007-11-28 00:00:00-05:00","16.941813754739208","17.244579866717054","16.694184483606865","17.193912506103516","316343340","GOOGL","Alphabet Inc. (GOOGL) Historical Data"
"2007-11-29 00:00:00-05:00","17.156406286291276","17.455448756945867","17.082390108686024","17.3116397857666","248071680","GOOGL","Alphabet Inc. (GOOGL) Historical Data"
"2007-11-30 00:00:00-05:00","17.659364672203004","17.660854498915267","16.94181339396122","17.212291717529297","315504180","GOOGL","Alphabet Inc. (GOOGL) Historical Data"
"2007-12-03 00:00:00-05:00","17.162865174145207","17.261964200724414","16.917719598413985","16.927406311035156","172830996","GOOGL","Alphabet Inc. (GOOGL) Historical Data"
"2007-12-04 00:00:00-05:00","16.847430380294767","17.187451589588736","16.817872372311538","16.992727279663086","169102728","GOOGL","Alphabet Inc. (GOOGL) Historical Data"
"2007-12-05 00:00:00-05:00","17.205584899492596","17.359576554008918","17.075684138140964","17.349143981933594","168215616","GOOGL","Alphabet Inc. (GOOGL) Historical Data"
"2007-12-06 00:00:00-05:00","17.331510315857397","17.79746072655396","17.311890793246263","17.76517105102539","196163640","GOOGL","Alphabet Inc. (GOOGL) Historical Data"
"2007-12-07 00:00:00-05:00","17.758467095692467","17.833227250055415","17.646945890038772","17.7554874420166","153929916","GOOGL","Alphabet Inc. (GOOGL) Historical Data"
"2007-12-10 00:00:00-05:00","17.78330246679871","18.00211958340816","17.733876944715863","17.843656539916992","154093752","GOOGL","Alphabet Inc. (GOOGL) Historical Data"
"2007-12-11 00:00:00-05:00","17.881409389712818","17.907487980016946","17.35584893745066","17.366281509399414","245318436","GOOGL","Alphabet Inc. (GOOGL) Historical Data"
"2007-12-12 00:00:00-05:00","17.733878338079663","17.741825343250536","17.100525878334953","17.370010375976562","246117636","GOOGL","Alphabet Inc. (GOOGL) Historical Data"
"2007-12-13 00:00:00-05:00","17.294503493179587","17.32704115826246","16.919459009049742","17.238372802734375","201430368","GOOGL","Alphabet Inc. (GOOGL) Historical Data"
"2007-12-14 00:00:00-05:00","17.075933564254147","17.378701559254132","17.069726268533927","17.13678550720215","146793060","GOOGL","Alphabet Inc. (GOOGL) Historical Data"
"2007-12-17 00:00:00-05:00","17.08810274103042","17.272396372441346","16.48381052468267","16.621906280517578","219220560","GOOGL","Alphabet Inc. (GOOGL) Historical Data"
"2007-12-18 00:00:00-05:00","16.7443567440772","16.807692367948306","16.20637971070797","16.724239349365234","286381332","GOOGL","Alphabet Inc. (GOOGL) Historical Data"
"2007-12-19 00:00:00-05:00","16.745595766946366","16.876986355075925","16.616192876275793","16.824081420898438","176667156","GOOGL","Alphabet Inc. (GOOGL) Historical Data"
"2007-12-20 00:00:00-05:00","17.034207890055626","17.162616948868592","16.904556993428923","17.130081176757812","176711112","GOOGL","Alphabet Inc. (GOOGL) Historical Data"
"2007-12-21 00:00:00-05:00","17.33349975496164","17.367775238566985","17.21825492501984","17.303943634033203","215064720","GOOGL","Alphabet Inc. (GOOGL) Historical Data"
"2007-12-24 00:00:00-05:00","17.261714498407176","17.404281616210938","17.213778810964083","17.404281616210938","65070864","GOOGL","Alphabet Inc. (GOOGL) Historical Data"
"2007-12-26 00:00:00-05:00","17.36106668569584","17.714502016096745","17.341693260819177","17.6553897857666","101098800","GOOGL","Alphabet Inc. (GOOGL) Historical Data"
"2007-12-27 00:00:00-05:00","17.561752675554043","17.7835494328495","17.404531478881836","17.404531478881836","117582300","GOOGL","Alphabet Inc. (GOOGL) Historical Data"
"2007-12-28 00:00:00-05:00","17.50859807225772","17.583608091281064","17.300213560747757","17.448989868164062","102405492","GOOGL","Alphabet Inc. (GOOGL) Historical Data"
"2007-12-31 00:00:00-05:00","17.35063440804673","17.447997511933327","17.152184580244274","17.174537658691406","94952952","GOOGL","Alphabet Inc. (GOOGL) Historical Data"
"2008-01-02 00:00:00-05:00","17.20906136222729","17.320830542093407","16.833024953267802","17.018310546875","172103724","GOOGL","Alphabet Inc. (GOOGL) Historical Data"
"2008-01-03 00:00:00-05:00","17.020049827902326","17.05954064465329","16.802970544144774","17.021787643432617","129969900","GOOGL","Alphabet Inc. (GOOGL) Historical Data"
"2008-01-04 00:00:00-05:00","16.881705358957312","16.9132491739775","16.26847224141302","16.318145751953125","214177608","GOOGL","Alphabet Inc. (GOOGL) Historical Data"
"2008-01-07 00:00:00-05:00","16.242144695815036","16.44928930436591","15.830094004992818","16.12565803527832","255879864","GOOGL","Alphabet Inc. (GOOGL) Historical Data"
"2008-01-08 00:00:00-05:00","16.218796399635693","16.39166551217181","15.672374547139887","15.689264297485352","213350436","GOOGL","Alphabet Inc. (GOOGL) Historical Data"
"2008-01-09 00:00:00-05:00","15.648529500369893","16.22724003619452","15.461504209205971","16.22376251220703","269318412","GOOGL","Alphabet Inc. (GOOGL) Historical Data"
"2008-01-10 00:00:00-05:00","16.02034612996834","16.32311221804085","15.898642249652575","16.063066482543945","253114632","GOOGL","Alphabet Inc. (GOOGL) Historical Data"
"2008-01-11 00:00:00-05:00","15.962972959241027","16.13112082529288","15.650271198682592","15.852446556091309","198880920","GOOGL","Alphabet Inc. (GOOGL) Historical Data"
"2008-01-14 00:00:00-05:00","16.17259919704825","16.32808069481297","16.026306541650783","16.239164352416992","177722100","GOOGL","Alphabet Inc. (GOOGL) Historical Data"
"2008-01-15 00:00:00-05:00","16.042451435639162","16.12068910459726","15.781161965881601","15.837542533874512","222505272","GOOGL","Alphabet Inc. (GOOGL) Historical Data"
"2008-01-16 00:00:00-05:00","15.621955806172744","15.895663667821696","14.950352518796064","15.298572540283203","421977600","GOOGL","Alphabet Inc. (GOOGL) Historical Data"
"2008-01-17 00:00:00-05:00","15.4180415302689","15.541730275614706","14.852990201867124","14.922039031982422","328343328","GOOGL","Alphabet Inc. (GOOGL) Historical Data"
"2008-01-18 00:00:00-05:00","15.110056985613664","15.150541653344032","14.863918497351635","14.908625602722168","341242416","GOOGL","Alphabet Inc. (GOOGL) Historical Data"
"2008-01-22 00:00:00-05:00","13.959342111538277","14.840322833029008","13.93872684746334","14.513711929321289","379679940","GOOGL","Alphabet Inc. (GOOGL) Historical Data"
"2008-01-23 00:00:00-05:00","13.926557478544291","14.107621589962575","12.890591234150968","13.626273155212402","677949372","GOOGL","Alphabet Inc. (GOOGL) Historical Data"
"2008-01-24 00:00:00-05:00","13.879117466788516","14.397969959064595","13.763374781693457","14.268815994262695","375659964","GOOGL","Alphabet Inc. (GOOGL) Historical Data"
"2008-01-25 00:00:00-05:00","14.698997296417465","14.778228810950413","14.062416355472871","14.067880630493164","278361360","GOOGL","Alphabet Inc. (GOOGL) Historical Data"
"2008-01-28 00:00:00-05:00","14.181388144355692","14.212931011454605","13.625776512977946","13.809075355529785","232435332","GOOGL","Alphabet Inc. (GOOGL) Historical Data"
"2008-01-29 00:00:00-05:00","13.920595197380278","13.941954426738745","13.42881517426443","13.673463821411133","251068680","GOOGL","Alphabet Inc. (GOOGL) Historical Data"
"2008-01-30 00:00:00-05:00","13.64043041827865","13.91960255553643","13.499354049661244","13.61758041381836","317266416","GOOGL","Alphabet Inc. (GOOGL) Historical Data"
"2008-01-31 00:00:00-05:00","13.387586183151592","14.231807725570974","13.270353672847524","14.01572322845459","594257148","GOOGL","Alphabet Inc. (GOOGL) Historical Data"
"2008-02-01 00:00:00-05:00","13.13076890136352","13.32946673615559","12.66705511762995","12.813594818115234","703315980","GOOGL","Alphabet Inc. (GOOGL) Historical Data"
"2008-02-04 00:00:00-05:00","12.643954196338056","12.73610101484386","12.233641364805655","12.30517292022705","525757716","GOOGL","Alphabet Inc. (GOOGL) Historical Data"
"2008-02-05 00:00:00-05:00","12.156150847643861","12.642217723725413","12.133548831138558","12.587575912475586","447683868","GOOGL","Alphabet Inc. (GOOGL) Historical Data"
"2008-02-06 00:00:00-05:00","12.695369117809669","12.696114031171305","12.367267437042369","12.461152076721191","305150544","GOOGL","Alphabet Inc. (GOOGL) Historical Data"
"2008-02-07 00:00:00-05:00","12.340690574105214","12.771121723124274","12.288531500113251","12.541624069213867","316838844","GOOGL","Alphabet Inc. (GOOGL) Historical Data"
"2008-02-08 00:00:00-05:00","12.652400539730667","12.859047263916173","12.634765875710091","12.833215713500977","272882844","GOOGL","Alphabet Inc. (GOOGL) Historical Data"
"2008-02-11 00:00:00-05:00","12.928342761319644","13.007574279385503","12.751501094874401","12.944238662719727","232806960","GOOGL","Alphabet Inc. (GOOGL) Historical Data"
"2008-02-12 00:00:00-05:00","12.999627179242555","13.178704543906262","12.74231214017745","12.867988586425781","266225508","GOOGL","Alphabet Inc. (GOOGL) Historical Data"
"2008-02-13 00:00:00-05:00","12.977520923821734","13.287738982531055","12.882890431043561","13.278549194335938","264723012","GOOGL","Alphabet Inc. (GOOGL) Historical Data"
"2008-02-14 00:00:00-05:00","13.371193545424893","13.438006687733763","13.188638664369057","13.219685554504395","258808932","GOOGL","Alphabet Inc. (GOOGL) Historical Data"
"2008-02-15 00:00:00-05:00","13.121825903048375","13.22986862173196","13.022972972582602","13.15485954284668","209394396","GOOGL","Alphabet Inc. (GOOGL) Historical Data"
"2008-02-19 00:00:00-05:00","13.286497782610768","13.289478382509369","12.580123055799927","12.640974998474121","253761984","GOOGL","Alphabet Inc. (GOOGL) Historical Data"
"2008-02-20 00:00:00-05:00","12.505860624625333","12.692141031153989","12.389373018359866","12.642217636108398","266221512","GOOGL","Alphabet Inc. (GOOGL) Historical Data"
"2008-02-21 00:00:00-05:00","12.737839854776038","12.746781654204346","12.406261613923917","12.489714622497559","226884888","GOOGL","Alphabet Inc. (GOOGL) Historical Data"
"2008-02-22 00:00:00-05:00","12.469846260613807","12.642217513910387","12.357830028823221","12.61241340637207","220415364","GOOGL","Alphabet Inc. (GOOGL) Historical Data"
"2008-02-25 00:00:00-05:00","12.56646332547296","12.580123541222862","12.064500562367666","12.081886291503906","334577088","GOOGL","Alphabet Inc. (GOOGL) Historical Data"
"2008-02-26 00:00:00-05:00","11.454991690013792","11.585883472508334","11.0985747870117","11.529254913330078","930560508","GOOGL","Alphabet Inc. (GOOGL) Historical Data"
"2008-02-27 00:00:00-05:00","11.42841622291601","11.809917903383585","11.416246779697767","11.744595527648926","404471124","GOOGL","Alphabet Inc. (GOOGL) Historical Data"
"2008-02-28 00:00:00-05:00","11.68597912868474","11.899331983575273","11.607990386193578","11.807435035705566","263212524","GOOGL","Alphabet Inc. (GOOGL) Historical Data"
"2008-02-29 00:00:00-05:00","11.72000523839836","11.915474453476081","11.540678965717243","11.702866554260254","376638984","GOOGL","Alphabet Inc. (GOOGL) Historical Data"
"2008-03-03 00:00:00-05:00","11.71106596113999","11.741119005665926","11.179546098661985","11.35117244720459","301877820","GOOGL","Alphabet Inc. (GOOGL) Historical Data"
"2008-03-04 00:00:00-05:00","11.20040841395415","11.260265562495418","10.823625179289296","11.042691230773926","544323132","GOOGL","Alphabet Inc. (GOOGL) Historical Data"
"2008-03-05 00:00:00-05:00","11.058835136412055","11.280384863733842","11.027788245539433","11.1196870803833","297166536","GOOGL","Alphabet Inc. (GOOGL) Historical Data"
"2008-03-06 00:00:00-05:00","11.11943647808321","11.25877500944288","10.709371673438561","10.747124671936035","298505196","GOOGL","Alphabet Inc. (GOOGL) Historical Data"
"2008-03-07 00:00:00-05:00","10.652247059902999","10.928438576752209","10.586676704827093","10.763270378112793","322549128","GOOGL","Alphabet Inc. (GOOGL) Historical Data"
"2008-03-10 00:00:00-04:00","10.651004781838175","10.704902622423088","10.258823523911612","10.273229598999023","319184496","GOOGL","Alphabet Inc. (GOOGL) Historical Data"
"2008-03-11 00:00:00-04:00","10.562335101156037","10.932163233072558","10.547184114632111","10.924463272094727","352722924","GOOGL","Alphabet Inc. (GOOGL) Historical Data"
"2008-03-12 00:00:00-04:00","10.928686581541506","11.124156755887197","10.880502900555026","10.932909965515137","265809924","GOOGL","Alphabet Inc. (GOOGL) Historical Data"
"2008-03-13 00:00:00-04:00","10.746381465628732","11.101804526340683","10.649764214293903","11.003199577331543","308754936","GOOGL","Alphabet Inc. (GOOGL) Historical Data"
"2008-03-14 00:00:00-04:00","11.002454079913315","11.160420191796312","10.695463655638955","10.876776695251465","262713024","GOOGL","Alphabet Inc. (GOOGL) Historical Data"
"2008-03-17 00:00:00-04:00","10.630142377513954","10.772213549068155","10.235725401552866","10.42846393585205","315212472","GOOGL","Alphabet Inc. (GOOGL) Historical Data"
"2008-03-18 00:00:00-04:00","10.654731942623552","10.949303069248618","10.569043239373162","10.907576560974121","289198512","GOOGL","Alphabet Inc. (GOOGL) Historical Data"
"2008-03-19 00:00:00-04:00","10.95600925088352","11.114720291122854","10.721545156078445","10.729741096496582","246912840","GOOGL","Alphabet Inc. (GOOGL) Historical Data"
"2008-03-20 00:00:00-04:00","10.6135014900062","10.821638036428023","10.369598691903395","10.768238067626953","396139464","GOOGL","Alphabet Inc. (GOOGL) Historical Data"
"2008-03-24 00:00:00-04:00","10.889444108987718","11.568745438566385","10.871809445298167","11.439095497131348","270269460","GOOGL","Alphabet Inc. (GOOGL) Historical Data"
"2008-03-25 00:00:00-04:00","11.362099168888687","11.36234715781494","11.077462779862634","11.196185111999512","233030736","GOOGL","Alphabet Inc. (GOOGL) Historical Data"
"2008-03-26 00:00:00-04:00","11.241141284396367","11.496469571583212","11.15917809682303","11.380230903625488","208818972","GOOGL","Alphabet Inc. (GOOGL) Historical Data"
"2008-03-27 00:00:00-04:00","11.077464282253642","11.142288785672473","10.940610344260808","11.029776573181152","233054712","GOOGL","Alphabet Inc. (GOOGL) Historical Data"
"2008-03-28 00:00:00-04:00","11.113724891632897","11.265481808117404","10.787114013949793","10.88075065612793","174872952","GOOGL","Alphabet Inc. (GOOGL) Historical Data"
"2008-03-31 00:00:00-04:00","10.820146998971753","10.995249885032173","10.729986939787773","10.94011116027832","177678144","GOOGL","Alphabet Inc. (GOOGL) Historical Data"
"2008-04-01 00:00:00-04:00","11.12067908113675","11.586627516170713","11.099069971633048","11.567005157470703","243480276","GOOGL","Alphabet Inc. (GOOGL) Historical Data"
"2008-04-02 00:00:00-04:00","11.671077284525012","11.816127166899152","11.434873473003696","11.566760063171387","239720040","GOOGL","Alphabet Inc. (GOOGL) Historical Data"
"2008-04-03 00:00:00-04:00","11.468155182723374","11.506902036024488","11.130366786736248","11.303979873657227","270864864","GOOGL","Alphabet Inc. (GOOGL) Historical Data"
"2008-04-04 00:00:00-04:00","11.350923205035324","11.868036933835103","11.330803919220216","11.700632095336914","235652112","GOOGL","Alphabet Inc. (GOOGL) Historical Data"
"2008-04-07 00:00:00-04:00","11.848166153478449","12.057047607674727","11.76123467530501","11.842949867248535","237502260","GOOGL","Alphabet Inc. (GOOGL) Historical Data"
"2008-04-08 00:00:00-04:00","11.74906524021962","11.776385669510542","11.475109408339463","11.619165420532227","181698120","GOOGL","Alphabet Inc. (GOOGL) Historical Data"
"2008-04-09 00:00:00-04:00","11.651951702420774","11.723235272325729","11.364086704855689","11.529254913330078","241682076","GOOGL","Alphabet Inc. (GOOGL) Historical Data"
"2008-04-10 00:00:00-04:00","11.548379644517063","11.76943148529963","11.471134879467565","11.65070915222168","202693104","GOOGL","Alphabet Inc. (GOOGL) Historical Data"
"2008-04-11 00:00:00-04:00","11.52627402959855","11.605505548535831","11.301247732086372","11.36185073852539","166621212","GOOGL","Alphabet Inc. (GOOGL) Historical Data"
"2008-04-14 00:00:00-04:00","11.354647359604847","11.361850396841195","11.180537360851309","11.218042373657227","153550296","GOOGL","Alphabet Inc. (GOOGL) Historical Data"
"2008-04-15 00:00:00-04:00","11.378740651129588","11.418232416692653","11.020833925131203","11.098326683044434","182920896","GOOGL","Alphabet Inc. (GOOGL) Historical Data"
"2008-04-16 00:00:00-04:00","11.037724258905364","11.382465819233138","10.953276447915592","11.301745414733887","304922772","GOOGL","Alphabet Inc. (GOOGL) Historical Data"
"2008-04-17 00:00:00-04:00","11.316646200727291","11.409537930539067","11.090378075651229","11.165387153625488","533585880","GOOGL","Alphabet Inc. (GOOGL) Historical Data"
"2008-04-18 00:00:00-04:00","13.293204755822693","13.603422827405357","13.033902031557531","13.397521018981934","728694576","GOOGL","Alphabet Inc. (GOOGL) Historical Data"
"2008-04-21 00:00:00-04:00","13.397023344183314","13.476502848101697","13.171004155649705","13.357283592224121","297290412","GOOGL","Alphabet Inc. (GOOGL) Historical Data"
"2008-04-22 00:00:00-04:00","13.35182175091084","13.92953851852526","13.351571868912846","13.784736633300781","317222460","GOOGL","Alphabet Inc. (GOOGL) Historical Data"
"2008-04-23 00:00:00-04:00","13.8577564782534","13.891783966236266","13.435769247657763","13.573369026184082","196663140","GOOGL","Alphabet Inc. (GOOGL) Historical Data"
"2008-04-24 00:00:00-04:00","13.692588384868516","13.772067889385175","13.412671357004747","13.487680435180664","165238596","GOOGL","Alphabet Inc. (GOOGL) Historical Data"
"2008-04-25 00:00:00-04:00","13.636207558337114","13.735060492844351","13.479981152247156","13.513014793395996","166409424","GOOGL","Alphabet Inc. (GOOGL) Historical Data"
"2008-04-28 00:00:00-04:00","13.558218868459834","13.829691036071575","13.387337451312757","13.713204383850098","160183656","GOOGL","Alphabet Inc. (GOOGL) Historical Data"
"2008-04-29 00:00:00-04:00","13.6811641685378","13.993368983175051","13.66079689430706","13.87092113494873","173666160","GOOGL","Alphabet Inc. (GOOGL) Historical Data"
"2008-04-30 00:00:00-04:00","13.963812917463976","14.526379636977802","13.870922125177318","14.263849258422852","315803880","GOOGL","Alphabet Inc. (GOOGL) Historical Data"
"2008-05-01 00:00:00-04:00","14.363694602612167","14.776491126314228","14.330412972216765","14.730542182922363","263847888","GOOGL","Alphabet Inc. (GOOGL) Historical Data"
"2008-05-02 00:00:00-04:00","14.864910442589997","14.963266440418991","14.388281439916875","14.437707901000977","279672048","GOOGL","Alphabet Inc. (GOOGL) Historical Data"
"2008-05-05 00:00:00-04:00","14.874102357416458","14.877579881765744","14.582759835020228","14.77574634552002","250988760","GOOGL","Alphabet Inc. (GOOGL) Historical Data"
"2008-05-06 00:00:00-04:00","14.678880631413685","14.703717385896473","14.48018186293811","14.563634872436523","184986828","GOOGL","Alphabet Inc. (GOOGL) Historical Data"
"2008-05-07 00:00:00-04:00","14.660748743551846","14.889748537116986","14.31699917122817","14.380830764770508","264255480","GOOGL","Alphabet Inc. (GOOGL) Historical Data"
"2008-05-08 00:00:00-04:00","14.55966212559184","14.636657015005147","14.378597064797468","14.480430603027344","204711084","GOOGL","Alphabet Inc. (GOOGL) Historical Data"
"2008-05-09 00:00:00-04:00","14.380830454089525","14.529855707331842","14.18958366652487","14.236774444580078","179216604","GOOGL","Alphabet Inc. (GOOGL) Historical Data"
"2008-05-12 00:00:00-04:00","14.2752725564116","14.57332022745149","14.130222696149005","14.528365135192871","194361444","GOOGL","Alphabet Inc. (GOOGL) Historical Data"
"2008-05-13 00:00:00-04:00","14.560405167292505","14.603125520331764","14.369654351781008","14.480181694030762","206333460","GOOGL","Alphabet Inc. (GOOGL) Historical Data"
"2008-05-14 00:00:00-04:00","14.566864810913073","14.683601353889063","14.287693606914837","14.313772201538086","174856968","GOOGL","Alphabet Inc. (GOOGL) Historical Data"
"2008-05-15 00:00:00-04:00","14.380831310509478","14.47893933200086","14.29663433273074","14.43050765991211","173534292","GOOGL","Alphabet Inc. (GOOGL) Historical Data"
"2008-05-16 00:00:00-04:00","14.441186315189658","14.521908608163406","14.363942493032818","14.407407760620117","170793036","GOOGL","Alphabet Inc. (GOOGL) Historical Data"
"2008-05-19 00:00:00-04:00","14.369654957033472","14.626226021531364","14.24472342791677","14.344072341918945","223955820","GOOGL","Alphabet Inc. (GOOGL) Historical Data"
"2008-05-20 00:00:00-04:00","14.272293289022295","14.467267503546658","14.229572932702364","14.37089729309082","132411456","GOOGL","Alphabet Inc. (GOOGL) Historical Data"
"2008-05-21 00:00:00-04:00","14.368909713623037","14.440690206269954","13.608142123494856","13.660300254821777","258465276","GOOGL","Alphabet Inc. (GOOGL) Historical Data"
"2008-05-22 00:00:00-04:00","13.708981524054732","13.765113156355287","13.418383928277324","13.647135734558105","202848948","GOOGL","Alphabet Inc. (GOOGL) Historical Data"
"2008-05-23 00:00:00-04:00","13.585041550016276","13.735058748343652","13.357779593003666","13.526922225952148","177082740","GOOGL","Alphabet Inc. (GOOGL) Historical Data"
"2008-05-27 00:00:00-04:00","13.53536861157857","13.973498803982952","13.507799246221023","13.931276321411133","154465380","GOOGL","Alphabet Inc. (GOOGL) Historical Data"
"2008-05-28 00:00:00-04:00","14.106130624245672","14.194302991769698","13.936243066465897","14.113580703735352","161853984","GOOGL","Alphabet Inc. (GOOGL) Historical Data"
"2008-05-29 00:00:00-04:00","14.276266641578822","14.551713249847573","14.236774877280132","14.480181694030762","193606200","GOOGL","Alphabet Inc. (GOOGL) Historical Data"
"2008-05-30 00:00:00-04:00","14.49185419872295","14.652055995742643","14.43795730634352","14.549726486206055","128878992","GOOGL","Alphabet Inc. (GOOGL) Historical Data"
"2008-06-02 00:00:00-04:00","14.467763094922956","14.502287510111932","14.188839895012947","14.281482696533203","146821032","GOOGL","Alphabet Inc. (GOOGL) Historical Data"
"2008-06-03 00:00:00-04:00","14.318737620661487","14.418087473959195","13.924071764784408","14.090234756469727","172039788","GOOGL","Alphabet Inc. (GOOGL) Historical Data"
"2008-06-04 00:00:00-04:00","14.041306308803646","14.35599578197466","14.021933827617758","14.21243667602539","134393472","GOOGL","Alphabet Inc. (GOOGL) Historical Data"
"2008-06-05 00:00:00-04:00","14.333143531874027","14.605362504469287","14.311536312424709","14.56214427947998","156511332","GOOGL","Alphabet Inc. (GOOGL) Historical Data"
"2008-06-06 00:00:00-04:00","14.399458922939187","14.423551709529857","14.082782745361328","14.082782745361328","189190620","GOOGL","Alphabet Inc. (GOOGL) Historical Data"
"2008-06-09 00:00:00-04:00","14.109112565293454","14.15729625002943","13.54629786109525","13.856019020080566","211320468","GOOGL","Alphabet Inc. (GOOGL) Historical Data"
"2008-06-10 00:00:00-04:00","13.649621151328938","13.879613862187488","13.580572320497943","13.764121055603027","146149704","GOOGL","Alphabet Inc. (GOOGL) Historical Data"
"2008-06-11 00:00:00-04:00","13.815533202112656","13.842853631149753","13.522948861002558","13.541329383850098","152363484","GOOGL","Alphabet Inc. (GOOGL) Historical Data"
"2008-06-12 00:00:00-04:00","13.629750737884294","13.859248416320305","13.583056880352432","13.733819961547852","219444336","GOOGL","Alphabet Inc. (GOOGL) Historical Data"
"2008-06-13 00:00:00-04:00","13.945929278014276","14.298868641358576","13.942204711411723","14.194799423217773","247128624","GOOGL","Alphabet Inc. (GOOGL) Historical Data"
"2008-06-16 00:00:00-04:00","14.070364657274302","14.383315328266375","14.070364657274302","14.227088928222656","141570288","GOOGL","Alphabet Inc. (GOOGL) Historical Data"
"2008-06-17 00:00:00-04:00","14.315013113006977","14.357733467738257","14.117060198852773","14.14388370513916","138377484","GOOGL","Alphabet Inc. (GOOGL) Historical Data"
"2008-06-18 00:00:00-04:00","14.020939700272","14.132211019860694","13.888060213183941","13.968036651611328","135112752","GOOGL","Alphabet Inc. (GOOGL) Historical Data"
"2008-06-19 00:00:00-04:00","13.793429729634525","14.002809077448505","13.680667636577176","13.913890838623047","227096676","GOOGL","Alphabet Inc. (GOOGL) Historical Data"
"2008-06-20 00:00:00-04:00","13.833912810716745","13.833912810716745","13.524190730242552","13.571878433227539","239084676","GOOGL","Alphabet Inc. (GOOGL) Historical Data"
"2008-06-23 00:00:00-04:00","13.545304760087006","13.73878820917139","13.462347719695881","13.541579246520996","145290564","GOOGL","Alphabet Inc. (GOOGL) Historical Data"
"2008-06-24 00:00:00-04:00","13.539839882457635","13.69010604236604","13.29047279444314","13.469301223754883","186717096","GOOGL","Alphabet Inc. (GOOGL) Historical Data"
"2008-06-25 00:00:00-04:00","13.535617422476195","13.854280384348964","13.503328693202564","13.685386657714844","164723112","GOOGL","Alphabet Inc. (GOOGL) Historical Data"
"2008-06-26 00:00:00-04:00","13.514005810818814","13.534621071674795","13.120582771789895","13.134491920471191","226153620","GOOGL","Alphabet Inc. (GOOGL) Historical Data"
"2008-06-27 00:00:00-04:00","13.106178994057315","13.163801403156535","12.793476288743253","13.115865707397461","217682100","GOOGL","Alphabet Inc. (GOOGL) Historical Data"
"2008-06-30 00:00:00-04:00","13.225148647060786","13.362498539582475","12.991429503920923","13.074882507324219","150461388","GOOGL","Alphabet Inc. (GOOGL) Historical Data"
"2008-07-01 00:00:00-04:00","12.90499614257004","13.330706988597994","12.84091466922122","13.281281471252441","198197604","GOOGL","Alphabet Inc. (GOOGL) Historical Data"
"2008-07-02 00:00:00-04:00","13.32549334440319","13.421613673610251","13.06594356199647","13.090283393859863","168751080","GOOGL","Alphabet Inc. (GOOGL) Historical Data"
"2008-07-03 00:00:00-04:00","13.185657784740368","13.393049416286468","13.10170785125193","13.337662696838379","95923980","GOOGL","Alphabet Inc. (GOOGL) Historical Data"
"2008-07-07 00:00:00-04:00","13.469301043299236","13.635712038902742","13.302890994218432","13.509288787841797","170037792","GOOGL","Alphabet Inc. (GOOGL) Historical Data"
"2008-07-08 00:00:00-04:00","13.560950750687581","13.789455525265014","13.412175368160169","13.773061752319336","197098704","GOOGL","Alphabet Inc. (GOOGL) Historical Data"
"2008-07-09 00:00:00-04:00","13.679423947341386","13.801623802056334","13.430305822713247","13.450672149658203","165993840","GOOGL","Alphabet Inc. (GOOGL) Historical Data"
"2008-07-10 00:00:00-04:00","13.536361934826074","13.648129218575152","13.181683819070892","13.426331520080566","173094732","GOOGL","Alphabet Inc. (GOOGL) Historical Data"
"2008-07-11 00:00:00-04:00","13.325245569097362","13.399757732218937","12.9012715313097","13.258184432983398","199056744","GOOGL","Alphabet Inc. (GOOGL) Historical Data"
"2008-07-14 00:00:00-04:00","13.387336679054698","13.41366420566303","12.802416936628976","12.955663681030273","176815008","GOOGL","Alphabet Inc. (GOOGL) Historical Data"
"2008-07-15 00:00:00-04:00","12.823032960684369","13.101708166303927","12.446001744462453","12.818313598632812","242597160","GOOGL","Alphabet Inc. (GOOGL) Historical Data"
"2008-07-16 00:00:00-04:00","12.767397461350964","13.325244803849703","12.681956751582524","13.30289077758789","189498312","GOOGL","Alphabet Inc. (GOOGL) Historical Data"
"2008-07-17 00:00:00-04:00","13.267123526994947","13.338904015968328","13.027195188647347","13.24924087524414","351144504","GOOGL","Alphabet Inc. (GOOGL) Historical Data"
"2008-07-18 00:00:00-04:00","12.37769874828168","12.39334666109078","11.87697784318522","11.954718589782715","451244304","GOOGL","Alphabet Inc. (GOOGL) Historical Data"
"2008-07-21 00:00:00-04:00","11.94379035637517","12.023517856179085","11.566759130957356","11.643755912780762","235823940","GOOGL","Alphabet Inc. (GOOGL) Historical Data"
"2008-07-22 00:00:00-04:00","11.592093037313697","11.92814170212511","11.564275683503107","11.850152969360352","187472340","GOOGL","Alphabet Inc. (GOOGL) Historical Data"
"2008-07-23 00:00:00-04:00","11.961921213385438","12.34988096612801","11.874741745722163","12.150933265686035","195568236","GOOGL","Alphabet Inc. (GOOGL) Historical Data"
"2008-07-24 00:00:00-04:00","12.336717507876395","12.340939945635379","11.813145637512207","11.813145637512207","141494364","GOOGL","Alphabet Inc. (GOOGL) Historical Data"
"2008-07-25 00:00:00-04:00","12.083127337196954","12.248048496843465","11.959189661681632","12.21948528289795","127212660","GOOGL","Alphabet Inc. (GOOGL) Historical Data"
"2008-07-28 00:00:00-04:00","12.222216793263435","12.222216793263435","11.800974466306647","11.850401878356934","126273600","GOOGL","Alphabet Inc. (GOOGL) Historical Data"
"2008-07-29 00:00:00-04:00","11.904546487647496","12.102252345247848","11.872257761703294","11.999176979064941","111999888","GOOGL","Alphabet Inc. (GOOGL) Historical Data"
"2008-07-30 00:00:00-04:00","12.058540374643114","12.071456624627306","11.743353964908643","11.988996505737305","139488372","GOOGL","Alphabet Inc. (GOOGL) Historical Data"
"2008-07-31 00:00:00-04:00","11.786819084640468","11.944038398336088","11.709326324579939","11.766700744628906","114489396","GOOGL","Alphabet Inc. (GOOGL) Historical Data"
"2008-08-01 00:00:00-04:00","11.735901794693655","11.753535511120907","11.487278697863468","11.620407104492188","120195684","GOOGL","Alphabet Inc. (GOOGL) Historical Data"
"2008-08-04 00:00:00-04:00","11.626865852909548","11.74831985605646","11.47237726199626","11.499698638916016","99380520","GOOGL","Alphabet Inc. (GOOGL) Historical Data"
"2008-08-05 00:00:00-04:00","11.613701366387811","11.923920379303128","11.582406487963608","11.918207168579102","143236620","GOOGL","Alphabet Inc. (GOOGL) Historical Data"
"2008-08-06 00:00:00-04:00","11.881447182972817","12.164593735186596","11.73590135157603","12.079401969909668","134896968","GOOGL","Alphabet Inc. (GOOGL) Historical Data"
"2008-08-07 00:00:00-04:00","11.971608424523849","12.021282881208421","11.832766798921574","11.900076866149902","110841048","GOOGL","Alphabet Inc. (GOOGL) Historical Data"
"2008-08-08 00:00:00-04:00","11.925659322030956","12.313121214829666","11.81488398836587","12.294742584228516","149422428","GOOGL","Alphabet Inc. (GOOGL) Historical Data"
"2008-08-11 00:00:00-04:00","12.231655168420549","12.639236354097319","12.214517428735908","12.439544677734375","169402428","GOOGL","Alphabet Inc. (GOOGL) Historical Data"
"2008-08-12 00:00:00-04:00","12.46835426241645","12.570932698259872","12.369004415022856","12.483505249023438","110117772","GOOGL","Alphabet Inc. (GOOGL) Historical Data"
"2008-08-13 00:00:00-04:00","12.458421754139477","12.506605440023716","12.266676126851081","12.419425964355469","144874980","GOOGL","Alphabet Inc. (GOOGL) Historical Data"
"2008-08-14 00:00:00-04:00","12.361555017700008","12.607693509058969","12.32653462491495","12.555038452148438","116627256","GOOGL","Alphabet Inc. (GOOGL) Historical Data"
"2008-08-15 00:00:00-04:00","12.592292626703976","12.68344559380372","12.5552854856215","12.67077922821045","141686172","GOOGL","Alphabet Inc. (GOOGL) Historical Data"
"2008-08-18 00:00:00-04:00","12.663079401517678","12.667053850007598","12.307160392999409","12.376456260681152","133222644","GOOGL","Alphabet Inc. (GOOGL) Historical Data"
"2008-08-19 00:00:00-04:00","12.18098714416462","12.37596040946154","12.086605579246992","12.18272590637207","121738140","GOOGL","Alphabet Inc. (GOOGL) Historical Data"
"2008-08-20 00:00:00-04:00","12.287539798926078","12.336470292906172","11.98576657361965","12.046121597290039","159124716","GOOGL","Alphabet Inc. (GOOGL) Historical Data"
"2008-08-21 00:00:00-04:00","11.994457602647943","12.167822684485092","11.903801559799076","12.08411979675293","140423436","GOOGL","Alphabet Inc. (GOOGL) Historical Data"
"2008-08-22 00:00:00-04:00","12.20756333411287","12.291513270420538","12.157391952787126","12.184961318969727","91796112","GOOGL","Alphabet Inc. (GOOGL) Historical Data"
"2008-08-25 00:00:00-04:00","12.073688474714345","12.344166762266632","11.959188586812216","11.996691703796387","80491428","GOOGL","Alphabet Inc. (GOOGL) Historical Data"
"2008-08-26 00:00:00-04:00","12.007872545043789","12.007872545043789","11.688215720545099","11.776884078979492","132195672","GOOGL","Alphabet Inc. (GOOGL) Historical Data"
"2008-08-27 00:00:00-04:00","11.766204443548828","11.793525822763051","11.545400562664899","11.638291358947754","175308516","GOOGL","Alphabet Inc. (GOOGL) Historical Data"
"2008-08-28 00:00:00-04:00","11.735403866360937","11.833759870984515","11.681754964471235","11.767443656921387","121066812","GOOGL","Alphabet Inc. (GOOGL) Historical Data"
"2008-08-29 00:00:00-04:00","11.667350586105545","11.6986454653769","11.483057888270226","11.506901741027832","153774072","GOOGL","Alphabet Inc. (GOOGL) Historical Data"
"2008-09-02 00:00:00-04:00","11.841708272114287","11.976079467401073","11.460454626908524","11.555582046508789","244215540","GOOGL","Alphabet Inc. (GOOGL) Historical Data"
"2008-09-03 00:00:00-04:00","11.642017281286419","11.780112104744004","11.414755286167855","11.534719467163086","172411416","GOOGL","Alphabet Inc. (GOOGL) Historical Data"
"2008-09-04 00:00:00-04:00","11.425187479759348","11.505660844344332","11.161911229080944","11.183271408081055","193746060","GOOGL","Alphabet Inc. (GOOGL) Historical Data"
"2008-09-05 00:00:00-04:00","11.064797394251492","11.237913571893797","10.930427126776046","11.033998489379883","181190628","GOOGL","Alphabet Inc. (GOOGL) Historical Data"
"2008-09-08 00:00:00-04:00","11.226985281547783","11.249835286684815","10.370840331192491","10.430450439453125","360355284","GOOGL","Alphabet Inc. (GOOGL) Historical Data"
"2008-09-09 00:00:00-04:00","10.51042510291157","10.739176890710628","10.30750296943172","10.398408889770508","288894816","GOOGL","Alphabet Inc. (GOOGL) Historical Data"
"2008-09-10 00:00:00-04:00","10.54271236266246","10.542962244607756","10.175367919148409","10.286639213562012","248822928","GOOGL","Alphabet Inc. (GOOGL) Historical Data"
"2008-09-11 00:00:00-04:00","10.142336129600475","10.806486431270178","10.093406590107044","10.773204803466797","258597144","GOOGL","Alphabet Inc. (GOOGL) Historical Data"
"2008-09-12 00:00:00-04:00","10.68528080923001","10.977865154479895","10.655227768950407","10.870318412780762","240878880","GOOGL","Alphabet Inc. (GOOGL) Historical Data"
"2008-09-15 00:00:00-04:00","10.531041380069993","10.9773684602477","10.523837396121024","10.7759370803833","262433304","GOOGL","Alphabet Inc. (GOOGL) Historical Data"
"2008-09-16 00:00:00-04:00","10.579723665453471","11.158930262077233","10.568049254183643","11.001213073730469","279348372","GOOGL","Alphabet Inc. (GOOGL) Historical Data"
"2008-09-17 00:00:00-04:00","10.890687306522558","10.907079188005426","10.268759370362355","10.294839859008789","364710924","GOOGL","Alphabet Inc. (GOOGL) Historical Data"
"2008-09-18 00:00:00-04:00","10.497263008104392","10.908071832673372","10.19573685193993","10.90558910369873","343232424","GOOGL","Alphabet Inc. (GOOGL) Historical Data"
"2008-09-19 00:00:00-04:00","11.450023791360131","11.476598360983896","11.009904961879212","11.15570068359375","399839760","GOOGL","Alphabet Inc. (GOOGL) Historical Data"
"2008-09-22 00:00:00-04:00","11.279390508073122","11.279390508073122","10.655227021704695","10.683541297912598","176115708","GOOGL","Alphabet Inc. (GOOGL) Historical Data"
"2008-09-23 00:00:00-04:00","10.760785876612534","10.94806011333139","10.573761521870344","10.661932945251465","207959832","GOOGL","Alphabet Inc. (GOOGL) Historical Data"
"2008-09-24 00:00:00-04:00","10.688510550252335","11.052626490079412","10.68279828551609","10.806985855102539","169510320","GOOGL","Alphabet Inc. (GOOGL) Historical Data"
"2008-09-25 00:00:00-04:00","10.899627260712206","11.176811676905595","10.828591684721843","10.918503761291504","200611188","GOOGL","Alphabet Inc. (GOOGL) Historical Data"
"2008-09-26 00:00:00-04:00","10.630389424582438","10.857900324689744","10.457273284142167","10.70589542388916","211488300","GOOGL","Alphabet Inc. (GOOGL) Historical Data"
"2008-09-29 00:00:00-04:00","10.419521359558049","10.518870272922985","9.455831599391175","9.463035583496094","430085484","GOOGL","Alphabet Inc. (GOOGL) Historical Data"
"2008-09-30 00:00:00-04:00","9.83509673363052","10.557865176366148","9.744192703216418","9.947858810424805","123328548","GOOGL","Alphabet Inc. (GOOGL) Historical Data"
"2008-10-01 00:00:00-04:00","10.211881791706746","10.356683684861393","10.011942107543051","10.226038932800293","249142608","GOOGL","Alphabet Inc. (GOOGL) Historical Data"
"2008-10-02 00:00:00-04:00","10.178101663729825","10.182821025540703","9.5872216634279","9.69874095916748","239156604","GOOGL","Alphabet Inc. (GOOGL) Historical Data"
"2008-10-03 00:00:00-04:00","9.869126932557396","10.245412326496133","9.514448760374266","9.609824180603027","319396284","GOOGL","Alphabet Inc. (GOOGL) Historical Data"
"2008-10-06 00:00:00-04:00","9.288676187079046","9.338598630264066","8.870911385992917","9.219877243041992","448375176","GOOGL","Alphabet Inc. (GOOGL) Historical Data"
"2008-10-07 00:00:00-04:00","9.272532418356244","9.313514009294481","8.578079165847202","8.593975067138672","441733824","GOOGL","Alphabet Inc. (GOOGL) Historical Data"
"2008-10-08 00:00:00-04:00","8.200303453047844","8.91636490637883","8.099711754036386","8.397760391235352","472582944","GOOGL","Alphabet Inc. (GOOGL) Historical Data"
"2008-10-09 00:00:00-04:00","8.55696675618842","8.657557489971005","7.989432802584483","8.17099380493164","322677000","GOOGL","Alphabet Inc. (GOOGL) Historical Data"
"2008-10-10 00:00:00-04:00","7.778067906134377","8.491645657037937","7.7070328006173074","8.246003150939941","423488088","GOOGL","Alphabet Inc. (GOOGL) Historical Data"
"2008-10-13 00:00:00-04:00","8.83688521286892","9.486629486896279","8.58751718937073","9.463531494140625","355863780","GOOGL","Alphabet Inc. (GOOGL) Historical Data"
"2008-10-14 00:00:00-04:00","9.774246455100133","9.798338296571139","8.866938221144945","9.008759498596191","311080608","GOOGL","Alphabet Inc. (GOOGL) Historical Data"
"2008-10-15 00:00:00-04:00","8.808570753359776","8.916613486155788","8.415643602077568","8.424088478088379","268587144","GOOGL","Alphabet Inc. (GOOGL) Historical Data"
"2008-10-16 00:00:00-04:00","8.264879044542448","8.85451812904586","7.685672531981698","8.768084526062012","648938412","GOOGL","Alphabet Inc. (GOOGL) Historical Data"
"2008-10-17 00:00:00-04:00","9.412366560908643","9.587222432155743","9.029623069180237","9.252910614013672","569398032","GOOGL","Alphabet Inc. (GOOGL) Historical Data"
"2008-10-20 00:00:00-04:00","9.431987171358529","9.462537135461746","8.931266293300297","9.421306610107422","269865864","GOOGL","Alphabet Inc. (GOOGL) Historical Data"
"2008-10-21 00:00:00-04:00","9.249183672621127","9.532081280466342","8.991123763149067","9.00975227355957","231048720","GOOGL","Alphabet Inc. (GOOGL) Historical Data"
"2008-10-22 00:00:00-04:00","8.866689917370733","9.182124264448852","8.544052533044178","8.833904266357422","262137600","GOOGL","Alphabet Inc. (GOOGL) Historical Data"
"2008-10-23 00:00:00-04:00","8.783731735923345","8.891774452558582","8.394779091863622","8.750699043273926","258896844","GOOGL","Alphabet Inc. (GOOGL) Historical Data"
"2008-10-24 00:00:00-04:00","8.10865373718353","8.704751025055277","8.0656853921208","8.427068710327148","294065640","GOOGL","Alphabet Inc. (GOOGL) Historical Data"
"2008-10-27 00:00:00-04:00","8.31579697137907","8.51921510375366","8.087044213363454","8.183661460876465","247779972","GOOGL","Alphabet Inc. (GOOGL) Historical Data"
"2008-10-28 00:00:00-04:00","8.421107593155885","9.172686388337514","8.159322124810187","9.158777236938477","323891784","GOOGL","Alphabet Inc. (GOOGL) Historical Data"
"2008-10-29 00:00:00-04:00","9.085258565802734","9.214660521585555","8.751940602412851","8.891775131225586","389873736","GOOGL","Alphabet Inc. (GOOGL) Historical Data"
"2008-10-30 00:00:00-04:00","9.151573377352086","9.239496802528754","8.900963551205297","8.933749198913574","319236444","GOOGL","Alphabet Inc. (GOOGL) Historical Data"
"2008-10-31 00:00:00-04:00","8.84607476886642","9.238504004725092","8.799131978201633","8.925554275512695","296635068","GOOGL","Alphabet Inc. (GOOGL) Historical Data"
"2008-11-03 00:00:00-05:00","8.881342594959518","9.015712834549731","8.480219573622975","8.605896949768066","237941820","GOOGL","Alphabet Inc. (GOOGL) Historical Data"
"2008-11-04 00:00:00-05:00","8.778516342795186","9.248439260865151","8.581307411186023","9.113821029663086","293702004","GOOGL","Alphabet Inc. (GOOGL) Historical Data"
"2008-11-05 00:00:00-05:00","8.99485127340183","9.162006247261951","8.477240566487989","8.50033950805664","277582140","GOOGL","Alphabet Inc. (GOOGL) Historical Data"
"2008-11-06 00:00:00-05:00","8.44395747955778","8.554482923857655","8.092259969173126","8.226630210876465","342649008","GOOGL","Alphabet Inc. (GOOGL) Historical Data"
"2008-11-07 00:00:00-05:00","8.273822196469068","8.473265896221848","8.080338750414905","8.224644660949707","187064748","GOOGL","Alphabet Inc. (GOOGL) Historical Data"
"2008-11-10 00:00:00-05:00","8.146654307298801","8.18241961265804","7.6864176007084355","7.917653560638428","322880796","GOOGL","Alphabet Inc. (GOOGL) Historical Data"
"2008-11-11 00:00:00-05:00","7.667045188371175","7.856056773938961","7.4641244521431505","7.735844135284424","405458136","GOOGL","Alphabet Inc. (GOOGL) Historical Data"
"2008-11-12 00:00:00-05:00","7.502124859774219","7.76142663487649","7.147198740139849","7.2276716232299805","401641956","GOOGL","Alphabet Inc. (GOOGL) Historical Data"
"2008-11-13 00:00:00-05:00","7.246797175998852","7.774094071989129","6.954461282206685","7.751244068145752","528858612","GOOGL","Alphabet Inc. (GOOGL) Historical Data"
"2008-11-14 00:00:00-05:00","7.5319301516958195","8.071894369178784","7.514792411910841","7.70007848739624","380303316","GOOGL","Alphabet Inc. (GOOGL) Historical Data"
"2008-11-17 00:00:00-05:00","7.5257198958041895","7.703555392737703","7.400290513094516","7.454188346862793","301450248","GOOGL","Alphabet Inc. (GOOGL) Historical Data"
"2008-11-18 00:00:00-05:00","7.490202771684631","7.543851674758925","7.087340967288194","7.387127876281738","333510156","GOOGL","Alphabet Inc. (GOOGL) Historical Data"
"2008-11-19 00:00:00-05:00","7.336707564740101","7.455926823549514","6.919191223453489","6.958931922912598","313070616","GOOGL","Alphabet Inc. (GOOGL) Historical Data"
"2008-11-20 00:00:00-05:00","6.827542182454498","7.027483742478855","6.433869671037276","6.446784973144531","390784824","GOOGL","Alphabet Inc. (GOOGL) Historical Data"
"2008-11-21 00:00:00-05:00","6.520055541637719","6.690440517333708","6.142280337749039","6.518068790435791","409370220","GOOGL","Alphabet Inc. (GOOGL) Historical Data"
"2008-11-24 00:00:00-05:00","6.6877074825716925","6.704846168486142","6.184750893936425","6.394129753112793","401785812","GOOGL","Alphabet Inc. (GOOGL) Historical Data"
"2008-11-25 00:00:00-05:00","6.673302131134591","7.11987813572107","6.6395235778793875","7.005377292633057","430417152","GOOGL","Alphabet Inc. (GOOGL) Historical Data"
"2008-11-26 00:00:00-05:00","6.961415726384904","7.338447433987619","6.8600795842740645","7.2547454833984375","254009736","GOOGL","Alphabet Inc. (GOOGL) Historical Data"
"2008-11-28 00:00:00-05:00","7.217240174952832","7.363035893509168","7.1601137488120115","7.276352405548096","102517380","GOOGL","Alphabet Inc. (GOOGL) Historical Data"
"2008-12-01 00:00:00-05:00","7.120373290616633","7.1377599628791","6.606240238942678","6.606488227844238","228219552","GOOGL","Alphabet Inc. (GOOGL) Historical Data"
"2008-12-02 00:00:00-05:00","6.699381051945384","6.899321176115088","6.521794005829859","6.833006381988525","233354412","GOOGL","Alphabet Inc. (GOOGL) Historical Data"
"2008-12-03 00:00:00-05:00","6.702361738794244","6.988239494381054","6.590345045312983","6.940303802490234","235955808","GOOGL","Alphabet Inc. (GOOGL) Historical Data"
"2008-12-04 00:00:00-05:00","6.86827521591264","7.041143384982572","6.675537642812177","6.8138813972473145","195268536","GOOGL","Alphabet Inc. (GOOGL) Historical Data"
"2008-12-05 00:00:00-05:00","6.731421219977831","7.0597713530032795","6.557560150381284","7.053562164306641","260587152","GOOGL","Alphabet Inc. (GOOGL) Historical Data"
"2008-12-08 00:00:00-05:00","7.20258615617991","7.685672846651946","7.0041353831107225","7.50361442565918","325446228","GOOGL","Alphabet Inc. (GOOGL) Historical Data"
"2008-12-09 00:00:00-05:00","7.39383396565874","7.898280837223387","7.376944689036252","7.5994873046875","275320404","GOOGL","Alphabet Inc. (GOOGL) Historical Data"
"2008-12-10 00:00:00-05:00","7.680705402967833","7.821284361275725","7.563223962730445","7.670273303985596","209270520","GOOGL","Alphabet Inc. (GOOGL) Historical Data"
"2008-12-11 00:00:00-05:00","7.5547797261675","7.771113139738629","7.396565164986163","7.456671714782715","246920832","GOOGL","Alphabet Inc. (GOOGL) Historical Data"
"2008-12-12 00:00:00-05:00","7.344655475102835","7.860279831467584","7.302183584805755","7.842645168304443","228655116","GOOGL","Alphabet Inc. (GOOGL) Historical Data"
"2008-12-15 00:00:00-05:00","7.7991798037859095","7.910451116742244","7.57812700456809","7.71622371673584","269246484","GOOGL","Alphabet Inc. (GOOGL) Historical Data"
"2008-12-16 00:00:00-05:00","7.8118475219748245","8.183910934813424","7.731126170780103","8.079096794128418","282101616","GOOGL","Alphabet Inc. (GOOGL) Historical Data"
"2008-12-17 00:00:00-05:00","7.914176888272252","8.000858486227393","7.759687827305838","7.8297295570373535","231356412","GOOGL","Alphabet Inc. (GOOGL) Historical Data"
"2008-12-18 00:00:00-05:00","7.8659922444755015","7.956648769587889","7.677476629710222","7.706536769866943","190349460","GOOGL","Alphabet Inc. (GOOGL) Historical Data"
"2008-12-19 00:00:00-05:00","7.724171290098528","7.893065002378084","7.674744351541386","7.703804016113281","224279496","GOOGL","Alphabet Inc. (GOOGL) Historical Data"
"2008-12-22 00:00:00-05:00","7.663816810351363","7.687163265951726","7.218482613692336","7.379428386688232","156547296","GOOGL","Alphabet Inc. (GOOGL) Historical Data"
"2008-12-23 00:00:00-05:00","7.461887606140719","7.5334191574290905","7.368498955328032","7.402029991149902","150956892","GOOGL","Alphabet Inc. (GOOGL) Historical Data"
"2008-12-24 00:00:00-05:00","7.487968213371695","7.608676828432893","7.41097190780019","7.524477958679199","76783140","GOOGL","Alphabet Inc. (GOOGL) Historical Data"
"2008-12-26 00:00:00-05:00","7.552296123549267","7.581853187976344","7.409233476437381","7.460150718688965","78285636","GOOGL","Alphabet Inc. (GOOGL) Historical Data"
"2008-12-29 00:00:00-05:00","7.456672207263198","7.485483409815746","7.24207754148866","7.387127876281738","147927924","GOOGL","Alphabet Inc. (GOOGL) Historical Data"
"2008-12-30 00:00:00-05:00","7.471078448623045","7.6203507509722925","7.419167833212781","7.528451919555664","153586260","GOOGL","Alphabet Inc. (GOOGL) Historical Data"
"2008-12-31 00:00:00-05:00","7.55552567212427","7.724419386759363","7.516033907818189","7.641213893890381","115356528","GOOGL","Alphabet Inc. (GOOGL) Historical Data"
"2009-01-02 00:00:00-05:00","7.664809749443976","7.993159401104114","7.587813445199331","7.980741024017334","144275580","GOOGL","Alphabet Inc. (GOOGL) Historical Data"
"2009-01-05 00:00:00-05:00","7.972792913485737","8.227127328867322","7.823768605342433","8.147895812988281","195364440","GOOGL","Alphabet Inc. (GOOGL) Historical Data"
"2009-01-06 00:00:00-05:00","8.270343330961094","8.464571636690941","8.106664984762519","8.297167778015137","256750992","GOOGL","Alphabet Inc. (GOOGL) Historical Data"
"2009-01-07 00:00:00-05:00","8.154600894000808","8.218929403012593","7.916907796222428","7.9978766441345215","179600220","GOOGL","Alphabet Inc. (GOOGL) Historical Data"
"2009-01-08 00:00:00-05:00","7.905235055411456","8.076861381530762","7.881887654512387","8.076861381530762","143883972","GOOGL","Alphabet Inc. (GOOGL) Historical Data"
"2009-01-09 00:00:00-05:00","8.134236378337674","8.134236378337674","7.784029599233843","7.825508117675781","173446380","GOOGL","Alphabet Inc. (GOOGL) Historical Data"
"2009-01-12 00:00:00-05:00","7.856306224012827","7.921876582438113","7.7052951566112355","7.76639461517334","132039828","GOOGL","Alphabet Inc. (GOOGL) Historical Data"
"2009-01-13 00:00:00-05:00","7.743544376913401","7.9628579472136884","7.709269369950097","7.806879997253418","177122700","GOOGL","Alphabet Inc. (GOOGL) Historical Data"
"2009-01-14 00:00:00-05:00","7.699581678266975","7.793963231367099","7.395323412911006","7.475300312042236","218497284","GOOGL","Alphabet Inc. (GOOGL) Historical Data"
"2009-01-15 00:00:00-05:00","7.390854283414136","7.540126117667198","7.123107150445294","7.426122665405273","237142620","GOOGL","Alphabet Inc. (GOOGL) Historical Data"
"2009-01-16 00:00:00-05:00","7.575891711746006","7.656116606767235","7.3444077617872505","7.44301176071167","208767024","GOOGL","Alphabet Inc. (GOOGL) Historical Data"
"2009-01-20 00:00:00-05:00","7.429847451542617","7.438788776698957","7.022763252258301","7.022763252258301","201726072","GOOGL","Alphabet Inc. (GOOGL) Historical Data"
"2009-01-21 00:00:00-05:00","7.161852470865178","7.538138251688533","7.161852470865178","7.527707099914551","196783020","GOOGL","Alphabet Inc. (GOOGL) Historical Data"
"2009-01-22 00:00:00-05:00","7.402526161283297","7.6834365610315185","7.330746619213099","7.612650394439697","330349320","GOOGL","Alphabet Inc. (GOOGL) Historical Data"
"2009-01-23 00:00:00-05:00","7.681449741261773","8.245009771004097","7.556021298824616","8.064690589904785","428882688","GOOGL","Alphabet Inc. (GOOGL) Historical Data"
"2009-01-26 00:00:00-05:00","8.068417699573269","8.146655380188262","7.961865736276419","8.044076919555664","184243572","GOOGL","Alphabet Inc. (GOOGL) Historical Data"
"2009-01-27 00:00:00-05:00","8.108156019061695","8.292449652307514","8.054011139108361","8.233087539672852","196894908","GOOGL","Alphabet Inc. (GOOGL) Historical Data"
"2009-01-28 00:00:00-05:00","8.394531789982151","8.750947748411887","8.353053272667701","8.660042762756348","307348344","GOOGL","Alphabet Inc. (GOOGL) Historical Data"
"2009-01-29 00:00:00-05:00","8.55746262309267","8.570129933749719","8.447433168214141","8.527161598205566","291060648","GOOGL","Alphabet Inc. (GOOGL) Historical Data"
"2009-01-30 00:00:00-05:00","8.561191413185451","8.663272946400918","8.345353935024418","8.40819263458252","186693120","GOOGL","Alphabet Inc. (GOOGL) Historical Data"
"2009-02-02 00:00:00-05:00","8.302881975174511","8.568889875058632","8.246003533119419","8.458860397338867","208067724","GOOGL","Alphabet Inc. (GOOGL) Historical Data"
"2009-02-03 00:00:00-05:00","8.508533305934444","8.519213866130322","8.291454990000075","8.455878257751465","261997740","GOOGL","Alphabet Inc. (GOOGL) Historical Data"
"2009-02-04 00:00:00-05:00","8.446441238109106","8.803355078070286","8.424088157602041","8.51921558380127","272423304","GOOGL","Alphabet Inc. (GOOGL) Historical Data"
"2009-02-05 00:00:00-05:00","8.467304948622605","8.826700550362407","8.370189830332931","8.78547191619873","290285424","GOOGL","Alphabet Inc. (GOOGL) Historical Data"
"2009-02-06 00:00:00-05:00","8.853525415242549","9.284454487336506","8.828191734981358","9.2216157913208","281242476","GOOGL","Alphabet Inc. (GOOGL) Historical Data"
"2009-02-09 00:00:00-05:00","9.221614741587226","9.463034795832282","9.122762760856453","9.407647132873535","198892908","GOOGL","Alphabet Inc. (GOOGL) Historical Data"
"2009-02-10 00:00:00-05:00","9.338351519053099","9.3761045243056","8.889043809021361","8.90444278717041","283863852","GOOGL","Alphabet Inc. (GOOGL) Historical Data"
"2009-02-11 00:00:00-05:00","8.915371830842124","9.06563800024609","8.767589337195394","8.892769813537598","209054736","GOOGL","Alphabet Inc. (GOOGL) Historical Data"
"2009-02-12 00:00:00-05:00","8.77156086192657","9.031359506568368","8.729834365898164","9.01720142364502","221789988","GOOGL","Alphabet Inc. (GOOGL) Historical Data"
"2009-02-13 00:00:00-05:00","8.995844383475577","9.015713787736551","8.822976212400734","8.883827209472656","165702132","GOOGL","Alphabet Inc. (GOOGL) Historical Data"
"2009-02-17 00:00:00-05:00","8.60639227406104","8.62079834675136","8.43700165811278","8.51076889038086","226988784","GOOGL","Alphabet Inc. (GOOGL) Historical Data"
"2009-02-18 00:00:00-05:00","8.624525167544979","8.777026058852881","8.457618201361637","8.770320892333984","240739020","GOOGL","Alphabet Inc. (GOOGL) Historical Data"
"2009-02-19 00:00:00-05:00","8.878612316518947","8.936482716561075","8.479723972754575","8.510274887084961","199348452","GOOGL","Alphabet Inc. (GOOGL) Historical Data"
"2009-02-20 00:00:00-05:00","8.3962706934747","8.6662530439796","8.320515748717867","8.604904174804688","248435316","GOOGL","Alphabet Inc. (GOOGL) Historical Data"
"2009-02-23 00:00:00-05:00","8.61856613606413","8.688110005273227","8.185153348906324","8.197820663452148","208635156","GOOGL","Alphabet Inc. (GOOGL) Historical Data"
"2009-02-24 00:00:00-05:00","8.221663042776346","8.683638018794692","8.21843445410737","8.580065727233887","243592164","GOOGL","Alphabet Inc. (GOOGL) Historical Data"
"2009-02-25 00:00:00-05:00","8.498103760745831","8.750202525352078","8.41787838476121","8.485437393188477","257306436","GOOGL","Alphabet Inc. (GOOGL) Historical Data"
"2009-02-26 00:00:00-05:00","8.592731690852682","8.754919263467125","8.374162613969666","8.374659538269043","223999776","GOOGL","Alphabet Inc. (GOOGL) Historical Data"
"2009-02-27 00:00:00-05:00","8.26959874857543","8.539581076088911","8.223897796664263","8.394779205322266","216583200","GOOGL","Alphabet Inc. (GOOGL) Historical Data"
"2009-03-02 00:00:00-05:00","8.279038310834466","8.462089179426783","8.09698034457653","8.125791549682617","231308460","GOOGL","Alphabet Inc. (GOOGL) Historical Data"
"2009-03-03 00:00:00-05:00","8.198067458382175","8.287979538489642","8.00632373836438","8.084064483642578","260731008","GOOGL","Alphabet Inc. (GOOGL) Historical Data"
"2009-03-04 00:00:00-05:00","8.026441246216274","8.171492059191348","7.833206750239299","7.921131134033203","312423264","GOOGL","Alphabet Inc. (GOOGL) Historical Data"
"2009-03-05 00:00:00-05:00","7.860527900065136","7.925104880572401","7.51677927219398","7.591291427612305","260934804","GOOGL","Alphabet Inc. (GOOGL) Historical Data"
"2009-03-06 00:00:00-05:00","7.630533367746075","7.70430107909125","7.308393396063433","7.664063930511475","289078632","GOOGL","Alphabet Inc. (GOOGL) Historical Data"
"2009-03-09 00:00:00-04:00","7.450711505815223","7.614389879915069","7.18917357571673","7.224940299987793","258593148","GOOGL","Alphabet Inc. (GOOGL) Historical Data"
"2009-03-10 00:00:00-04:00","7.407743040338137","7.711999898420249","7.3083936593626","7.654129505157471","268938792","GOOGL","Alphabet Inc. (GOOGL) Historical Data"
"2009-03-11 00:00:00-04:00","7.702065334677918","7.947955352777579","7.593029239213376","7.896045684814453","236707056","GOOGL","Alphabet Inc. (GOOGL) Historical Data"
"2009-03-12 00:00:00-04:00","7.886855324185023","8.072142345912841","7.790238547714489","8.03563117980957","200763036","GOOGL","Alphabet Inc. (GOOGL) Historical Data"
"2009-03-13 00:00:00-04:00","8.099462898646427","8.133242396837794","7.9238630812299125","8.05773639678955","156099744","GOOGL","Alphabet Inc. (GOOGL) Historical Data"
"2009-03-16 00:00:00-04:00","8.096731444161385","8.189623173548409","7.912934736355171","7.940255165100098","197674128","GOOGL","Alphabet Inc. (GOOGL) Historical Data"
"2009-03-17 00:00:00-04:00","7.952427987367983","8.328962326049805","7.925354595959775","8.328962326049805","188311500","GOOGL","Alphabet Inc. (GOOGL) Historical Data"
"2009-03-18 00:00:00-04:00","8.315798299043943","8.44470429479547","8.147897456329948","8.273326873779297","200287512","GOOGL","Alphabet Inc. (GOOGL) Historical Data"
"2009-03-19 00:00:00-04:00","8.2380567708613","8.345354599554812","8.131256813179546","8.194840431213379","164283552","GOOGL","Alphabet Inc. (GOOGL) Historical Data"
"2009-03-20 00:00:00-04:00","8.203781555984936","8.270593757903358","8.105425536633653","8.20030403137207","189326484","GOOGL","Alphabet Inc. (GOOGL) Historical Data"
"2009-03-23 00:00:00-04:00","8.284750513839894","8.679416410765178","8.271586275933416","8.658305168151855","170689140","GOOGL","Alphabet Inc. (GOOGL) Historical Data"
"2009-03-24 00:00:00-04:00","8.60614570681262","8.788451652603984","8.544052872997169","8.622786521911621","152647200","GOOGL","Alphabet Inc. (GOOGL) Historical Data"
"2009-03-25 00:00:00-04:00","8.703010902716587","8.726356881775168","8.35156234182679","8.54578971862793","173278548","GOOGL","Alphabet Inc. (GOOGL) Historical Data"
"2009-03-26 00:00:00-04:00","8.770817268702073","8.920587448942406","8.655820439501161","8.774791717529297","239891868","GOOGL","Alphabet Inc. (GOOGL) Historical Data"
"2009-03-27 00:00:00-04:00","8.6930755668962","8.74275096591759","8.580562425596842","8.635950088500977","132779088","GOOGL","Alphabet Inc. (GOOGL) Historical Data"
"2009-03-30 00:00:00-04:00","8.508037139621871","8.539332963246414","8.346595403447395","8.511514663696289","123640236","GOOGL","Alphabet Inc. (GOOGL) Historical Data"
"2009-03-31 00:00:00-04:00","8.666499895754729","8.780254872654028","8.598196933222841","8.644890785217285","146065788","GOOGL","Alphabet Inc. (GOOGL) Historical Data"
"2009-04-01 00:00:00-04:00","8.538587385943947","8.823223782027698","8.459853739474369","8.794660568237305","131915952","GOOGL","Alphabet Inc. (GOOGL) Historical Data"
"2009-04-02 00:00:00-04:00","9.0236612458661","9.183862095060663","8.949398026365259","9.003543853759766","179340480","GOOGL","Alphabet Inc. (GOOGL) Historical Data"
"2009-04-03 00:00:00-04:00","9.053218831670685","9.232544181094811","8.891775188920477","9.184359550476074","151440408","GOOGL","Alphabet Inc. (GOOGL) Historical Data"
"2009-04-06 00:00:00-04:00","9.115311625819713","9.185353358099396","8.976222010081187","9.146109580993652","131080788","GOOGL","Alphabet Inc. (GOOGL) Historical Data"
"2009-04-07 00:00:00-04:00","9.006025994876229","9.03458920659981","8.824961905554872","8.907918930053711","147056796","GOOGL","Alphabet Inc. (GOOGL) Historical Data"
"2009-04-08 00:00:00-04:00","9.028381186677642","9.065637266543762","8.847316127406048","8.991125106811523","110497392","GOOGL","Alphabet Inc. (GOOGL) Historical Data"
"2009-04-09 00:00:00-04:00","9.177404731929638","9.29786582581261","9.096682443593924","9.251916885375977","135168696","GOOGL","Alphabet Inc. (GOOGL) Historical Data"
"2009-04-13 00:00:00-04:00","9.222858570288663","9.415844138447818","9.197275008047571","9.391254425048828","121881996","GOOGL","Alphabet Inc. (GOOGL) Historical Data"
"2009-04-14 00:00:00-04:00","9.36219585741204","9.363437695286345","9.080540023251022","9.162752151489258","137006856","GOOGL","Alphabet Inc. (GOOGL) Historical Data"
"2009-04-15 00:00:00-04:00","9.117796928358326","9.464525251715719","9.044774590688935","9.425779342651367","197030772","GOOGL","Alphabet Inc. (GOOGL) Historical Data"
"2009-04-16 00:00:00-04:00","9.475453072274242","9.758598707569803","9.463531619067757","9.655275344848633","406996596","GOOGL","Alphabet Inc. (GOOGL) Historical Data"
"2009-04-17 00:00:00-04:00","9.587717984584044","9.930473716535273","9.557664943624852","9.742206573486328","428802768","GOOGL","Alphabet Inc. (GOOGL) Historical Data"
"2009-04-20 00:00:00-04:00","9.590946248688336","9.702714480096688","9.336115854765353","9.42081069946289","176978844","GOOGL","Alphabet Inc. (GOOGL) Historical Data"
"2009-04-21 00:00:00-04:00","9.343070909302464","9.544998281128471","9.341332147058658","9.474708557128906","147668184","GOOGL","Alphabet Inc. (GOOGL) Historical Data"
"2009-04-22 00:00:00-04:00","9.481661994776891","9.686570898816043","9.413607962222772","9.534069061279297","139931928","GOOGL","Alphabet Inc. (GOOGL) Historical Data"
"2009-04-23 00:00:00-04:00","9.624724464227464","9.680361062313839","9.465765459759517","9.554683685302734","104255640","GOOGL","Alphabet Inc. (GOOGL) Historical Data"
"2009-04-24 00:00:00-04:00","9.588461813836313","9.765552397300816","9.450615001917015","9.67390251159668","135280584","GOOGL","Alphabet Inc. (GOOGL) Historical Data"
"2009-04-27 00:00:00-04:00","9.545991717879609","9.6739038467427","9.50649995197521","9.585979461669922","91532376","GOOGL","Alphabet Inc. (GOOGL) Historical Data"
"2009-04-28 00:00:00-04:00","9.531336911715227","9.66297550320633","9.476447113625259","9.530344009399414","117626256","GOOGL","Alphabet Inc. (GOOGL) Historical Data"
"2009-04-29 00:00:00-04:00","9.586476599669004","9.810013080611869","9.58299907525404","9.723082542419434","144255600","GOOGL","Alphabet Inc. (GOOGL) Historical Data"
"2009-04-30 00:00:00-04:00","9.829633064590535","10.028083825401731","9.805789214623708","9.834848403930664","174053772","GOOGL","Alphabet Inc. (GOOGL) Historical Data"
"2009-05-01 00:00:00-04:00","9.81150179387978","9.875085389702411","9.725067251731822","9.778219223022461","97010892","GOOGL","Alphabet Inc. (GOOGL) Historical Data"
"2009-05-04 00:00:00-04:00","9.889492728286603","9.994554856846328","9.805542788933211","9.984123229980469","127991880","GOOGL","Alphabet Inc. (GOOGL) Historical Data"
"2009-05-05 00:00:00-04:00","9.934447584165753","10.059130167230888","9.866640597856035","10.009207725524902","95935968","GOOGL","Alphabet Inc. (GOOGL) Historical Data"
"2009-05-06 00:00:00-04:00","10.10358971443934","10.140597803325102","9.959781689459653","10.021129608154297","105210684","GOOGL","Alphabet Inc. (GOOGL) Historical Data"
"2009-05-07 00:00:00-04:00","10.03677663111182","10.058881718997691","9.748662735772424","9.850744247436523","119872008","GOOGL","Alphabet Inc. (GOOGL) Historical Data"
"2009-05-08 00:00:00-04:00","10.00573117210036","10.186547295739702","9.810757908498742","10.117002487182617","154449396","GOOGL","Alphabet Inc. (GOOGL) Historical Data"
"2009-05-11 00:00:00-04:00","10.004488308717189","10.232992115395376","9.964748557404572","10.133146286010742","102269628","GOOGL","Alphabet Inc. (GOOGL) Historical Data"
"2009-05-12 00:00:00-04:00","10.183567445780307","10.207907276435174","9.813490330150378","9.910355567932129","151480368","GOOGL","Alphabet Inc. (GOOGL) Historical Data"
"2009-05-13 00:00:00-04:00","9.788155218720078","9.845281645571674","9.645588087042952","9.675145149230957","113598288","GOOGL","Alphabet Inc. (GOOGL) Historical Data"
"2009-05-14 00:00:00-04:00","9.656765157913224","9.7414609457897","9.554683643103488","9.624476432800293","117362520","GOOGL","Alphabet Inc. (GOOGL) Historical Data"
"2009-05-15 00:00:00-04:00","9.71389059546608","9.788651681927506","9.663968154708531","9.686570167541504","120227652","GOOGL","Alphabet Inc. (GOOGL) Historical Data"
"2009-05-18 00:00:00-04:00","9.804050647774131","9.86813117330819","9.57231825587629","9.856457710266113","133933932","GOOGL","Alphabet Inc. (GOOGL) Historical Data"
"2009-05-19 00:00:00-04:00","9.838076654187084","9.975676421005097","9.761081778681069","9.907125473022461","113386500","GOOGL","Alphabet Inc. (GOOGL) Historical Data"
"2009-05-20 00:00:00-04:00","9.98685436985561","10.075772602279832","9.810757613669912","9.86490249633789","91268640","GOOGL","Alphabet Inc. (GOOGL) Historical Data"
"2009-05-21 00:00:00-04:00","9.843045580293706","10.005483070925129","9.78194659443729","9.848013877868652","108683208","GOOGL","Alphabet Inc. (GOOGL) Historical Data"
"2009-05-22 00:00:00-04:00","9.851985131982989","9.901411588806148","9.736243417917366","9.773499488830566","68675256","GOOGL","Alphabet Inc. (GOOGL) Historical Data"
"2009-05-26 00:00:00-04:00","9.735005378999523","10.059131681814609","9.686571810057176","10.043235778808594","124055820","GOOGL","Alphabet Inc. (GOOGL) Historical Data"
"2009-05-27 00:00:00-04:00","10.075026759627262","10.229515350101961","10.054411495895305","10.073040008544922","121250628","GOOGL","Alphabet Inc. (GOOGL) Historical Data"
"2009-05-28 00:00:00-04:00","10.150532211664508","10.223554538548816","10.049443596130157","10.193252563476562","106645248","GOOGL","Alphabet Inc. (GOOGL) Historical Data"
"2009-05-29 00:00:00-04:00","10.235723990385642","10.36289119720459","10.200703600029755","10.36289119720459","105822072","GOOGL","Alphabet Inc. (GOOGL) Historical Data"
"2009-06-01 00:00:00-04:00","10.400149132710633","10.670130535432493","10.395181781573905","10.594625473022461","132763104","GOOGL","Alphabet Inc. (GOOGL) Historical Data"
"2009-06-02 00:00:00-04:00","10.586925581815777","10.679072406978788","10.516139881120207","10.640326499938965","104839056","GOOGL","Alphabet Inc. (GOOGL) Historical Data"
"2009-06-03 00:00:00-04:00","10.580715943591066","10.7411647870519","10.531041487477305","10.721046447753906","141170688","GOOGL","Alphabet Inc. (GOOGL) Historical Data"
"2009-06-04 00:00:00-04:00","10.811703638369949","10.95923814214649","10.791834232433738","10.935394287109375","145378476","GOOGL","Alphabet Inc. (GOOGL) Historical Data"
"2009-06-05 00:00:00-04:00","11.054365552211067","11.11074707379744","10.91502698934486","11.035737037658691","147084768","GOOGL","Alphabet Inc. (GOOGL) Historical Data"
"2009-06-08 00:00:00-04:00","10.916018823825555","10.95128814861373","10.782394443554885","10.89788818359375","123824052","GOOGL","Alphabet Inc. (GOOGL) Historical Data"
"2009-06-09 00:00:00-04:00","10.893169906560145","10.94085855901389","10.723779260275194","10.819650650024414","130065804","GOOGL","Alphabet Inc. (GOOGL) Historical Data"
"2009-06-10 00:00:00-04:00","10.83480328908837","10.876032873416202","10.597357646303543","10.744643211364746","134221644","GOOGL","Alphabet Inc. (GOOGL) Historical Data"
"2009-06-11 00:00:00-04:00","10.724027564735408","10.772709120918321","10.639580701313275","10.655228614807129","114493392","GOOGL","Alphabet Inc. (GOOGL) Historical Data"
"2009-06-12 00:00:00-04:00","10.602076058565233","10.622939311080428","10.461744608701213","10.551904678344727","116619264","GOOGL","Alphabet Inc. (GOOGL) Historical Data"
"2009-06-15 00:00:00-04:00","10.468947632170064","10.468947632170064","10.282667239929507","10.35146713256836","149326524","GOOGL","Alphabet Inc. (GOOGL) Historical Data"
"2009-06-16 00:00:00-04:00","10.414553308903324","10.4587644337163","10.31793606647875","10.332341194152832","121866012","GOOGL","Alphabet Inc. (GOOGL) Historical Data"
"2009-06-17 00:00:00-04:00","10.337060273666124","10.42473666107772","10.222063458247959","10.311477661132812","139464396","GOOGL","Alphabet Inc. (GOOGL) Historical Data"
"2009-06-18 00:00:00-04:00","10.324394441162482","10.399155538560224","10.257830230559252","10.284158706665039","123284592","GOOGL","Alphabet Inc. (GOOGL) Historical Data"
"2009-06-19 00:00:00-04:00","10.38723557760199","10.443119233812599","10.297075489041744","10.433929443359375","170193636","GOOGL","Alphabet Inc. (GOOGL) Historical Data"
"2009-06-22 00:00:00-04:00","10.355937882404296","10.36935010892525","9.981887259577475","10.117499351501465","164811024","GOOGL","Alphabet Inc. (GOOGL) Historical Data"
"2009-06-23 00:00:00-04:00","10.100112081400034","10.158232357249869","9.998279497242969","10.076020240783691","115868016","GOOGL","Alphabet Inc. (GOOGL) Historical Data"
"2009-06-24 00:00:00-04:00","10.152023524046852","10.238705123426717","10.097877694844467","10.165682792663574","98213688","GOOGL","Alphabet Inc. (GOOGL) Historical Data"
"2009-06-25 00:00:00-04:00","10.108806381392569","10.329859181208894","10.096635992768515","10.326630592346191","121658220","GOOGL","Alphabet Inc. (GOOGL) Historical Data"
"2009-06-26 00:00:00-04:00","10.274718800200166","10.636102081383687","10.260561661437665","10.563826560974121","130137732","GOOGL","Alphabet Inc. (GOOGL) Historical Data"
"2009-06-29 00:00:00-04:00","10.580716121012975","10.625423226917293","10.487328406979486","10.534518241882324","86685228","GOOGL","Alphabet Inc. (GOOGL) Historical Data"
"2009-06-30 00:00:00-04:00","10.531041865345177","10.610769365535878","10.387481820689654","10.471182823181152","103652244","GOOGL","Alphabet Inc. (GOOGL) Historical Data"
"2009-07-01 00:00:00-04:00","10.536008617776279","10.59065137022741","10.385742468319641","10.40660572052002","92339568","GOOGL","Alphabet Inc. (GOOGL) Historical Data"
"2009-07-02 00:00:00-04:00","10.317688246622042","10.317688246622042","10.104086484648285","10.14581298828125","100603296","GOOGL","Alphabet Inc. (GOOGL) Historical Data"
"2009-07-06 00:00:00-04:00","10.096386899963052","10.19921238010165","9.976173800087297","10.173630714416504","90413496","GOOGL","Alphabet Inc. (GOOGL) Historical Data"
"2009-07-07 00:00:00-04:00","10.139603983199589","10.163199846276397","9.83509723578481","9.851243019104004","130241628","GOOGL","Alphabet Inc. (GOOGL) Historical Data"
"2009-07-08 00:00:00-04:00","9.93494508236009","10.083969410039131","9.88676044878144","9.996789932250977","137510352","GOOGL","Alphabet Inc. (GOOGL) Historical Data"
"2009-07-09 00:00:00-04:00","10.086949578248737","10.293845244459405","10.079001627066491","10.193004608154297","130892976","GOOGL","Alphabet Inc. (GOOGL) Historical Data"
"2009-07-10 00:00:00-04:00","10.172887292511714","10.366370733428221","10.151030189962272","10.2926025390625","116946936","GOOGL","Alphabet Inc. (GOOGL) Historical Data"
"2009-07-13 00:00:00-04:00","10.336563913523229","10.543955523788204","10.311974204095163","10.538491249084473","161666172","GOOGL","Alphabet Inc. (GOOGL) Historical Data"
"2009-07-14 00:00:00-04:00","10.523837902102331","10.59884793329883","10.453300190679245","10.548179626464844","115716168","GOOGL","Alphabet Inc. (GOOGL) Historical Data"
"2009-07-15 00:00:00-04:00","10.671619049652508","10.89565242680558","10.642559859772131","10.88298511505127","150928920","GOOGL","Alphabet Inc. (GOOGL) Historical Data"
"2009-07-16 00:00:00-04:00","10.845977734458039","11.071252944245886","10.781897210356044","10.993014335632324","261917820","GOOGL","Alphabet Inc. (GOOGL) Historical Data"
"2009-07-17 00:00:00-04:00","10.754578454050003","10.81617436599202","10.598102159033125","10.686275482177734","273889836","GOOGL","Alphabet Inc. (GOOGL) Historical Data"
"2009-07-20 00:00:00-04:00","10.677085933432169","10.750852236052305","10.586925857088358","10.684288024902344","126013860","GOOGL","Alphabet Inc. (GOOGL) Historical Data"
"2009-07-21 00:00:00-04:00","10.703410899110466","10.727254749656678","10.57376096744569","10.62790584564209","118609272","GOOGL","Alphabet Inc. (GOOGL) Historical Data"
"2009-07-22 00:00:00-04:00","10.630391124056459","10.685033881375336","10.518622880292643","10.622692108154297","103364532","GOOGL","Alphabet Inc. (GOOGL) Historical Data"
"2009-07-23 00:00:00-04:00","10.647280781416619","10.958492720332076","10.568297246220709","10.862371444702148","138988872","GOOGL","Alphabet Inc. (GOOGL) Historical Data"
"2009-07-24 00:00:00-04:00","10.82437118171542","11.188985010809498","10.804253786388237","11.09534740447998","144930924","GOOGL","Alphabet Inc. (GOOGL) Historical Data"
"2009-07-27 00:00:00-04:00","11.07845496392926","11.096089625705988","10.869076601935488","11.047657012939453","100075824","GOOGL","Alphabet Inc. (GOOGL) Historical Data"
"2009-07-28 00:00:00-04:00","10.953276357950886","10.99823240092185","10.831573413510016","10.924714088439941","101198700","GOOGL","Alphabet Inc. (GOOGL) Historical Data"
"2009-07-29 00:00:00-04:00","10.859639339908558","10.873796478478056","10.727006913674051","10.835049629211426","79400520","GOOGL","Alphabet Inc. (GOOGL) Historical Data"
"2009-07-30 00:00:00-04:00","10.993263481978506","11.213322410138375","10.993263481978506","11.068520545959473","127816056","GOOGL","Alphabet Inc. (GOOGL) Historical Data"
"2009-07-31 00:00:00-04:00","11.17631558855729","11.24387269325702","10.988793368816262","11.004191398620605","114301584","GOOGL","Alphabet Inc. (GOOGL) Historical Data"
"2009-08-03 00:00:00-04:00","11.14551719166423","11.273678251753164","11.118195815322174","11.231703758239746","103508388","GOOGL","Alphabet Inc. (GOOGL) Historical Data"
"2009-08-04 00:00:00-04:00","11.161165196737327","11.276162030492403","11.13781921335898","11.26945686340332","95496408","GOOGL","Alphabet Inc. (GOOGL) Historical Data"
"2009-08-05 00:00:00-04:00","11.32583584390199","11.348437857227754","11.12415648599864","11.205126762390137","93586320","GOOGL","Alphabet Inc. (GOOGL) Historical Data"
"2009-08-06 00:00:00-04:00","11.283612905829777","11.298018034005523","11.140300858260199","11.18575382232666","84351564","GOOGL","Alphabet Inc. (GOOGL) Historical Data"
"2009-08-07 00:00:00-04:00","11.31764068040246","11.410780404332638","11.30075092985054","11.353157997131348","101622276","GOOGL","Alphabet Inc. (GOOGL) Historical Data"
"2009-08-10 00:00:00-04:00","11.304476041269098","11.38569430926365","11.270945476819728","11.340987205505371","69610320","GOOGL","Alphabet Inc. (GOOGL) Historical Data"
"2009-08-11 00:00:00-04:00","11.26796449538009","11.356385797654559","11.235924705170698","11.27467155456543","68431500","GOOGL","Alphabet Inc. (GOOGL) Historical Data"
"2009-08-12 00:00:00-04:00","11.311181829089815","11.468649103527373","11.29901049585671","11.389915466308594","93562344","GOOGL","Alphabet Inc. (GOOGL) Historical Data"
"2009-08-13 00:00:00-04:00","11.478587709773187","11.542420259234211","11.398114343395031","11.481817245483398","79728192","GOOGL","Alphabet Inc. (GOOGL) Historical Data"
"2009-08-14 00:00:00-04:00","11.494234037649647","11.504168739330556","11.347942337221257","11.425186157226562","66936996","GOOGL","Alphabet Inc. (GOOGL) Historical Data"
"2009-08-17 00:00:00-04:00","11.214068687572446","11.226239076413709","11.005932132537566","11.049893379211426","104703192","GOOGL","Alphabet Inc. (GOOGL) Historical Data"
"2009-08-18 00:00:00-04:00","11.055110369165046","11.11968687876471","10.986061539919236","11.059579849243164","93949956","GOOGL","Alphabet Inc. (GOOGL) Historical Data"
"2009-08-19 00:00:00-04:00","10.928190406820887","11.05262500209015","10.892672145781987","11.027042388916016","90109800","GOOGL","Alphabet Inc. (GOOGL) Historical Data"
"2009-08-20 00:00:00-04:00","11.226487083471474","11.479331691996244","11.207362592342648","11.435370445251465","159796044","GOOGL","Alphabet Inc. (GOOGL) Historical Data"
"2009-08-21 00:00:00-04:00","11.562784163237753","11.576444377067919","11.491004623616728","11.555333137512207","142277580","GOOGL","Alphabet Inc. (GOOGL) Historical Data"
"2009-08-24 00:00:00-04:00","11.60773998658338","11.675794964164966","11.53496659365765","11.642016410827637","98037864","GOOGL","Alphabet Inc. (GOOGL) Historical Data"
"2009-08-25 00:00:00-04:00","11.651950636658901","11.781601516055147","11.641767000026029","11.707586288452148","93546360","GOOGL","Alphabet Inc. (GOOGL) Historical Data"
"2009-08-26 00:00:00-04:00","11.742111531412057","11.748072731637345","11.591597378121318","11.623886108398438","79432488","GOOGL","Alphabet Inc. (GOOGL) Historical Data"
"2009-08-27 00:00:00-04:00","11.638289559986477","11.638289559986477","11.443317261643722","11.575699806213379","79876044","GOOGL","Alphabet Inc. (GOOGL) Historical Data"
"2009-08-28 00:00:00-04:00","11.65518047496536","11.732424299432903","11.50913675503325","11.543163299560547","70793136","GOOGL","Alphabet Inc. (GOOGL) Historical Data"
"2009-08-31 00:00:00-04:00","11.419969506965488","11.471382722352782","11.375510393228666","11.466663360595703","78237684","GOOGL","Alphabet Inc. (GOOGL) Historical Data"
"2009-09-01 00:00:00-04:00","11.417237865929195","11.594576450341947","11.286593135241665","11.31987476348877","103692204","GOOGL","Alphabet Inc. (GOOGL) Historical Data"
"2009-09-02 00:00:00-04:00","11.32136539976642","11.383707164636776","11.241140036792995","11.251572608947754","72119808","GOOGL","Alphabet Inc. (GOOGL) Historical Data"
"2009-09-03 00:00:00-04:00","11.321365851073004","11.381720867400947","11.300998576841927","11.363588333129883","65782152","GOOGL","Alphabet Inc. (GOOGL) Historical Data"
"2009-09-04 00:00:00-04:00","11.364831905408805","11.48976438423785","11.320372787263787","11.457474708557129","59908032","GOOGL","Alphabet Inc. (GOOGL) Historical Data"
"2009-09-08 00:00:00-04:00","11.531737567260224","11.598797747005346","11.321861324891172","11.390910148620605","106161732","GOOGL","Alphabet Inc. (GOOGL) Historical Data"
"2009-09-09 00:00:00-04:00","11.4018394332278","11.580915841704824","11.39538036258366","11.52379035949707","87728184","GOOGL","Alphabet Inc. (GOOGL) Historical Data"
"2009-09-10 00:00:00-04:00","11.590355089556617","11.696907043457031","11.474861335666","11.696907043457031","101282616","GOOGL","Alphabet Inc. (GOOGL) Historical Data"
"2009-09-11 00:00:00-04:00","11.683494942583074","11.755522475774429","11.614694105064995","11.72671127319336","76039884","GOOGL","Alphabet Inc. (GOOGL) Historical Data"
"2009-09-14 00:00:00-04:00","11.686226989804393","11.842454342431681","11.674801514665566","11.800726890563965","78948972","GOOGL","Alphabet Inc. (GOOGL) Historical Data"
"2009-09-15 00:00:00-04:00","11.799733233450274","11.894859702133223","11.740868992423891","11.860832214355469","95828076","GOOGL","Alphabet Inc. (GOOGL) Historical Data"
"2009-09-16 00:00:00-04:00","11.91696610420509","12.154659727424937","11.884181396999992","12.127835273742676","103308588","GOOGL","Alphabet Inc. (GOOGL) Historical Data"
"2009-09-17 00:00:00-04:00","12.184464726239971","12.353358439149675","12.099519998879078","12.21302604675293","179144676","GOOGL","Alphabet Inc. (GOOGL) Historical Data"
"2009-09-18 00:00:00-04:00","12.338455287245047","12.343671573422176","12.200856453924793","12.206568717956543","131208660","GOOGL","Alphabet Inc. (GOOGL) Historical Data"
"2009-09-21 00:00:00-04:00","12.114174067209516","12.391359434908512","12.076422011894866","12.344167709350586","84571344","GOOGL","Alphabet Inc. (GOOGL) Historical Data"
"2009-09-22 00:00:00-04:00","12.441532125435776","12.468107644272976","12.364288298058698","12.395334243774414","121526352","GOOGL","Alphabet Inc. (GOOGL) Historical Data"
"2009-09-23 00:00:00-04:00","12.438054539698339","12.592543140214985","12.361803615045757","12.38043212890625","108059832","GOOGL","Alphabet Inc. (GOOGL) Historical Data"
"2009-09-24 00:00:00-04:00","12.430353081045334","12.453700954430106","12.244817610775897","12.338455200195312","101002896","GOOGL","Alphabet Inc. (GOOGL) Historical Data"
"2009-09-25 00:00:00-04:00","12.276859106532388","12.416941612084376","12.219980670323343","12.231902122497559","81902016","GOOGL","Alphabet Inc. (GOOGL) Historical Data"
"2009-09-28 00:00:00-04:00","12.290519829289808","12.455936978395114","12.252270846408159","12.382170677185059","73498428","GOOGL","Alphabet Inc. (GOOGL) Historical Data"
"2009-09-29 00:00:00-04:00","12.407007433206202","12.412471708835398","12.245068755075657","12.382170677185059","83884032","GOOGL","Alphabet Inc. (GOOGL) Historical Data"
"2009-09-30 00:00:00-04:00","12.418680529718523","12.422157107279824","12.10175541634316","12.315605163574219","125542332","GOOGL","Alphabet Inc. (GOOGL) Historical Data"
"2009-10-01 00:00:00-04:00","12.244818386009106","12.331004954846863","12.095795016241896","12.100762367248535","112415472","GOOGL","Alphabet Inc. (GOOGL) Historical Data"
"2009-10-02 00:00:00-04:00","12.014823244313126","12.21352197690461","11.986508024184632","12.035686492919922","103927968","GOOGL","Alphabet Inc. (GOOGL) Historical Data"
"2009-10-05 00:00:00-04:00","12.11193771863774","12.230660992833931","12.004889800511501","12.133546829223633","85698216","GOOGL","Alphabet Inc. (GOOGL) Historical Data"
"2009-10-06 00:00:00-04:00","12.212530450419274","12.403033281038843","12.212530450419274","12.387385368347168","109182708","GOOGL","Alphabet Inc. (GOOGL) Historical Data"
"2009-10-07 00:00:00-04:00","12.393843889871745","12.890343353963576","12.364288716463882","12.854329109191895","194773032","GOOGL","Alphabet Inc. (GOOGL) Historical Data"
"2009-10-08 00:00:00-04:00","12.90474638866036","12.996148291363506","12.750009818314613","12.770873069763184","171979848","GOOGL","Alphabet Inc. (GOOGL) Historical Data"
"2009-10-09 00:00:00-04:00","12.832222261115488","12.952932293112449","12.778821346936828","12.822287559509277","109414476","GOOGL","Alphabet Inc. (GOOGL) Historical Data"
"2009-10-12 00:00:00-04:00","13.00037192831862","13.058490310969052","12.898538397908991","13.015769958496094","132755112","GOOGL","Alphabet Inc. (GOOGL) Historical Data"
"2009-10-13 00:00:00-04:00","13.024463144144022","13.100714057198367","12.949703004163581","13.067183494567871","121374504","GOOGL","Alphabet Inc. (GOOGL) Historical Data"
"2009-10-14 00:00:00-04:00","13.224900994769621","13.302392800895849","13.163800120690397","13.295934677124023","130205664","GOOGL","Alphabet Inc. (GOOGL) Historical Data"
"2009-10-15 00:00:00-04:00","13.256942148452238","13.335179822441376","13.095996373724578","13.161566734313965","243771984","GOOGL","Alphabet Inc. (GOOGL) Historical Data"
"2009-10-16 00:00:00-04:00","13.594233398711665","13.778527046042944","13.524688590415987","13.65682315826416","353322324","GOOGL","Alphabet Inc. (GOOGL) Historical Data"
"2009-10-19 00:00:00-04:00","13.727361610102415","13.749963625134376","13.629005599045996","13.712458610534668","128587284","GOOGL","Alphabet Inc. (GOOGL) Historical Data"
"2009-10-20 00:00:00-04:00","13.701282253693776","13.733819917712914","13.429561145276113","13.703269004821777","161586252","GOOGL","Alphabet Inc. (GOOGL) Historical Data"
"2009-10-21 00:00:00-04:00","13.658313908094971","13.892778936853619","13.63571189276375","13.687870025634766","146677176","GOOGL","Alphabet Inc. (GOOGL) Historical Data"
"2009-10-22 00:00:00-04:00","13.660548047748513","13.784734650273322","13.610872649520521","13.762131690979004","93366540","GOOGL","Alphabet Inc. (GOOGL) Historical Data"
"2009-10-23 00:00:00-04:00","13.790944114880473","13.856514468167868","13.690352425300999","13.752197265625","95612292","GOOGL","Alphabet Inc. (GOOGL) Historical Data"
"2009-10-26 00:00:00-04:00","13.803363758968008","13.94965546627459","13.682653720388013","13.765113830566406","118697184","GOOGL","Alphabet Inc. (GOOGL) Historical Data"
"2009-10-27 00:00:00-04:00","13.684640528267423","13.773806745902721","13.515497881190761","13.61807632446289","128531340","GOOGL","Alphabet Inc. (GOOGL) Historical Data"
"2009-10-28 00:00:00-04:00","13.607644446883914","13.660549385347142","13.368709941641372","13.419626235961914","102609288","GOOGL","Alphabet Inc. (GOOGL) Historical Data"
"2009-10-29 00:00:00-04:00","13.486934775000375","13.706000813301525","13.437012331642324","13.686627388000488","100803096","GOOGL","Alphabet Inc. (GOOGL) Historical Data"
"2009-10-30 00:00:00-04:00","13.660546900776676","13.664768391144705","13.269108733140131","13.315803527832031","138601260","GOOGL","Alphabet Inc. (GOOGL) Historical Data"
"2009-11-02 00:00:00-05:00","13.339649154251358","13.398762332075385","13.120087139291208","13.26290225982666","127955916","GOOGL","Alphabet Inc. (GOOGL) Historical Data"
"2009-11-03 00:00:00-05:00","13.164047801495073","13.350079230688662","13.121576389484687","13.344863891601562","95112792","GOOGL","Alphabet Inc. (GOOGL) Historical Data"
"2009-11-04 00:00:00-05:00","13.432044518863714","13.548779151470582","13.323256890030198","13.420371055603027","93214692","GOOGL","Alphabet Inc. (GOOGL) Historical Data"
"2009-11-05 00:00:00-05:00","13.498856919395635","13.654835328059907","13.478241656785979","13.627017974853516","73834092","GOOGL","Alphabet Inc. (GOOGL) Historical Data"
"2009-11-06 00:00:00-05:00","13.603920088628522","13.704758830004923","13.5487804092818","13.687870025634766","72994932","GOOGL","Alphabet Inc. (GOOGL) Historical Data"
"2009-11-09 00:00:00-05:00","13.795912047288814","13.973002647592144","13.765611017937516","13.971263885498047","105890004","GOOGL","Alphabet Inc. (GOOGL) Historical Data"
"2009-11-10 00:00:00-05:00","13.976727509335808","14.126994607649216","13.958596867737684","14.076822280883789","89142768","GOOGL","Alphabet Inc. (GOOGL) Historical Data"
"2009-11-11 00:00:00-05:00","14.16921686939557","14.244226896173945","14.054468982302277","14.171204566955566","92695212","GOOGL","Alphabet Inc. (GOOGL) Historical Data"
"2009-11-12 00:00:00-05:00","14.14636755368601","14.22932458864557","14.045528811998597","14.10389518737793","75376548","GOOGL","Alphabet Inc. (GOOGL) Historical Data"
"2009-11-13 00:00:00-05:00","14.139661897849178","14.219638335433935","14.073097687266918","14.208213806152344","66605328","GOOGL","Alphabet Inc. (GOOGL) Historical Data"
"2009-11-16 00:00:00-05:00","14.281482579627856","14.33090904767434","14.226343847182196","14.313274383544922","87880032","GOOGL","Alphabet Inc. (GOOGL) Historical Data"
"2009-11-17 00:00:00-05:00","14.278253145070343","14.343575511206405","14.24968993172086","14.343327522277832","76591332","GOOGL","Alphabet Inc. (GOOGL) Historical Data"
"2009-11-18 00:00:00-05:00","14.322464942932129","14.37536798814806","14.208709008573255","14.322464942932129","61922016","GOOGL","Alphabet Inc. (GOOGL) Historical Data"
"2009-11-19 00:00:00-05:00","14.250933179200597","14.256644496924478","14.157295585599659","14.231559753417969","86633280","GOOGL","Alphabet Inc. (GOOGL) Historical Data"
"2009-11-20 00:00:00-05:00","14.1448769701124","14.197035100353444","14.142393294697236","14.156301498413086","80167752","GOOGL","Alphabet Inc. (GOOGL) Historical Data"
"2009-11-23 00:00:00-05:00","14.318490153627655","14.569595987031644","14.302842241176762","14.46403694152832","101798100","GOOGL","Alphabet Inc. (GOOGL) Historical Data"
"2009-11-24 00:00:00-05:00","14.468259014034249","14.512221203930048","14.319731630055891","14.482416152954102","64143792","GOOGL","Alphabet Inc. (GOOGL) Historical Data"
"2009-11-25 00:00:00-05:00","14.564877662820269","14.58102155429002","14.472482847751099","14.548236846923828","58389552","GOOGL","Alphabet Inc. (GOOGL) Historical Data"
"2009-11-27 00:00:00-05:00","14.206970229323314","14.466768932612785","14.181388561082244","14.39970874786377","55328616","GOOGL","Alphabet Inc. (GOOGL) Historical Data"
"2009-11-30 00:00:00-05:00","14.42131650424336","14.496821562122005","14.333889047133924","14.480181694030762","68934996","GOOGL","Alphabet Inc. (GOOGL) Historical Data"
"2009-12-01 00:00:00-05:00","14.607597730167253","14.684344630152347","14.480182523593824","14.6508150100708","92719188","GOOGL","Alphabet Inc. (GOOGL) Historical Data"
"2009-12-02 00:00:00-05:00","14.678880911186997","14.728803356562494","14.560157625710367","14.59219741821289","66461472","GOOGL","Alphabet Inc. (GOOGL) Historical Data"
"2009-12-03 00:00:00-05:00","14.630200035123385","14.69005813177835","14.529857268795332","14.548236846923828","57090852","GOOGL","Alphabet Inc. (GOOGL) Historical Data"
"2009-12-04 00:00:00-05:00","14.729052365804813","14.774009356348659","14.385303702609082","14.530105590820312","100443456","GOOGL","Alphabet Inc. (GOOGL) Historical Data"
"2009-12-07 00:00:00-05:00","14.510235243730644","14.621506556683899","14.430507745536744","14.560903549194336","65382552","GOOGL","Alphabet Inc. (GOOGL) Historical Data"
"2009-12-08 00:00:00-05:00","14.492600977630833","14.670436502780907","14.455344897488233","14.58077335357666","60899040","GOOGL","Alphabet Inc. (GOOGL) Historical Data"
"2009-12-09 00:00:00-05:00","14.591950515557446","14.637403484251747","14.494588346531353","14.629703521728516","71168760","GOOGL","Alphabet Inc. (GOOGL) Historical Data"
"2009-12-10 00:00:00-05:00","14.664970958075667","14.771026924807991","14.664226044772278","14.691298484802246","66665268","GOOGL","Alphabet Inc. (GOOGL) Historical Data"
"2009-12-11 00:00:00-05:00","14.770282206430647","14.772020968621346","14.597662969499769","14.66671085357666","68731200","GOOGL","Alphabet Inc. (GOOGL) Historical Data"
"2009-12-14 00:00:00-05:00","14.786922239181099","14.835602842214168","14.718867265370017","14.79636001586914","76459464","GOOGL","Alphabet Inc. (GOOGL) Historical Data"
"2009-12-15 00:00:00-05:00","14.736005316946342","14.812504220360278","14.678631849277844","14.732030868530273","91124784","GOOGL","Alphabet Inc. (GOOGL) Historical Data"
"2009-12-16 00:00:00-05:00","14.867644976265161","14.911606221826727","14.818963422131832","14.846780776977539","112263624","GOOGL","Alphabet Inc. (GOOGL) Historical Data"
"2009-12-17 00:00:00-05:00","14.813994446516913","14.84379949570789","14.747430246816851","14.751900672912598","105446448","GOOGL","Alphabet Inc. (GOOGL) Historical Data"
"2009-12-18 00:00:00-05:00","14.80381177724855","14.875840256447583","14.778229163568932","14.813497543334961","141118740","GOOGL","Alphabet Inc. (GOOGL) Historical Data"
"2009-12-21 00:00:00-05:00","14.8430553035806","14.898442971002966","14.794871620244084","14.86963176727295","102745152","GOOGL","Alphabet Inc. (GOOGL) Historical Data"
"2009-12-22 00:00:00-05:00","14.93569918451446","14.939673633266112","14.873853392318008","14.930234909057617","75156768","GOOGL","Alphabet Inc. (GOOGL) Historical Data"
"2009-12-23 00:00:00-05:00","14.989348079569844","15.22207339789953","14.973203242154138","15.192517280578613","82825092","GOOGL","Alphabet Inc. (GOOGL) Historical Data"
"2009-12-24 00:00:00-05:00","15.22356331767978","15.387241690103664","15.207170492239943","15.361410140991211","34313652","GOOGL","Alphabet Inc. (GOOGL) Historical Data"
"2009-12-28 00:00:00-05:00","15.440392587841007","15.547937428129076","15.361409065933277","15.470444679260254","67848084","GOOGL","Alphabet Inc. (GOOGL) Historical Data"
"2009-12-29 00:00:00-05:00","15.516892615256307","15.519376290645683","15.356691766550956","15.384261131286621","56935008","GOOGL","Alphabet Inc. (GOOGL) Historical Data"
"2009-12-30 00:00:00-05:00","15.361906421823878","15.466968536376953","15.34973698087171","15.466968536376953","58565376","GOOGL","Alphabet Inc. (GOOGL) Historical Data"
"2009-12-31 00:00:00-05:00","15.517141688736574","15.53328652641858","15.398667335510254","15.398667335510254","48743208","GOOGL","Alphabet Inc. (GOOGL) Historical Data"
"2010-01-04 00:00:00-05:00","15.571781773183265","15.635366321512796","15.504473604967039","15.566814422607422","78169752","GOOGL","Alphabet Inc. (GOOGL) Historical Data"
"2010-01-05 00:00:00-05:00","15.577495830390257","15.593888656095245","15.43741331835948","15.49826431274414","120067812","GOOGL","Alphabet Inc. (GOOGL) Historical Data"
"2010-01-06 00:00:00-05:00","15.544710813238913","15.544710813238913","15.060382727732327","15.107573509216309","158988852","GOOGL","Alphabet Inc. (GOOGL) Historical Data"
"2010-01-07 00:00:00-05:00","15.13588739809554","15.150790397379204","14.719862293290957","14.755875587463379","256315428","GOOGL","Alphabet Inc. (GOOGL) Historical Data"
"2010-01-08 00:00:00-05:00","14.703716993127122","14.983137099253128","14.631936502934911","14.952588081359863","188783028","GOOGL","Alphabet Inc. (GOOGL) Historical Data"
"2010-01-11 00:00:00-05:00","15.013191018025417","15.013191018025417","14.75438522943346","14.929986000061035","288227484","GOOGL","Alphabet Inc. (GOOGL) Historical Data"
"2010-01-12 00:00:00-05:00","14.844049547522614","14.856716860830625","14.604369176120004","14.665966033935547","193937868","GOOGL","Alphabet Inc. (GOOGL) Historical Data"
"2010-01-13 00:00:00-05:00","14.318489911356181","14.613805919702656","14.254161393578189","14.581766128540039","259604136","GOOGL","Alphabet Inc. (GOOGL) Historical Data"
"2010-01-14 00:00:00-05:00","14.50253566313997","14.758360872692682","14.475463220798439","14.650318145751953","169434396","GOOGL","Alphabet Inc. (GOOGL) Historical Data"
"2010-01-15 00:00:00-05:00","14.736998510045005","14.742463731670952","14.356986714265911","14.405669212341309","217162620","GOOGL","Alphabet Inc. (GOOGL) Historical Data"
"2010-01-19 00:00:00-05:00","14.43547375983272","14.664473542241721","14.313521896276185","14.594928741455078","172495332","GOOGL","Alphabet Inc. (GOOGL) Historical Data"
"2010-01-20 00:00:00-05:00","14.554195336642007","14.554195336642007","14.288685334809548","14.415851593017578","129897972","GOOGL","Alphabet Inc. (GOOGL) Historical Data"
"2010-01-21 00:00:00-05:00","14.491110304601714","14.575060237863331","14.21318001976065","14.479684829711914","252055692","GOOGL","Alphabet Inc. (GOOGL) Historical Data"
"2010-01-22 00:00:00-05:00","14.02069059002026","14.172197632400971","13.284510822338149","13.660797119140625","271743984","GOOGL","Alphabet Inc. (GOOGL) Historical Data"
"2010-01-25 00:00:00-05:00","13.575852611931383","13.657568753946874","13.300654930553046","13.412175178527832","176619204","GOOGL","Alphabet Inc. (GOOGL) Historical Data"
"2010-01-26 00:00:00-05:00","13.361756001752601","13.650613902535127","13.320029495588669","13.472281455993652","174045780","GOOGL","Alphabet Inc. (GOOGL) Historical Data"
"2010-01-27 00:00:00-05:00","13.443717317843992","13.602180349245996","13.295686858789391","13.464332580566406","158417424","GOOGL","Alphabet Inc. (GOOGL) Historical Data"
"2010-01-28 00:00:00-05:00","13.523694832444887","13.586036599107526","13.178703423807415","13.270353317260742","129034836","GOOGL","Alphabet Inc. (GOOGL) Historical Data"
"2010-01-29 00:00:00-05:00","13.374671494140621","13.436764329859034","13.054765751604542","13.162311553955078","165454380","GOOGL","Alphabet Inc. (GOOGL) Historical Data"
"2010-02-01 00:00:00-05:00","13.278052414153766","13.308106400963965","13.171252478787746","13.238809585571289","89941968","GOOGL","Alphabet Inc. (GOOGL) Historical Data"
"2010-02-02 00:00:00-05:00","13.286995287880925","13.286995287880925","13.104440398400275","13.191619873046875","163684152","GOOGL","Alphabet Inc. (GOOGL) Historical Data"
"2010-02-03 00:00:00-05:00","13.130768641086755","13.464333651609195","13.119840090015726","13.432541847229004","119844036","GOOGL","Alphabet Inc. (GOOGL) Historical Data"
"2010-02-04 00:00:00-05:00","13.337661635549273","13.362498387936204","13.053522183975694","13.083824157714844","134972892","GOOGL","Alphabet Inc. (GOOGL) Historical Data"
"2010-02-05 00:00:00-05:00","13.12406129548356","13.250732532352421","12.976528698805172","13.195841789245605","126113760","GOOGL","Alphabet Inc. (GOOGL) Historical Data"
"2010-02-08 00:00:00-05:00","13.22589480689563","13.461850605146473","13.201802965231689","13.24998664855957","107664228","GOOGL","Alphabet Inc. (GOOGL) Historical Data"
"2010-02-09 00:00:00-05:00","13.400750146594943","13.450176615744095","13.289726819351625","13.32375431060791","112671216","GOOGL","Alphabet Inc. (GOOGL) Historical Data"
"2010-02-10 00:00:00-05:00","13.264888554793323","13.357283358164082","13.106425527583173","13.274327278137207","106873020","GOOGL","Alphabet Inc. (GOOGL) Historical Data"
"2010-02-11 00:00:00-05:00","13.246261669713274","13.424346132235321","13.151383179398584","13.322760581970215","96303600","GOOGL","Alphabet Inc. (GOOGL) Historical Data"
"2010-02-12 00:00:00-05:00","13.237568386996127","13.341387720163407","13.17621952362158","13.241292953491211","91096812","GOOGL","Alphabet Inc. (GOOGL) Historical Data"
"2010-02-16 00:00:00-05:00","13.334433310671422","13.5147524905694","13.270600773425336","13.444462776184082","146029824","GOOGL","Alphabet Inc. (GOOGL) Historical Data"
"2010-02-17 00:00:00-05:00","13.4618513138653","13.496623719232195","13.352814735455247","13.367716789245605","81106812","GOOGL","Alphabet Inc. (GOOGL) Historical Data"
"2010-02-18 00:00:00-05:00","13.351074899057757","13.53661037573877","13.316302496488449","13.492151260375977","93382524","GOOGL","Alphabet Inc. (GOOGL) Historical Data"
"2010-02-19 00:00:00-05:00","13.425338990115952","13.512268576263077","13.404723726929747","13.431051254272461","102021876","GOOGL","Alphabet Inc. (GOOGL) Historical Data"
"2010-02-22 00:00:00-05:00","13.594729098720281","13.598455558483783","13.437012865290505","13.481719970703125","85698216","GOOGL","Alphabet Inc. (GOOGL) Historical Data"
"2010-02-23 00:00:00-05:00","13.486688180030473","13.502335147333248","13.220680270655981","13.289727210998535","114789096","GOOGL","Alphabet Inc. (GOOGL) Historical Data"
"2010-02-24 00:00:00-05:00","13.262654385946536","13.373428777793631","13.176468760954977","13.200312614440918","92970936","GOOGL","Alphabet Inc. (GOOGL) Historical Data"
"2010-02-25 00:00:00-05:00","13.092269162638301","13.126296652034736","12.915427495700774","13.075132369995117","132235632","GOOGL","Alphabet Inc. (GOOGL) Historical Data"
"2010-02-26 00:00:00-05:00","13.099721900180823","13.207267703404572","13.001861863836629","13.084321975708008","81890028","GOOGL","Alphabet Inc. (GOOGL) Historical Data"
"2010-03-01 00:00:00-05:00","13.143931164874616","13.245516707505923","13.107668935908874","13.230613708496094","89426484","GOOGL","Alphabet Inc. (GOOGL) Historical Data"
"2010-03-02 00:00:00-05:00","13.299909626283327","13.552754220760313","13.2882371090105","13.438502311706543","174097728","GOOGL","Alphabet Inc. (GOOGL) Historical Data"
"2010-03-03 00:00:00-05:00","13.470790366261427","13.613853471000759","13.393546550007162","13.544309616088867","123452424","GOOGL","Alphabet Inc. (GOOGL) Historical Data"
"2010-03-04 00:00:00-05:00","13.573617886166637","13.812801326572918","13.566166859668982","13.774552345275879","127224648","GOOGL","Alphabet Inc. (GOOGL) Historical Data"
"2010-03-05 00:00:00-05:00","13.94245317493071","14.099425442010585","13.906438933638617","14.013486862182617","156331512","GOOGL","Alphabet Inc. (GOOGL) Historical Data"
"2010-03-08 00:00:00-05:00","14.027645497670076","14.037581146587174","13.934008845253024","13.970519065856934","95360544","GOOGL","Alphabet Inc. (GOOGL) Historical Data"
"2010-03-09 00:00:00-05:00","13.905195154719983","14.024664291793021","13.821990138331465","13.913640975952148","126936936","GOOGL","Alphabet Inc. (GOOGL) Historical Data"
"2010-03-10 00:00:00-05:00","14.002310876194072","14.368414503406067","13.963812957878112","14.317498207092285","225969804","GOOGL","Alphabet Inc. (GOOGL) Historical Data"
"2010-03-11 00:00:00-05:00","14.263103333188049","14.559910137299003","14.261612559925826","14.433984756469727","169162668","GOOGL","Alphabet Inc. (GOOGL) Historical Data"
"2010-03-12 00:00:00-05:00","14.607845982466651","14.61132350692466","14.384806423182692","14.394245147705078","110025864","GOOGL","Alphabet Inc. (GOOGL) Historical Data"
"2010-03-15 00:00:00-04:00","14.074836999429875","14.143636899374876","13.809573995597189","13.987906455993652","185969844","GOOGL","Alphabet Inc. (GOOGL) Historical Data"
"2010-03-16 00:00:00-04:00","13.954373507061378","14.118051874150927","13.927797992027356","14.03807544708252","137122740","GOOGL","Alphabet Inc. (GOOGL) Historical Data"
"2010-03-17 00:00:00-04:00","14.115071125154751","14.193309735902242","14.014479436927338","14.047017097473145","132731136","GOOGL","Alphabet Inc. (GOOGL) Historical Data"
"2010-03-18 00:00:00-04:00","14.026153181286578","14.11854893226197","13.98243992764684","14.067880630493164","71016912","GOOGL","Alphabet Inc. (GOOGL) Historical Data"
"2010-03-19 00:00:00-04:00","13.90892219543457","14.10762096224501","13.841364141457698","13.90892219543457","191576232","GOOGL","Alphabet Inc. (GOOGL) Historical Data"
"2010-03-22 00:00:00-04:00","13.812305944829435","14.079058762703681","13.76685297749117","13.846829414367676","160031808","GOOGL","Alphabet Inc. (GOOGL) Historical Data"
"2010-03-23 00:00:00-04:00","13.835403323688091","13.866946189634083","13.46184965733012","13.635710716247559","219831948","GOOGL","Alphabet Inc. (GOOGL) Historical Data"
"2010-03-24 00:00:00-04:00","13.549027402044507","13.905195345663667","13.404723402798322","13.842605590820312","262345392","GOOGL","Alphabet Inc. (GOOGL) Historical Data"
"2010-03-25 00:00:00-04:00","13.884582108282812","14.206971546148594","13.875641254299651","13.98045539855957","157078764","GOOGL","Alphabet Inc. (GOOGL) Historical Data"
"2010-03-26 00:00:00-04:00","14.039813325841067","14.09246837475425","13.909417541130896","13.975732803344727","107740152","GOOGL","Alphabet Inc. (GOOGL) Historical Data"
"2010-03-29 00:00:00-04:00","13.983434454015553","14.026153860986266","13.923079436944066","13.969773292541504","124055820","GOOGL","Alphabet Inc. (GOOGL) Historical Data"
"2010-03-30 00:00:00-04:00","13.979211344002627","14.098430599229706","13.91587573013843","14.075580596923828","79036884","GOOGL","Alphabet Inc. (GOOGL) Historical Data"
"2010-03-31 00:00:00-04:00","14.034350713843176","14.150838310147256","13.978715058859732","14.085763931274414","121110768","GOOGL","Alphabet Inc. (GOOGL) Historical Data"
"2010-04-01 00:00:00-04:00","14.190826616591885","14.242985695946013","14.046769649267437","14.127490997314453","84023892","GOOGL","Alphabet Inc. (GOOGL) Historical Data"
"2010-04-05 00:00:00-04:00","14.179649972632236","14.27850196208057","14.132458244701377","14.182382583618164","75983940","GOOGL","Alphabet Inc. (GOOGL) Historical Data"
"2010-04-06 00:00:00-04:00","14.143883701786116","14.179401965421318","14.04304401483332","14.113085746765137","82321596","GOOGL","Alphabet Inc. (GOOGL) Historical Data"
"2010-04-07 00:00:00-04:00","14.09023581358126","14.126249108760211","13.95512064659482","13.996847152709961","103136760","GOOGL","Alphabet Inc. (GOOGL) Historical Data"
"2010-04-08 00:00:00-04:00","13.991382190140056","14.153570737565822","13.910163921961322","14.094953536987305","77822100","GOOGL","Alphabet Inc. (GOOGL) Historical Data"
"2010-04-09 00:00:00-04:00","14.094953626152916","14.126745428789585","14.008271082224546","14.063410758972168","82181736","GOOGL","Alphabet Inc. (GOOGL) Historical Data"
"2010-04-12 00:00:00-04:00","14.091477089670025","14.256644345371896","14.063410800086292","14.225102424621582","94001904","GOOGL","Alphabet Inc. (GOOGL) Historical Data"
"2010-04-13 00:00:00-04:00","14.220134863520299","14.626226229196519","14.185363405691726","14.573819160461426","156335508","GOOGL","Alphabet Inc. (GOOGL) Historical Data"
"2010-04-14 00:00:00-04:00","14.655531328637755","14.712160827079783","14.50526613909482","14.629204750061035","135971892","GOOGL","Alphabet Inc. (GOOGL) Historical Data"
"2010-04-15 00:00:00-04:00","14.707940024539305","14.848768399777164","14.611571712087834","14.785680770874023","270201528","GOOGL","Alphabet Inc. (GOOGL) Historical Data"
"2010-04-16 00:00:00-04:00","13.983434073978977","14.127738074411685","13.651358914427036","13.664274215698242","488930580","GOOGL","Alphabet Inc. (GOOGL) Historical Data"
"2010-04-19 00:00:00-04:00","13.62950196490971","13.75965072990794","13.536363184204042","13.663032531738281","155604240","GOOGL","Alphabet Inc. (GOOGL) Historical Data"
"2010-04-20 00:00:00-04:00","13.764120289116779","13.9004772879435","13.68687552254394","13.785728454589844","118976904","GOOGL","Alphabet Inc. (GOOGL) Historical Data"
"2010-04-21 00:00:00-04:00","13.820998158999787","13.915132684676642","13.714198212590706","13.767350196838379","95564340","GOOGL","Alphabet Inc. (GOOGL) Historical Data"
"2010-04-22 00:00:00-04:00","13.710223102788913","13.722641479631104","13.495379504283246","13.587526321411133","131096772","GOOGL","Alphabet Inc. (GOOGL) Historical Data"
"2010-04-23 00:00:00-04:00","13.592247269851706","13.643660491807028","13.468556625279016","13.536113739013672","83492424","GOOGL","Alphabet Inc. (GOOGL) Historical Data"
"2010-04-26 00:00:00-04:00","13.535616801835326","13.53611277971366","13.144179512677933","13.204534530639648","174577248","GOOGL","Alphabet Inc. (GOOGL) Historical Data"
"2010-04-27 00:00:00-04:00","13.137722634965117","13.370696890359046","13.095002279866332","13.14045524597168","153634212","GOOGL","Alphabet Inc. (GOOGL) Historical Data"
"2010-04-28 00:00:00-04:00","13.215959903948276","13.283765947834599","12.941010215208177","13.143683433532715","136107756","GOOGL","Alphabet Inc. (GOOGL) Historical Data"
"2010-04-29 00:00:00-04:00","13.247503663411111","13.325244408828985","13.081092675450698","13.213475227355957","122233644","GOOGL","Alphabet Inc. (GOOGL) Historical Data"
"2010-04-30 00:00:00-04:00","13.19186732713596","13.354550900473509","13.050542036459426","13.057000160217285","97318584","GOOGL","Alphabet Inc. (GOOGL) Historical Data"
"2010-05-03 00:00:00-04:00","13.076871671371672","13.236326670261048","13.041601396276608","13.178704261779785","74237688","GOOGL","Alphabet Inc. (GOOGL) Historical Data"
"2010-05-04 00:00:00-04:00","13.077367688846344","13.082831964367374","12.523246800274494","12.576894760131836","242808948","GOOGL","Alphabet Inc. (GOOGL) Historical Data"
"2010-05-05 00:00:00-04:00","12.443021507114755","12.809124183212127","12.430354193802232","12.661093711853027","183104712","GOOGL","Alphabet Inc. (GOOGL) Historical Data"
"2010-05-06 00:00:00-04:00","12.636005828847717","12.853830023170797","11.425185712896738","12.385645866394043","199803996","GOOGL","Alphabet Inc. (GOOGL) Historical Data"
"2010-05-07 00:00:00-04:00","12.417935369683237","12.550815793908633","11.954966523487897","12.248296737670898","203356440","GOOGL","Alphabet Inc. (GOOGL) Historical Data"
"2010-05-10 00:00:00-04:00","12.76565769197212","12.98546863786664","12.731631150638261","12.956408500671387","164954880","GOOGL","Alphabet Inc. (GOOGL) Historical Data"
"2010-05-11 00:00:00-04:00","12.807880669931562","12.912444904391737","12.622841198829766","12.64345645904541","132771096","GOOGL","Alphabet Inc. (GOOGL) Historical Data"
"2010-05-12 00:00:00-04:00","12.717723289387063","12.717723289387063","12.468356203184285","12.5525541305542","153917928","GOOGL","Alphabet Inc. (GOOGL) Historical Data"
"2010-05-13 00:00:00-04:00","12.828497045111288","12.9651029915301","12.6762450779731","12.688912391662598","132898968","GOOGL","Alphabet Inc. (GOOGL) Historical Data"
"2010-05-14 00:00:00-04:00","12.661340915644603","12.691642891527387","12.325540238132804","12.605705261230469","164475360","GOOGL","Alphabet Inc. (GOOGL) Historical Data"
"2010-05-17 00:00:00-04:00","12.58707920299095","12.626322036456031","12.3776998506519","12.6166353225708","111640248","GOOGL","Alphabet Inc. (GOOGL) Historical Data"
"2010-05-18 00:00:00-04:00","12.667053631240988","12.691145471123544","12.345906083312151","12.378194808959961","112906980","GOOGL","Alphabet Inc. (GOOGL) Historical Data"
"2010-05-19 00:00:00-04:00","12.325788397936513","12.404770980949941","12.114174327778777","12.280336380004883","137690172","GOOGL","Alphabet Inc. (GOOGL) Historical Data"
"2010-05-20 00:00:00-04:00","12.047858601390097","12.060525913613173","11.767941573940753","11.797994613647461","196335468","GOOGL","Alphabet Inc. (GOOGL) Historical Data"
"2010-05-21 00:00:00-04:00","11.650213586832146","12.046121331256666","11.534471840004754","11.72447681427002","387244368","GOOGL","Alphabet Inc. (GOOGL) Historical Data"
"2010-05-24 00:00:00-04:00","11.940063946382933","12.165090235441395","11.842453800596974","11.851394653320312","173650176","GOOGL","Alphabet Inc. (GOOGL) Historical Data"
"2010-05-25 00:00:00-04:00","11.627608595323599","11.858597017288757","11.52478311570688","11.849159240722656","120575304","GOOGL","Alphabet Inc. (GOOGL) Historical Data"
"2010-05-26 00:00:00-04:00","11.9733459851326","12.164344777237718","11.797745222414301","11.809419631958008","138884976","GOOGL","Alphabet Inc. (GOOGL) Historical Data"
"2010-05-27 00:00:00-04:00","12.044879198281508","12.227682076560082","11.94801301025291","12.181733131408691","112251636","GOOGL","Alphabet Inc. (GOOGL) Historical Data"
"2010-05-28 00:00:00-04:00","12.23836126117821","12.255996871764246","11.996445208364689","12.061767578125","115676208","GOOGL","Alphabet Inc. (GOOGL) Historical Data"
"2010-06-01 00:00:00-04:00","11.932613132319464","12.196634265207518","11.924913170621723","11.980796813964844","106565328","GOOGL","Alphabet Inc. (GOOGL) Historical Data"
"2010-06-02 00:00:00-04:00","12.087848129993494","12.266428579110865","11.958197228428322","12.254010200500488","101530368","GOOGL","Alphabet Inc. (GOOGL) Historical Data"
"2010-06-03 00:00:00-04:00","12.297225215860895","12.61737987936339","12.287042525103185","12.557769775390625","145881972","GOOGL","Alphabet Inc. (GOOGL) Historical Data"
"2010-06-04 00:00:00-04:00","12.411726205391366","12.64842596885163","12.336717123423558","12.38688850402832","156655188","GOOGL","Alphabet Inc. (GOOGL) Historical Data"
"2010-06-07 00:00:00-04:00","12.395331919251186","12.44128085681628","12.000170109668836","12.05903434753418","145162692","GOOGL","Alphabet Inc. (GOOGL) Historical Data"
"2010-06-08 00:00:00-04:00","12.116905102616736","12.141494812886604","11.860831935592582","12.040655136108398","107296596","GOOGL","Alphabet Inc. (GOOGL) Historical Data"
"2010-06-09 00:00:00-04:00","12.101259725647841","12.142489308395193","11.723235592476676","11.773406028747559","109050840","GOOGL","Alphabet Inc. (GOOGL) Historical Data"
"2010-06-10 00:00:00-04:00","11.931123360681799","12.133051678641426","11.818611151231291","12.096043586730957","103012884","GOOGL","Alphabet Inc. (GOOGL) Historical Data"
"2010-06-11 00:00:00-04:00","11.98402755098263","12.138267204973696","11.962170449653655","12.133050918579102","71196732","GOOGL","Alphabet Inc. (GOOGL) Historical Data"
"2010-06-14 00:00:00-04:00","12.281578403010736","12.282075327412528","12.001164436340332","12.001164436340332","81534384","GOOGL","Alphabet Inc. (GOOGL) Historical Data"
"2010-06-15 00:00:00-04:00","11.998433083215234","12.428616289656492","11.97608000325863","12.368757247924805","170213616","GOOGL","Alphabet Inc. (GOOGL) Historical Data"
"2010-06-16 00:00:00-04:00","12.323554579473626","12.518030924967904","12.322063806179262","12.450224876403809","91480428","GOOGL","Alphabet Inc. (GOOGL) Historical Data"
"2010-06-17 00:00:00-04:00","12.504367671871266","12.564472796933346","12.336466885751566","12.420665740966797","79012908","GOOGL","Alphabet Inc. (GOOGL) Historical Data"
"2010-06-18 00:00:00-04:00","12.481022823788317","12.504866677776253","12.372236127333416","12.419425964355469","114801084","GOOGL","Alphabet Inc. (GOOGL) Historical Data"
"2010-06-21 00:00:00-04:00","12.416196355753366","12.442772818668564","12.04338758727502","12.134540557861328","119220660","GOOGL","Alphabet Inc. (GOOGL) Historical Data"
"2010-06-22 00:00:00-04:00","12.167822592322514","12.334232624737295","12.064250302678149","12.077165603637695","88699212","GOOGL","Alphabet Inc. (GOOGL) Historical Data"
"2010-06-23 00:00:00-04:00","12.093062000728226","12.093062000728226","11.876232593233114","11.972848892211914","81082836","GOOGL","Alphabet Inc. (GOOGL) Historical Data"
"2010-06-24 00:00:00-04:00","11.913488073534445","11.99023496530211","11.754528121998941","11.8002290725708","75668256","GOOGL","Alphabet Inc. (GOOGL) Historical Data"
"2010-06-25 00:00:00-04:00","11.848911383981232","11.863565447776073","11.687468693301513","11.740123748779297","89718192","GOOGL","Alphabet Inc. (GOOGL) Historical Data"
"2010-06-28 00:00:00-04:00","11.737888946579204","11.861081709464013","11.648970715490217","11.725221633911133","70421508","GOOGL","Alphabet Inc. (GOOGL) Historical Data"
"2010-06-29 00:00:00-04:00","11.510627332698187","11.538195752377794","11.20463074696305","11.282620429992676","139943916","GOOGL","Alphabet Inc. (GOOGL) Historical Data"
"2010-06-30 00:00:00-04:00","11.300005191953709","11.371288761643523","11.045671707783244","11.051383972167969","143983872","GOOGL","Alphabet Inc. (GOOGL) Historical Data"
"2010-07-01 00:00:00-04:00","11.059827498692837","11.137072265422786","10.77022469688754","10.915771484375","140403456","GOOGL","Alphabet Inc. (GOOGL) Historical Data"
"2010-07-02 00:00:00-04:00","10.968674962772164","10.985066841214426","10.829088434910068","10.84274959564209","77362560","GOOGL","Alphabet Inc. (GOOGL) Historical Data"
"2010-07-06 00:00:00-04:00","11.02778772513463","11.118941642317056","10.770224714521406","10.830828666687012","102301596","GOOGL","Alphabet Inc. (GOOGL) Historical Data"
"2010-07-07 00:00:00-04:00","10.886461978981359","11.208851337957267","10.813688594450165","11.181777954101562","125062812","GOOGL","Alphabet Inc. (GOOGL) Historical Data"
"2010-07-08 00:00:00-04:00","11.26498537025582","11.35887190634624","11.16836906261269","11.33974552154541","106649244","GOOGL","Alphabet Inc. (GOOGL) Historical Data"
"2010-07-09 00:00:00-04:00","11.72224178065694","11.754529563460036","11.494234870723343","11.611218452453613","173086740","GOOGL","Alphabet Inc. (GOOGL) Historical Data"
"2010-07-12 00:00:00-04:00","11.732424598370084","11.908025387116297","11.70038480417285","11.81836223602295","133242624","GOOGL","Alphabet Inc. (GOOGL) Historical Data"
"2010-07-13 00:00:00-04:00","11.97781717379773","12.244569971324404","11.9288876322564","12.150436401367188","158892948","GOOGL","Alphabet Inc. (GOOGL) Historical Data"
"2010-07-14 00:00:00-04:00","12.167325312693613","12.265432377946125","12.082381536939092","12.203588485717773","124595280","GOOGL","Alphabet Inc. (GOOGL) Historical Data"
"2010-07-15 00:00:00-04:00","12.213275548609372","12.287041841354338","11.988496306753682","12.27015209197998","194133672","GOOGL","Alphabet Inc. (GOOGL) Historical Data"
"2010-07-16 00:00:00-04:00","11.651704445137339","11.687469753546022","11.413264954147568","11.41550064086914","312679008","GOOGL","Alphabet Inc. (GOOGL) Historical Data"
"2010-07-19 00:00:00-04:00","11.450271942950904","11.664866612281264","11.363588451880709","11.578680992126465","181829988","GOOGL","Alphabet Inc. (GOOGL) Historical Data"
"2010-07-20 00:00:00-04:00","11.450768268671897","11.996197231329564","11.440089599778103","11.961424827575684","162017820","GOOGL","Alphabet Inc. (GOOGL) Historical Data"
"2010-07-21 00:00:00-04:00","12.021282116081807","12.06350649007729","11.80842621666795","11.859838485717773","131052816","GOOGL","Alphabet Inc. (GOOGL) Historical Data"
"2010-07-22 00:00:00-04:00","12.002158080192359","12.144973204306227","11.983529567840586","12.041400909423828","85822092","GOOGL","Alphabet Inc. (GOOGL) Historical Data"
"2010-07-23 00:00:00-04:00","11.94105917967326","12.18496199773798","11.922182676758187","12.171798706054688","90485424","GOOGL","Alphabet Inc. (GOOGL) Historical Data"
"2010-07-26 00:00:00-04:00","12.14770449934234","12.188935028106044","12.043140243750424","12.14472484588623","79728192","GOOGL","Alphabet Inc. (GOOGL) Historical Data"
"2010-07-27 00:00:00-04:00","12.184712789308449","12.356587103041731","12.174529152215868","12.235629081726074","97949952","GOOGL","Alphabet Inc. (GOOGL) Historical Data"
"2010-07-28 00:00:00-04:00","12.29300218582069","12.300702146681774","11.988247484121127","12.029973983764648","99740160","GOOGL","Alphabet Inc. (GOOGL) Historical Data"
"2010-07-29 00:00:00-04:00","12.069714632021164","12.142488022914911","11.905291349816242","12.045870780944824","106912980","GOOGL","Alphabet Inc. (GOOGL) Historical Data"
"2010-07-30 00:00:00-04:00","11.913239723102638","12.10473545180589","11.900572410559151","12.042393684387207","85678236","GOOGL","Alphabet Inc. (GOOGL) Historical Data"
"2010-08-02 00:00:00-04:00","12.14522116672111","12.251773114685378","12.094304873710042","12.180490493774414","74273652","GOOGL","Alphabet Inc. (GOOGL) Historical Data"
"2010-08-03 00:00:00-04:00","12.182726059094664","12.231407615422723","12.089834319748816","12.166085243225098","72019908","GOOGL","Alphabet Inc. (GOOGL) Historical Data"
"2010-08-04 00:00:00-04:00","12.224452477809304","12.59254187956281","12.196386188611969","12.575653076171875","152347500","GOOGL","Alphabet Inc. (GOOGL) Historical Data"
"2010-08-05 00:00:00-04:00","12.564972761207036","12.632281880205715","12.507101419595235","12.61986255645752","96719184","GOOGL","Alphabet Inc. (GOOGL) Historical Data"
"2010-08-06 00:00:00-04:00","12.55280176986049","12.561245698054606","12.32057244776361","12.42414379119873","132647220","GOOGL","Alphabet Inc. (GOOGL) Historical Data"
"2010-08-09 00:00:00-04:00","12.474564563782614","12.555285907890811","12.452459473959406","12.551559448242188","74813112","GOOGL","Alphabet Inc. (GOOGL) Historical Data"
"2010-08-10 00:00:00-04:00","12.477045661469958","12.567703588440411","12.383161039228654","12.510825157165527","82877040","GOOGL","Alphabet Inc. (GOOGL) Historical Data"
"2010-08-11 00:00:00-04:00","12.362298273111824","12.369004385428541","12.207561712007461","12.213522911071777","88831080","GOOGL","Alphabet Inc. (GOOGL) Historical Data"
"2010-08-12 00:00:00-04:00","12.019791637080148","12.288283174893026","11.984274324284627","12.220229148864746","88095816","GOOGL","Alphabet Inc. (GOOGL) Historical Data"
"2010-08-13 00:00:00-04:00","12.145469224923445","12.199863042467634","12.071205057235609","12.07965087890625","77310612","GOOGL","Alphabet Inc. (GOOGL) Historical Data"
"2010-08-16 00:00:00-04:00","12.013334135983019","12.167077804468674","11.934351556306941","12.060773849487305","52147800","GOOGL","Alphabet Inc. (GOOGL) Historical Data"
"2010-08-17 00:00:00-04:00","12.133795352043494","12.287042097700649","12.071702521297963","12.183221817016602","75552372","GOOGL","Alphabet Inc. (GOOGL) Historical Data"
"2010-08-18 00:00:00-04:00","12.181235012201679","12.191914626936304","11.960431161658502","11.975333213806152","107348544","GOOGL","Alphabet Inc. (GOOGL) Historical Data"
"2010-08-19 00:00:00-04:00","11.947017642954455","11.98427466528782","11.605255783523253","11.623139381408691","156843000","GOOGL","Alphabet Inc. (GOOGL) Historical Data"
"2010-08-20 00:00:00-04:00","11.623140489021276","11.713051625287756","11.450520307590121","11.475358009338379","156547296","GOOGL","Alphabet Inc. (GOOGL) Historical Data"
"2010-08-23 00:00:00-04:00","11.462442133853527","11.630094009329301","11.368805488987826","11.526273727416992","119328552","GOOGL","Alphabet Inc. (GOOGL) Historical Data"
"2010-08-24 00:00:00-04:00","11.36806042563332","11.384702187795067","11.199662678521454","11.211337089538574","110397492","GOOGL","Alphabet Inc. (GOOGL) Historical Data"
"2010-08-25 00:00:00-04:00","11.17681323431665","11.370793606766988","11.17681323431665","11.2915620803833","103580316","GOOGL","Alphabet Inc. (GOOGL) Historical Data"
"2010-08-26 00:00:00-04:00","11.32732807446554","11.357132182140623","11.187741528125109","11.201153755187988","71008920","GOOGL","Alphabet Inc. (GOOGL) Historical Data"
"2010-08-27 00:00:00-04:00","11.240396312937676","11.424937951760448","11.118444434530945","11.396126747131348","92403504","GOOGL","Alphabet Inc. (GOOGL) Historical Data"
"2010-08-30 00:00:00-04:00","11.40407448778751","11.419225476452883","11.236919527625298","11.24362564086914","49206744","GOOGL","Alphabet Inc. (GOOGL) Historical Data"
"2010-08-31 00:00:00-04:00","11.179544722766613","11.29777013502214","11.127137656390055","11.177309036254883","77794128","GOOGL","Alphabet Inc. (GOOGL) Historical Data"
"2010-09-01 00:00:00-04:00","11.30050350306877","11.547882894732055","11.238906644105242","11.433382987976074","129002868","GOOGL","Alphabet Inc. (GOOGL) Historical Data"
"2010-09-02 00:00:00-04:00","11.49572553506416","11.535215408820115","11.432885892710004","11.504169464111328","67300632","GOOGL","Alphabet Inc. (GOOGL) Historical Data"
"2010-09-03 00:00:00-04:00","11.686475475552239","11.720254978003451","11.60997656366002","11.681011199951172","101514384","GOOGL","Alphabet Inc. (GOOGL) Historical Data"
"2010-09-07 00:00:00-04:00","11.536953287030267","11.613701128124214","11.500194134093503","11.534470558166504","68327604","GOOGL","Alphabet Inc. (GOOGL) Historical Data"
"2010-09-08 00:00:00-04:00","11.554091116833693","11.735652143013752","11.537202313377671","11.68796443939209","95975928","GOOGL","Alphabet Inc. (GOOGL) Historical Data"
"2010-09-09 00:00:00-04:00","11.8680356039226","11.931867192403878","11.687963472747164","11.82705307006836","97126776","GOOGL","Alphabet Inc. (GOOGL) Historical Data"
"2010-09-10 00:00:00-04:00","11.897591851116086","11.916717287723875","11.799733714197872","11.82606029510498","78893028","GOOGL","Alphabet Inc. (GOOGL) Historical Data"
"2010-09-13 00:00:00-04:00","11.944288807310999","12.029976564698066","11.910260368182959","11.978315353393555","89570340","GOOGL","Alphabet Inc. (GOOGL) Historical Data"
"2010-09-14 00:00:00-04:00","11.971856202356774","12.039911181732931","11.923920508677691","11.932613372802734","88571340","GOOGL","Alphabet Inc. (GOOGL) Historical Data"
"2010-09-15 00:00:00-04:00","11.920691272106","11.968874952104137","11.884676086785426","11.937828063964844","96015888","GOOGL","Alphabet Inc. (GOOGL) Historical Data"
"2010-09-16 00:00:00-04:00","11.920692846949272","11.98278568490834","11.907279673267196","11.948262214660645","78701220","GOOGL","Alphabet Inc. (GOOGL) Historical Data"
"2010-09-17 00:00:00-04:00","12.015074140442179","12.20011175878541","11.951242541676853","12.174033164978027","225438336","GOOGL","Alphabet Inc. (GOOGL) Historical Data"
"2010-09-20 00:00:00-04:00","12.232399213433727","12.677235465885323","12.221470664165997","12.624332427978516","175963860","GOOGL","Alphabet Inc. (GOOGL) Historical Data"
"2010-09-21 00:00:00-04:00","12.65910608889505","12.914931280482254","12.639980652508166","12.75299072265625","178473348","GOOGL","Alphabet Inc. (GOOGL) Historical Data"
"2010-09-22 00:00:00-04:00","12.73808945576859","12.86028837520424","12.708781327054265","12.816079139709473","101382516","GOOGL","Alphabet Inc. (GOOGL) Historical Data"
"2010-09-23 00:00:00-04:00","12.781553876051264","12.907727235906624","12.699341759826773","12.753487586975098","92603304","GOOGL","Alphabet Inc. (GOOGL) Historical Data"
"2010-09-24 00:00:00-04:00","12.95864404112135","13.109903085228616","12.872209490326398","13.096490859985352","134141724","GOOGL","Alphabet Inc. (GOOGL) Historical Data"
"2010-09-27 00:00:00-04:00","13.135237682867702","13.333937400134838","13.135237682867702","13.173985481262207","124171704","GOOGL","Alphabet Inc. (GOOGL) Historical Data"
"2010-09-28 00:00:00-04:00","13.250234897744745","13.252966562045259","12.876929213361668","13.093510627746582","146041812","GOOGL","Alphabet Inc. (GOOGL) Historical Data"
"2010-09-29 00:00:00-04:00","13.110399733653479","13.236822022073538","13.032411005660586","13.106425285339355","86801112","GOOGL","Alphabet Inc. (GOOGL) Historical Data"
"2010-09-30 00:00:00-04:00","13.142936565330526","13.210245679655623","12.888602159666071","13.059235572814941","129634236","GOOGL","Alphabet Inc. (GOOGL) Historical Data"
"2010-10-01 00:00:00-04:00","13.163800341641208","13.179200264773439","12.989939279525615","13.055013656616211","88911000","GOOGL","Alphabet Inc. (GOOGL) Historical Data"
"2010-10-04 00:00:00-04:00","13.03837239949189","13.120335582972483","12.886864409869375","12.973795890808105","77542380","GOOGL","Alphabet Inc. (GOOGL) Historical Data"
"2010-10-05 00:00:00-04:00","13.123564989581743","13.412174891065066","13.078112025227197","13.368212699890137","140143716","GOOGL","Alphabet Inc. (GOOGL) Historical Data"
"2010-10-06 00:00:00-04:00","13.393794823829607","13.410932562370547","13.16231041254119","13.271842956542969","110381508","GOOGL","Alphabet Inc. (GOOGL) Historical Data"
"2010-10-07 00:00:00-04:00","13.318042735857905","13.342631503970248","13.142442887949288","13.164051055908203","95736168","GOOGL","Alphabet Inc. (GOOGL) Historical Data"
"2010-10-08 00:00:00-04:00","13.232599711316691","13.352562922215341","13.104686657759883","13.321516036987305","114253632","GOOGL","Alphabet Inc. (GOOGL) Historical Data"
"2010-10-11 00:00:00-04:00","13.374421917074374","13.526426829928864","13.341885200783047","13.383362770080566","104946948","GOOGL","Alphabet Inc. (GOOGL) Historical Data"
"2010-10-12 00:00:00-04:00","13.415155321744079","13.560950097304312","13.35728398090238","13.446698188781738","149993856","GOOGL","Alphabet Inc. (GOOGL) Historical Data"
"2010-10-13 00:00:00-04:00","13.586036592840317","13.598206034319908","13.47004592342482","13.49413776397705","122101776","GOOGL","Alphabet Inc. (GOOGL) Historical Data"
"2010-10-14 00:00:00-04:00","13.51599547086835","13.542570987999014","13.340394691258172","13.435274124145508","265098636","GOOGL","Alphabet Inc. (GOOGL) Historical Data"
"2010-10-15 00:00:00-04:00","14.884285902724155","14.943150148217203","14.693783068934092","14.938430786132812","592399008","GOOGL","Alphabet Inc. (GOOGL) Historical Data"
"2010-10-18 00:00:00-04:00","14.916077368359439","15.391464587714106","14.916077368359439","15.342286109924316","283644072","GOOGL","Alphabet Inc. (GOOGL) Historical Data"
"2010-10-19 00:00:00-04:00","15.12222603394572","15.270505423045302","14.97345066700992","15.096892356872559","183332484","GOOGL","Alphabet Inc. (GOOGL) Historical Data"
"2010-10-20 00:00:00-04:00","15.104591864381653","15.334089524694077","15.088696910039456","15.100618362426758","140862996","GOOGL","Alphabet Inc. (GOOGL) Historical Data"
"2010-10-21 00:00:00-04:00","15.188293894355768","15.299813189983626","15.051439974158438","15.200216293334961","116703180","GOOGL","Alphabet Inc. (GOOGL) Historical Data"
"2010-10-22 00:00:00-04:00","15.198475881773152","15.270505303649374","15.152030965255927","15.213627815246582","90153756","GOOGL","Alphabet Inc. (GOOGL) Historical Data"
"2010-10-25 00:00:00-04:00","15.289630004496649","15.51689197234429","15.274231028416011","15.31223201751709","126209664","GOOGL","Alphabet Inc. (GOOGL) Historical Data"
"2010-10-26 00:00:00-04:00","15.227785390877603","15.429712737974924","15.176372175857013","15.36439037322998","100415484","GOOGL","Alphabet Inc. (GOOGL) Historical Data"
"2010-10-27 00:00:00-04:00","15.294102423355803","15.39916454542309","15.208661716002789","15.311488151550293","89586324","GOOGL","Alphabet Inc. (GOOGL) Historical Data"
"2010-10-28 00:00:00-04:00","15.400405635243589","15.424001498905934","15.232753753686787","15.363895416259766","87284628","GOOGL","Alphabet Inc. (GOOGL) Historical Data"
"2010-10-29 00:00:00-04:00","15.326389164894392","15.374324855169315","15.225052562884011","15.242687225341797","91040868","GOOGL","Alphabet Inc. (GOOGL) Historical Data"
"2010-11-01 00:00:00-04:00","15.293107363285788","15.41555520384918","15.180842212677877","15.274975776672363","123360516","GOOGL","Alphabet Inc. (GOOGL) Historical Data"
"2010-11-02 00:00:00-04:00","15.366128804676832","15.399163389507455","15.264544214482804","15.289877891540527","79824096","GOOGL","Alphabet Inc. (GOOGL) Historical Data"
"2010-11-03 00:00:00-04:00","15.33706986214992","15.44461470681325","15.237720010182441","15.403633117675781","135084780","GOOGL","Alphabet Inc. (GOOGL) Historical Data"
"2010-11-04 00:00:00-04:00","15.514409240805506","15.64555090069442","15.451321613037276","15.505218505859375","142689168","GOOGL","Alphabet Inc. (GOOGL) Historical Data"
"2010-11-05 00:00:00-04:00","15.478146445393921","15.535520863847772","15.426733226745773","15.525338172912598","70557372","GOOGL","Alphabet Inc. (GOOGL) Historical Data"
"2010-11-08 00:00:00-05:00","15.49901022270666","15.634871252472893","15.476906077934714","15.567313194274902","83967948","GOOGL","Alphabet Inc. (GOOGL) Historical Data"
"2010-11-09 00:00:00-05:00","15.64753787674329","15.668649118266066","15.411831016585127","15.518879890441895","89398512","GOOGL","Alphabet Inc. (GOOGL) Historical Data"
"2010-11-10 00:00:00-05:00","15.450826098660634","15.473677049198793","15.337319098886969","15.470696449279785","99780120","GOOGL","Alphabet Inc. (GOOGL) Historical Data"
"2010-11-11 00:00:00-05:00","15.391714180911135","15.39543969448497","15.255357165931345","15.32937240600586","90373536","GOOGL","Alphabet Inc. (GOOGL) Historical Data"
"2010-11-12 00:00:00-05:00","15.249891719917011","15.322168192140026","14.932469658381894","14.984131813049316","135584280","GOOGL","Alphabet Inc. (GOOGL) Historical Data"
"2010-11-15 00:00:00-05:00","14.978914745854377","15.001765695323556","14.754633367775897","14.78990364074707","139016844","GOOGL","Alphabet Inc. (GOOGL) Historical Data"
"2010-11-16 00:00:00-05:00","14.722594373982242","14.850009578955037","14.491358881575406","14.498064994812012","132163704","GOOGL","Alphabet Inc. (GOOGL) Historical Data"
"2010-11-17 00:00:00-05:00","14.52985731445317","14.64162461033271","14.439697239236713","14.493842124938965","97602300","GOOGL","Alphabet Inc. (GOOGL) Historical Data"
"2010-11-18 00:00:00-05:00","14.62920538581412","14.901919371660124","14.618276835822876","14.816975593566895","103496400","GOOGL","Alphabet Inc. (GOOGL) Historical Data"
"2010-11-19 00:00:00-05:00","14.82790360468895","14.850007746267913","14.662486480774932","14.674656867980957","91808100","GOOGL","Alphabet Inc. (GOOGL) Historical Data"
"2010-11-22 00:00:00-05:00","14.591204567228582","14.739483970233444","14.473972054550755","14.684344291687012","87376536","GOOGL","Alphabet Inc. (GOOGL) Historical Data"
"2010-11-23 00:00:00-05:00","14.579780465680104","14.629454923745133","14.36096240028632","14.480430603027344","86417496","GOOGL","Alphabet Inc. (GOOGL) Historical Data"
"2010-11-24 00:00:00-05:00","14.587229109129291","14.817968605262159","14.580771931873867","14.777483940124512","95760144","GOOGL","Alphabet Inc. (GOOGL) Historical Data"
"2010-11-26 00:00:00-05:00","14.665466771875371","14.728057472589853","14.579530090954279","14.65404224395752","52391556","GOOGL","Alphabet Inc. (GOOGL) Historical Data"
"2010-11-29 00:00:00-05:00","14.633428325595771","14.649076238842337","14.404427570517063","14.458076477050781","114273612","GOOGL","Alphabet Inc. (GOOGL) Historical Data"
"2010-11-30 00:00:00-05:00","14.264592095690666","14.264592095690666","13.742759968869084","13.802370071411133","284411304","GOOGL","Alphabet Inc. (GOOGL) Historical Data"
"2010-12-01 00:00:00-05:00","13.983435299022927","14.196291219500631","13.968532298925448","14.016965866088867","150013836","GOOGL","Alphabet Inc. (GOOGL) Historical Data"
"2010-12-02 00:00:00-05:00","14.124013732015296","14.240004402890786","14.041801614733075","14.202499389648438","101814084","GOOGL","Alphabet Inc. (GOOGL) Historical Data"
"2010-12-03 00:00:00-05:00","14.143635337180113","14.31824131818004","14.107621096616198","14.231807708740234","105142752","GOOGL","Alphabet Inc. (GOOGL) Historical Data"
"2010-12-06 00:00:00-05:00","14.419825651409516","14.455342964596126","14.321469650845605","14.364933967590332","83668248","GOOGL","Alphabet Inc. (GOOGL) Historical Data"
"2010-12-07 00:00:00-05:00","14.685587215743787","14.728555559596147","14.554694486546166","14.583008766174316","121566312","GOOGL","Alphabet Inc. (GOOGL) Historical Data"
"2010-12-08 00:00:00-05:00","14.702972990597669","14.716634152567183","14.497320112925658","14.667455673217773","70205724","GOOGL","Alphabet Inc. (GOOGL) Historical Data"
"2010-12-09 00:00:00-05:00","14.75041166210424","14.792634143219436","14.629205654286688","14.691298484802246","74681244","GOOGL","Alphabet Inc. (GOOGL) Historical Data"
"2010-12-10 00:00:00-05:00","14.732032778045728","14.753145913997114","14.661247075897228","14.708934783935547","68119812","GOOGL","Alphabet Inc. (GOOGL) Historical Data"
"2010-12-13 00:00:00-05:00","14.83088497958152","14.976928696486683","14.7556279078202","14.768791198730469","95844060","GOOGL","Alphabet Inc. (GOOGL) Historical Data"
"2010-12-14 00:00:00-05:00","14.830139180994985","14.85994423188528","14.715639285757028","14.775994300842285","65666268","GOOGL","Alphabet Inc. (GOOGL) Historical Data"
"2010-12-15 00:00:00-05:00","14.758359479112569","14.814243120723525","14.632930088490502","14.661493301391602","86621292","GOOGL","Alphabet Inc. (GOOGL) Historical Data"
"2010-12-16 00:00:00-05:00","14.724830317136236","14.747680321718551","14.606107027928486","14.696516036987305","63812124","GOOGL","Alphabet Inc. (GOOGL) Historical Data"
"2010-12-17 00:00:00-05:00","14.67888035281644","14.717626256987806","14.596171311695096","14.67391300201416","123360516","GOOGL","Alphabet Inc. (GOOGL) Historical Data"
"2010-12-20 00:00:00-05:00","14.769535708987268","14.849760124442271","14.62075939469997","14.779718399047852","78853068","GOOGL","Alphabet Inc. (GOOGL) Historical Data"
"2010-12-21 00:00:00-05:00","14.86689996964433","15.019649807428662","14.843056115612695","14.978668212890625","75104820","GOOGL","Alphabet Inc. (GOOGL) Historical Data"
"2010-12-22 00:00:00-05:00","15.00176639295364","15.076278551340108","14.983883739967236","15.038773536682129","48251700","GOOGL","Alphabet Inc. (GOOGL) Historical Data"
"2010-12-23 00:00:00-05:00","15.035049026705854","15.051440906533717","14.95283690601012","15.007478713989258","44387568","GOOGL","Alphabet Inc. (GOOGL) Historical Data"
"2010-12-27 00:00:00-05:00","14.970471538671642","14.99630214264223","14.889999126836704","14.961530685424805","48275676","GOOGL","Alphabet Inc. (GOOGL) Historical Data"
"2010-12-28 00:00:00-05:00","14.953332986978268","14.998537964117409","14.85299022359389","14.875593185424805","42549408","GOOGL","Alphabet Inc. (GOOGL) Historical Data"
"2010-12-29 00:00:00-05:00","14.952091423929948","14.962274114568626","14.875592517059848","14.927253723144531","40727232","GOOGL","Alphabet Inc. (GOOGL) Historical Data"
"2010-12-30 00:00:00-05:00","14.85274051006052","14.935448599608971","14.837590469647703","14.874100685119629","39540420","GOOGL","Alphabet Inc. (GOOGL) Historical Data"
"2010-12-31 00:00:00-05:00","14.821445389725536","14.863172839634565","14.704462765496054","14.752646446228027","61510428","GOOGL","Alphabet Inc. (GOOGL) Historical Data"
"2011-01-03 00:00:00-05:00","14.81498782436006","15.041256891431527","14.81498782436006","15.010457992553711","94513392","GOOGL","Alphabet Inc. (GOOGL) Historical Data"
"2011-01-04 00:00:00-05:00","15.04200293093013","15.055912081576906","14.905396992995781","14.955071449279785","72907020","GOOGL","Alphabet Inc. (GOOGL) Historical Data"
"2011-01-05 00:00:00-05:00","14.90415386158728","15.15898613811605","14.903656937228265","15.127690315246582","101190708","GOOGL","Alphabet Inc. (GOOGL) Historical Data"
"2011-01-06 00:00:00-05:00","15.167678761207219","15.36016833639957","15.152031795566597","15.237720489501953","82229688","GOOGL","Alphabet Inc. (GOOGL) Historical Data"
"2011-01-07 00:00:00-05:00","15.297579087546307","15.355698418685254","15.154019995094082","15.310742378234863","83963952","GOOGL","Alphabet Inc. (GOOGL) Historical Data"
"2011-01-10 00:00:00-05:00","15.270008952492613","15.284663963069638","15.11502438316544","15.255355834960938","63104832","GOOGL","Alphabet Inc. (GOOGL) Historical Data"
"2011-01-11 00:00:00-05:00","15.342286563780807","15.369359005672251","15.262559064815695","15.300063133239746","57514428","GOOGL","Alphabet Inc. (GOOGL) Historical Data"
"2011-01-12 00:00:00-05:00","15.383019430851203","15.383019430851203","15.269264446739351","15.321422576904297","65242692","GOOGL","Alphabet Inc. (GOOGL) Historical Data"
"2011-01-13 00:00:00-05:00","15.323907761590315","15.390968897352083","15.254114014693132","15.316953659057617","53306640","GOOGL","Alphabet Inc. (GOOGL) Historical Data"
"2011-01-14 00:00:00-05:00","15.334586305908244","15.505218786956755","15.326638355059451","15.502984046936035","94529376","GOOGL","Alphabet Inc. (GOOGL) Historical Data"
"2011-01-18 00:00:00-05:00","15.549678142004243","15.945338821422542","15.530056726781485","15.886722564697266","144535320","GOOGL","Alphabet Inc. (GOOGL) Historical Data"
"2011-01-19 00:00:00-05:00","15.948566825214893","15.969430078670836","15.639093654747239","15.691003799438477","136107756","GOOGL","Alphabet Inc. (GOOGL) Historical Data"
"2011-01-20 00:00:00-05:00","15.702428364148174","15.748875179893654","15.480879580257868","15.567313194274902","219212568","GOOGL","Alphabet Inc. (GOOGL) Historical Data"
"2011-01-21 00:00:00-05:00","15.88548025281815","15.938879274919872","15.184568868554983","15.196242332458496","355819824","GOOGL","Alphabet Inc. (GOOGL) Historical Data"
"2011-01-24 00:00:00-05:00","15.090434738976683","15.212634595298866","14.932966503313649","15.177613258361816","183784032","GOOGL","Alphabet Inc. (GOOGL) Historical Data"
"2011-01-25 00:00:00-05:00","15.106081309875085","15.416300304361357","15.064354807788309","15.396926879882812","145726128","GOOGL","Alphabet Inc. (GOOGL) Historical Data"
"2011-01-26 00:00:00-05:00","15.407359431252184","15.461008331876103","15.281930043195032","15.31223201751709","81442476","GOOGL","Alphabet Inc. (GOOGL) Historical Data"
"2011-01-27 00:00:00-05:00","15.346758405169195","15.39171350155626","15.231512638861162","15.319437026977539","80687232","GOOGL","Alphabet Inc. (GOOGL) Historical Data"
"2011-01-28 00:00:00-05:00","15.376064508348906","15.408105246551733","14.89645580279215","14.927005767822266","169074756","GOOGL","Alphabet Inc. (GOOGL) Historical Data"
"2011-01-31 00:00:00-05:00","14.991831235416505","15.01343940101345","14.791890630212526","14.911357879638672","112083804","GOOGL","Alphabet Inc. (GOOGL) Historical Data"
"2011-02-01 00:00:00-05:00","15.013935957141614","15.233995856288274","14.979661424110514","15.176621437072754","109702188","GOOGL","Alphabet Inc. (GOOGL) Historical Data"
"2011-02-02 00:00:00-05:00","15.17562654852057","15.258583577245739","15.0894409311301","15.200464248657227","70357572","GOOGL","Alphabet Inc. (GOOGL) Historical Data"
"2011-02-03 00:00:00-05:00","15.137874458342562","15.186804948257086","15.054669435682225","15.154516220092773","59744196","GOOGL","Alphabet Inc. (GOOGL) Historical Data"
"2011-02-04 00:00:00-05:00","15.154515581026986","15.186555372375484","15.066591199994647","15.175130844116211","61969968","GOOGL","Alphabet Inc. (GOOGL) Historical Data"
"2011-02-07 00:00:00-05:00","15.154763898949092","15.359175879144754","15.131168035555714","15.257343292236328","71912016","GOOGL","Alphabet Inc. (GOOGL) Historical Data"
"2011-02-08 00:00:00-05:00","15.273239024127873","15.389973662500012","15.262806451484254","15.358926773071289","67728204","GOOGL","Alphabet Inc. (GOOGL) Historical Data"
"2011-02-09 00:00:00-05:00","15.32142180538155","15.385502331513166","15.208908664641159","15.31223201751709","73626300","GOOGL","Alphabet Inc. (GOOGL) Historical Data"
"2011-02-10 00:00:00-05:00","15.247655696155128","15.3370708526573","15.189536365016181","15.310742378234863","93282624","GOOGL","Alphabet Inc. (GOOGL) Historical Data"
"2011-02-11 00:00:00-05:00","15.244924077953929","15.523351292601241","15.225301716546612","15.510931968688965","103492404","GOOGL","Alphabet Inc. (GOOGL) Historical Data"
"2011-02-14 00:00:00-05:00","15.482120049607339","15.638595383574385","15.400156869579135","15.601587295532227","85034880","GOOGL","Alphabet Inc. (GOOGL) Historical Data"
"2011-02-15 00:00:00-05:00","15.580974774248538","15.649773725559736","15.476160632977914","15.502239227294922","83596320","GOOGL","Alphabet Inc. (GOOGL) Historical Data"
"2011-02-16 00:00:00-05:00","15.538997211691818","15.560605376198177","15.451320822965897","15.503976821899414","67292640","GOOGL","Alphabet Inc. (GOOGL) Historical Data"
"2011-02-17 00:00:00-05:00","15.430211147098882","15.579235466930342","15.406119304839601","15.52980899810791","59092848","GOOGL","Alphabet Inc. (GOOGL) Historical Data"
"2011-02-18 00:00:00-05:00","15.548188078753547","15.676845119032972","15.502984049136955","15.649524688720703","128587284","GOOGL","Alphabet Inc. (GOOGL) Historical Data"
"2011-02-22 00:00:00-05:00","15.39990866723619","15.521612551913227","15.095402859649868","15.156006813049316","145450404","GOOGL","Alphabet Inc. (GOOGL) Historical Data"
"2011-02-23 00:00:00-05:00","15.15898685806186","15.267525554974037","15.001765662538144","15.183574676513672","115468416","GOOGL","Alphabet Inc. (GOOGL) Historical Data"
"2011-02-24 00:00:00-05:00","15.185314446720332","15.227538824206347","14.935947363219862","15.121482849121094","108359532","GOOGL","Alphabet Inc. (GOOGL) Historical Data"
"2011-02-25 00:00:00-05:00","15.19698796430153","15.268021648921886","15.138371710205169","15.151782989501953","77218704","GOOGL","Alphabet Inc. (GOOGL) Historical Data"
"2011-02-28 00:00:00-05:00","15.15079026363648","15.31198496427809","15.101362850761088","15.235237121582031","91168740","GOOGL","Alphabet Inc. (GOOGL) Historical Data"
"2011-03-01 00:00:00-05:00","15.344024457407848","15.379790708154154","14.885029129863863","14.921292304992676","132795072","GOOGL","Alphabet Inc. (GOOGL) Historical Data"
"2011-03-02 00:00:00-05:00","14.897449319061717","15.051440988275123","14.782949415974434","14.922039031982422","80986932","GOOGL","Alphabet Inc. (GOOGL) Historical Data"
"2011-03-03 00:00:00-05:00","15.060879476057401","15.187798701345837","15.026603050482265","15.139862060546875","77734188","GOOGL","Alphabet Inc. (GOOGL) Historical Data"
"2011-03-04 00:00:00-05:00","15.109310947733182","15.12545673128336","14.907383589340583","14.917816162109375","120319560","GOOGL","Alphabet Inc. (GOOGL) Historical Data"
"2011-03-07 00:00:00-05:00","14.916077249797752","14.994065983660013","14.579530709342631","14.695272445678711","138369492","GOOGL","Alphabet Inc. (GOOGL) Historical Data"
"2011-03-08 00:00:00-05:00","14.726817129781066","14.852245586343281","14.659011082595862","14.711418151855469","91304604","GOOGL","Alphabet Inc. (GOOGL) Historical Data"
"2011-03-09 00:00:00-05:00","14.678880232858198","14.766059699684622","14.548483489273426","14.698004722595215","85953960","GOOGL","Alphabet Inc. (GOOGL) Historical Data"
"2011-03-10 00:00:00-05:00","14.540785364014283","14.570092545997134","14.392009034897967","14.413121223449707","124998876","GOOGL","Alphabet Inc. (GOOGL) Historical Data"
"2011-03-11 00:00:00-05:00","14.36145864957938","14.405669776514566","14.240004647913416","14.323954582214355","121158720","GOOGL","Alphabet Inc. (GOOGL) Historical Data"
"2011-03-14 00:00:00-04:00","14.226839106528393","14.363196094978823","14.108116780143476","14.1570463180542","112531356","GOOGL","Alphabet Inc. (GOOGL) Historical Data"
"2011-03-15 00:00:00-04:00","13.846828618567875","14.182133324867701","13.797153216249088","14.146367073059082","160063776","GOOGL","Alphabet Inc. (GOOGL) Historical Data"
"2011-03-16 00:00:00-04:00","14.107868298156385","14.152079422459591","13.692340142453428","13.836892127990723","151788060","GOOGL","Alphabet Inc. (GOOGL) Historical Data"
"2011-03-17 00:00:00-04:00","14.020192180741143","14.132456381809831","13.922333106486759","13.942699432373047","115856028","GOOGL","Alphabet Inc. (GOOGL) Historical Data"
"2011-03-18 00:00:00-04:00","14.024166610141583","14.107372574175482","13.902464624593781","13.935249328613281","131812056","GOOGL","Alphabet Inc. (GOOGL) Historical Data"
"2011-03-21 00:00:00-04:00","14.16276051469271","14.400703070810135","14.132956407833039","14.31873893737793","120715164","GOOGL","Alphabet Inc. (GOOGL) Historical Data"
"2011-03-22 00:00:00-04:00","14.337862814672139","14.386544368228169","14.219637401565201","14.339104652404785","75400524","GOOGL","Alphabet Inc. (GOOGL) Historical Data"
"2011-03-23 00:00:00-04:00","14.286200123474009","14.466519297523902","14.20696861270869","14.459317207336426","72575352","GOOGL","Alphabet Inc. (GOOGL) Historical Data"
"2011-03-24 00:00:00-04:00","14.540535264712796","14.614053569036395","14.375863046757775","14.576798439025879","83864052","GOOGL","Alphabet Inc. (GOOGL) Historical Data"
"2011-03-25 00:00:00-04:00","14.576551425483666","14.577295392306524","14.386792559521107","14.399211883544922","114221664","GOOGL","Alphabet Inc. (GOOGL) Historical Data"
"2011-03-28 00:00:00-04:00","14.457083346439713","14.529608758746575","14.274280462132955","14.290425300598145","88647264","GOOGL","Alphabet Inc. (GOOGL) Historical Data"
"2011-03-29 00:00:00-04:00","14.306318818940937","14.452611457011686","14.232055603252375","14.448637008666992","64127808","GOOGL","Alphabet Inc. (GOOGL) Historical Data"
"2011-03-30 00:00:00-04:00","14.514456930254688","14.542275232128807","14.420075366693073","14.451371192932129","56835108","GOOGL","Alphabet Inc. (GOOGL) Historical Data"
"2011-03-31 00:00:00-04:00","14.480181595376276","14.608341707098246","14.448885770869994","14.573570251464844","81094824","GOOGL","Alphabet Inc. (GOOGL) Historical Data"
"2011-04-01 00:00:00-04:00","14.62324543478363","14.782949367901901","14.62324543478363","14.698750495910645","104423472","GOOGL","Alphabet Inc. (GOOGL) Historical Data"
"2011-04-04 00:00:00-04:00","14.728555810977088","14.771772144510772","14.482665303850606","14.596421241760254","82097820","GOOGL","Alphabet Inc. (GOOGL) Historical Data"
"2011-04-05 00:00:00-04:00","14.432494748642128","14.442677439787374","14.049998302217888","14.13469409942627","241658100","GOOGL","Alphabet Inc. (GOOGL) Historical Data"
"2011-04-06 00:00:00-04:00","14.211441571619739","14.285455858275414","14.10762128610495","14.261116027832031","106625268","GOOGL","Alphabet Inc. (GOOGL) Historical Data"
"2011-04-07 00:00:00-04:00","14.299613245464945","14.421565113274138","14.261363319741678","14.405669212341309","101158740","GOOGL","Alphabet Inc. (GOOGL) Historical Data"
"2011-04-08 00:00:00-04:00","14.527123126037587","14.527123126037587","14.357484502924242","14.359967231750488","75995928","GOOGL","Alphabet Inc. (GOOGL) Historical Data"
"2011-04-11 00:00:00-04:00","14.311288103306778","14.35847888632586","14.231808590899044","14.340348243713379","74253672","GOOGL","Alphabet Inc. (GOOGL) Historical Data"
"2011-04-12 00:00:00-04:00","14.28148283365895","14.32892255143512","14.10886264910202","14.172447204589844","83340576","GOOGL","Alphabet Inc. (GOOGL) Historical Data"
"2011-04-13 00:00:00-04:00","14.294149892710566","14.346060036280402","14.200761232073512","14.313274383544922","82693224","GOOGL","Alphabet Inc. (GOOGL) Historical Data"
"2011-04-14 00:00:00-04:00","14.286201771749077","14.392008808743967","14.20945487385887","14.368661880493164","218033748","GOOGL","Alphabet Inc. (GOOGL) Historical Data"
"2011-04-15 00:00:00-04:00","13.543564780634364","13.554989309267649","13.165291727970844","13.181187629699707","561186252","GOOGL","Alphabet Inc. (GOOGL) Historical Data"
"2011-04-18 00:00:00-04:00","13.074884077667413","13.105682979807407","12.890591375335823","13.085315704345703","201390408","GOOGL","Alphabet Inc. (GOOGL) Historical Data"
"2011-04-19 00:00:00-04:00","13.162557690048848","13.185656626796245","12.937780350188099","12.9534273147583","107256636","GOOGL","Alphabet Inc. (GOOGL) Historical Data"
"2011-04-20 00:00:00-04:00","13.061968371167378","13.084819321487045","12.949952145685609","13.057745933532715","122277600","GOOGL","Alphabet Inc. (GOOGL) Historical Data"
"2011-04-21 00:00:00-04:00","13.101460179962602","13.121081596411885","12.97478988091976","13.042099952697754","98705196","GOOGL","Alphabet Inc. (GOOGL) Historical Data"
"2011-04-25 00:00:00-04:00","13.045823712433734","13.08928898059644","12.965350353857197","13.04085636138916","65166768","GOOGL","Alphabet Inc. (GOOGL) Historical Data"
"2011-04-26 00:00:00-04:00","13.07736750599271","13.34859074102322","13.044829842267704","13.233842849731445","139860000","GOOGL","Alphabet Inc. (GOOGL) Historical Data"
"2011-04-27 00:00:00-04:00","13.362498064271877","13.365230674881797","13.271842027210276","13.356536865234375","91844064","GOOGL","Alphabet Inc. (GOOGL) Historical Data"
"2011-04-28 00:00:00-04:00","13.363991064887717","13.393548129570606","13.265138126041473","13.361756324768066","79920000","GOOGL","Alphabet Inc. (GOOGL) Historical Data"
"2011-04-29 00:00:00-04:00","13.41217592793749","13.514008522033691","13.37516783583845","13.514008522033691","168970860","GOOGL","Alphabet Inc. (GOOGL) Historical Data"
"2011-05-02 00:00:00-04:00","13.55374620117459","13.55449206096906","13.340641374491998","13.376407623291016","85262652","GOOGL","Alphabet Inc. (GOOGL) Historical Data"
"2011-05-03 00:00:00-04:00","13.340892247792432","13.462098259490698","13.154610910713629","13.260418891906738","83176740","GOOGL","Alphabet Inc. (GOOGL) Historical Data"
"2011-05-04 00:00:00-04:00","13.292210581209194","13.387337053460262","13.238809666676394","13.307609558105469","84595320","GOOGL","Alphabet Inc. (GOOGL) Historical Data"
"2011-05-05 00:00:00-04:00","13.259674715358587","13.39776953841244","13.201058457299279","13.269857406616211","79832088","GOOGL","Alphabet Inc. (GOOGL) Historical Data"
"2011-05-06 00:00:00-04:00","13.36622636554214","13.448437539717105","13.292459120224304","13.295439720153809","82161756","GOOGL","Alphabet Inc. (GOOGL) Historical Data"
"2011-05-09 00:00:00-04:00","13.28798900863818","13.374672510721208","13.191123761084944","13.35455322265625","77870052","GOOGL","Alphabet Inc. (GOOGL) Historical Data"
"2011-05-10 00:00:00-04:00","13.412174640475545","13.522204110824742","13.35107471127384","13.478241920471191","81634284","GOOGL","Alphabet Inc. (GOOGL) Historical Data"
"2011-05-11 00:00:00-04:00","13.415651406067619","13.500346246751576","13.25545056593082","13.299163818359375","93458448","GOOGL","Alphabet Inc. (GOOGL) Historical Data"
"2011-05-12 00:00:00-04:00","13.293947808177116","13.33617218145927","13.186402017075011","13.289229393005371","57874068","GOOGL","Alphabet Inc. (GOOGL) Historical Data"
"2011-05-13 00:00:00-04:00","13.278301514674947","13.31083823076979","13.140204806557957","13.152624130249023","84263652","GOOGL","Alphabet Inc. (GOOGL) Historical Data"
"2011-05-16 00:00:00-04:00","13.072152525015781","13.095996378559153","12.82601402735051","12.876184463500977","118209672","GOOGL","Alphabet Inc. (GOOGL) Historical Data"
"2011-05-17 00:00:00-04:00","12.801921462569279","13.19410271285334","12.79198676078407","13.175226211547852","132011856","GOOGL","Alphabet Inc. (GOOGL) Historical Data"
"2011-05-18 00:00:00-04:00","13.152375346475207","13.171996759824582","13.056999943931238","13.15908145904541","78049872","GOOGL","Alphabet Inc. (GOOGL) Historical Data"
"2011-05-19 00:00:00-04:00","13.231608169335798","13.326237721443015","13.156847074941258","13.194849014282227","98649252","GOOGL","Alphabet Inc. (GOOGL) Historical Data"
"2011-05-20 00:00:00-04:00","13.208508524403975","13.21322788660514","12.993168930152413","13.015522956848145","92607300","GOOGL","Alphabet Inc. (GOOGL) Historical Data"
"2011-05-23 00:00:00-04:00","12.830981479056911","12.91542834270267","12.751501966622936","12.87544059753418","91908000","GOOGL","Alphabet Inc. (GOOGL) Historical Data"
"2011-05-24 00:00:00-04:00","12.924617570067657","13.013783792098689","12.86947883818583","12.872210502624512","75924000","GOOGL","Alphabet Inc. (GOOGL) Historical Data"
"2011-05-25 00:00:00-04:00","12.849112004244681","12.984227174147593","12.847125253082668","12.907232284545898","52011936","GOOGL","Alphabet Inc. (GOOGL) Historical Data"
"2011-05-26 00:00:00-04:00","12.858301752871085","12.968083242176505","12.791241565812527","12.868982315063477","84655260","GOOGL","Alphabet Inc. (GOOGL) Historical Data"
"2011-05-27 00:00:00-04:00","12.877674306722746","12.959886423655206","12.823528479108143","12.93778133392334","69762168","GOOGL","Alphabet Inc. (GOOGL) Historical Data"
"2011-05-31 00:00:00-04:00","13.039613784451163","13.14020453044696","13.002358653728741","13.139460563659668","107384508","GOOGL","Alphabet Inc. (GOOGL) Historical Data"
"2011-06-01 00:00:00-04:00","13.11512075488102","13.24328087497619","13.047314708225104","13.05451774597168","118117764","GOOGL","Alphabet Inc. (GOOGL) Historical Data"
"2011-06-02 00:00:00-04:00","13.103445463819769","13.171252452444195","12.977024114415364","13.115616798400879","88091820","GOOGL","Alphabet Inc. (GOOGL) Historical Data"
"2011-06-03 00:00:00-04:00","12.965101741667938","13.104191350320557","12.952684311176107","12.991926193237305","69870060","GOOGL","Alphabet Inc. (GOOGL) Historical Data"
"2011-06-06 00:00:00-04:00","13.003352158005102","13.084819364553313","12.896799261028782","12.941756248474121","77606316","GOOGL","Alphabet Inc. (GOOGL) Historical Data"
"2011-06-07 00:00:00-04:00","12.987206872658499","13.030424149937966","12.89034163859235","12.891335487365723","76227696","GOOGL","Alphabet Inc. (GOOGL) Historical Data"
"2011-06-08 00:00:00-04:00","12.829241276483287","12.94622484534606","12.810612765007813","12.894811630249023","66069864","GOOGL","Alphabet Inc. (GOOGL) Historical Data"
"2011-06-09 00:00:00-04:00","12.915427712840446","12.915427712840446","12.807137000745637","12.834209442138672","67496436","GOOGL","Alphabet Inc. (GOOGL) Historical Data"
"2011-06-10 00:00:00-04:00","12.768390376844437","12.833214871263063","12.64941910964102","12.65488338470459","97498404","GOOGL","Alphabet Inc. (GOOGL) Historical Data"
"2011-06-13 00:00:00-04:00","12.667055109777275","12.672022460991725","12.472578766422494","12.536162376403809","96994908","GOOGL","Alphabet Inc. (GOOGL) Historical Data"
"2011-06-14 00:00:00-04:00","12.621105479322807","12.768391989189928","12.592294273768816","12.626570701599121","93566340","GOOGL","Alphabet Inc. (GOOGL) Historical Data"
"2011-06-15 00:00:00-04:00","12.543610282314079","12.626070380529779","12.433829757154793","12.491949081420898","82849068","GOOGL","Alphabet Inc. (GOOGL) Historical Data"
"2011-06-16 00:00:00-04:00","12.48847375594495","12.581861466385837","12.335971920110048","12.427870750427246","110169720","GOOGL","Alphabet Inc. (GOOGL) Historical Data"
"2011-06-17 00:00:00-04:00","12.572174176384143","12.584841488386974","12.041151332747562","12.046616554260254","209606184","GOOGL","Alphabet Inc. (GOOGL) Historical Data"
"2011-06-20 00:00:00-04:00","12.046118117223319","12.076668076938088","11.902806094343985","12.035686492919922","121022856","GOOGL","Alphabet Inc. (GOOGL) Historical Data"
"2011-06-21 00:00:00-04:00","12.100512791314099","12.26816465189119","12.03941192098691","12.244816780090332","110505384","GOOGL","Alphabet Inc. (GOOGL) Historical Data"
"2011-06-22 00:00:00-04:00","12.206322002557364","12.228675083161923","12.089089484291861","12.096043586730957","96187716","GOOGL","Alphabet Inc. (GOOGL) Historical Data"
"2011-06-23 00:00:00-04:00","11.974837453502403","11.992969042596044","11.766203970540955","11.927398681640625","191875932","GOOGL","Alphabet Inc. (GOOGL) Historical Data"
"2011-06-24 00:00:00-04:00","11.938822441131759","11.940561203243774","11.7485676019572","11.794766426086426","152071776","GOOGL","Alphabet Inc. (GOOGL) Historical Data"
"2011-06-27 00:00:00-04:00","11.772909786472656","12.130567582450029","11.762975084326179","11.991477966308594","137650212","GOOGL","Alphabet Inc. (GOOGL) Historical Data"
"2011-06-28 00:00:00-04:00","12.021779066855961","12.324547043477596","12.021779066855961","12.260963439941406","108495396","GOOGL","Alphabet Inc. (GOOGL) Historical Data"
"2011-06-29 00:00:00-04:00","12.33274334412311","12.424890163469168","12.229419985350034","12.358325958251953","93626280","GOOGL","Alphabet Inc. (GOOGL) Historical Data"
"2011-06-30 00:00:00-04:00","12.468106141910035","12.584344798926985","12.45593575404687","12.577141761779785","97038864","GOOGL","Alphabet Inc. (GOOGL) Historical Data"
"2011-07-01 00:00:00-04:00","12.586083419505567","12.944735981002083","12.577141620403767","12.941009521484375","145322532","GOOGL","Alphabet Inc. (GOOGL) Historical Data"
"2011-07-05 00:00:00-04:00","13.047066682034705","13.297923592484892","13.047066682034705","13.224404335021973","153814032","GOOGL","Alphabet Inc. (GOOGL) Historical Data"
"2011-07-06 00:00:00-04:00","13.25073052676457","13.375165111712757","13.2393050532552","13.296927452087402","107716176","GOOGL","Alphabet Inc. (GOOGL) Historical Data"
"2011-07-07 00:00:00-04:00","13.437012645303732","13.677437919007223","13.309844486703502","13.576102256774902","157262580","GOOGL","Alphabet Inc. (GOOGL) Historical Data"
"2011-07-08 00:00:00-04:00","13.23707112435619","13.353807657032075","13.095995708006742","13.213227272033691","190617192","GOOGL","Alphabet Inc. (GOOGL) Historical Data"
"2011-07-11 00:00:00-04:00","13.11859501836245","13.312326396862732","13.052030826034871","13.096240997314453","113458428","GOOGL","Alphabet Inc. (GOOGL) Historical Data"
"2011-07-12 00:00:00-04:00","13.118100328886376","13.397768422643187","13.06445142644945","13.263399124145508","113534352","GOOGL","Alphabet Inc. (GOOGL) Historical Data"
"2011-07-13 00:00:00-04:00","13.337662641250438","13.511524653681585","13.324746393208216","13.36895751953125","111496392","GOOGL","Alphabet Inc. (GOOGL) Historical Data"
"2011-07-14 00:00:00-04:00","13.390318680516183","13.46185118830635","13.082583321824648","13.13747501373291","265714020","GOOGL","Alphabet Inc. (GOOGL) Historical Data"
"2011-07-15 00:00:00-04:00","14.840322126952984","14.908625093683765","14.608341732740696","14.843302726745605","548734716","GOOGL","Alphabet Inc. (GOOGL) Historical Data"
"2011-07-18 00:00:00-04:00","14.715888124031352","14.953332803058254","14.703717735436406","14.776739120483398","178553268","GOOGL","Alphabet Inc. (GOOGL) Historical Data"
"2011-07-19 00:00:00-04:00","14.806543699023077","15.01865469177947","14.791393657522558","14.965751647949219","118581300","GOOGL","Alphabet Inc. (GOOGL) Historical Data"
"2011-07-20 00:00:00-04:00","14.956561074433775","14.972705910389616","14.786922454833984","14.786922454833984","89022888","GOOGL","Alphabet Inc. (GOOGL) Historical Data"
"2011-07-21 00:00:00-04:00","14.754139174540528","15.102607204130353","14.75364225009672","15.076031684875488","138641220","GOOGL","Alphabet Inc. (GOOGL) Historical Data"
"2011-07-22 00:00:00-04:00","15.03629078181255","15.386745535958731","15.008472480305867","15.355201721191406","140986872","GOOGL","Alphabet Inc. (GOOGL) Historical Data"
"2011-07-25 00:00:00-04:00","15.234243306282588","15.533533769429871","15.22530150677167","15.37382984161377","125138736","GOOGL","Alphabet Inc. (GOOGL) Historical Data"
"2011-07-26 00:00:00-04:00","15.35073052672858","15.585443529544643","15.330115263832736","15.461753845214844","93622284","GOOGL","Alphabet Inc. (GOOGL) Historical Data"
"2011-07-27 00:00:00-04:00","15.329123575122527","15.422760226818882","15.020395317716039","15.081743240356445","157218624","GOOGL","Alphabet Inc. (GOOGL) Historical Data"
"2011-07-28 00:00:00-04:00","15.03132104770461","15.299316613575183","14.976927234165991","15.1741361618042","124211664","GOOGL","Alphabet Inc. (GOOGL) Historical Data"
"2011-07-29 00:00:00-04:00","15.007477510074173","15.27398230842539","14.994065284729004","14.994065284729004","165330504","GOOGL","Alphabet Inc. (GOOGL) Historical Data"
"2011-08-01 00:00:00-04:00","15.181092569184287","15.287395583988229","14.882050089141481","15.070565223693848","158485356","GOOGL","Alphabet Inc. (GOOGL) Historical Data"
"2011-08-02 00:00:00-04:00","15.051440034205022","15.14259300288347","14.693037347933243","14.713652610778809","127895976","GOOGL","Alphabet Inc. (GOOGL) Historical Data"
"2011-08-03 00:00:00-04:00","14.760098254823172","14.9769276552753","14.495828194426654","14.931475639343262","152874972","GOOGL","Alphabet Inc. (GOOGL) Historical Data"
"2011-08-04 00:00:00-04:00","14.765810668325585","14.873853393184167","14.34283145067967","14.344072341918945","196387416","GOOGL","Alphabet Inc. (GOOGL) Historical Data"
"2011-08-05 00:00:00-04:00","14.468757890039367","14.654044451720736","13.958598216597007","14.381826400756836","236926836","GOOGL","Alphabet Inc. (GOOGL) Historical Data"
"2011-08-08 00:00:00-04:00","13.982937431165826","14.13245772081716","13.520216583398497","13.561695098876953","299564136","GOOGL","Alphabet Inc. (GOOGL) Historical Data"
"2011-08-09 00:00:00-04:00","13.9337587860676","14.27179609439301","13.437260337067519","14.24199104309082","258529212","GOOGL","Alphabet Inc. (GOOGL) Historical Data"
"2011-08-10 00:00:00-04:00","13.94319804529872","14.011252078957394","13.604167821706852","13.63595962524414","214569216","GOOGL","Alphabet Inc. (GOOGL) Historical Data"
"2011-08-11 00:00:00-04:00","13.755426640294974","14.120039472403711","13.621057337444373","13.961825370788574","193030776","GOOGL","Alphabet Inc. (GOOGL) Historical Data"
"2011-08-12 00:00:00-04:00","14.144877868984029","14.169715571236665","13.91885771270541","14.002559661865234","126045828","GOOGL","Alphabet Inc. (GOOGL) Historical Data"
"2011-08-15 00:00:00-04:00","13.745740671265635","14.032860742723937","13.562440882385989","13.840123176574707","285510204","GOOGL","Alphabet Inc. (GOOGL) Historical Data"
"2011-08-16 00:00:00-04:00","13.720903607483852","13.721151596410621","13.171252242181257","13.387336730957031","277298424","GOOGL","Alphabet Inc. (GOOGL) Historical Data"
"2011-08-17 00:00:00-04:00","13.412918212996475","13.503823184397346","13.182924593701015","13.242036819458008","163000836","GOOGL","Alphabet Inc. (GOOGL) Historical Data"
"2011-08-18 00:00:00-04:00","13.001611519453661","13.036879895718341","12.430848964198466","12.539885520935059","251376372","GOOGL","Alphabet Inc. (GOOGL) Historical Data"
"2011-08-19 00:00:00-04:00","12.40228854216901","12.788012624317442","12.191667369349835","12.193157196044922","216183600","GOOGL","Alphabet Inc. (GOOGL) Historical Data"
"2011-08-22 00:00:00-04:00","12.51802994810081","12.592542104368045","12.282820015423145","12.373228073120117","196039764","GOOGL","Alphabet Inc. (GOOGL) Historical Data"
"2011-08-23 00:00:00-04:00","12.505611096124307","12.950448364002611","12.395333630741485","12.886119842529297","173698128","GOOGL","Alphabet Inc. (GOOGL) Historical Data"
"2011-08-24 00:00:00-04:00","12.89878772183153","13.163801781427301","12.8466295867966","12.997142791748047","143636220","GOOGL","Alphabet Inc. (GOOGL) Historical Data"
"2011-08-25 00:00:00-04:00","13.173239027026437","13.344368424345276","12.873203660109175","12.916420936584473","131588280","GOOGL","Alphabet Inc. (GOOGL) Historical Data"
"2011-08-26 00:00:00-04:00","12.9151800827251","13.17497879269943","12.745043574678249","13.08581256866455","143708148","GOOGL","Alphabet Inc. (GOOGL) Historical Data"
"2011-08-29 00:00:00-04:00","13.277059972925798","13.398515877698632","13.252223216264696","13.389325141906738","93338568","GOOGL","Alphabet Inc. (GOOGL) Historical Data"
"2011-08-30 00:00:00-04:00","13.367217943808063","13.48643719656607","13.183919111742227","13.429559707641602","119440440","GOOGL","Alphabet Inc. (GOOGL) Historical Data"
"2011-08-31 00:00:00-04:00","13.529903580688346","13.568650432619599","13.31282523247481","13.436018943786621","107624268","GOOGL","Alphabet Inc. (GOOGL) Historical Data"
"2011-09-01 00:00:00-04:00","13.430801922848284","13.507300827203235","13.194102172674992","13.2258939743042","96523380","GOOGL","Alphabet Inc. (GOOGL) Historical Data"
"2011-09-02 00:00:00-04:00","13.026449975028646","13.112138665320115","12.933558247808886","13.035639762878418","95951952","GOOGL","Alphabet Inc. (GOOGL) Historical Data"
"2011-09-06 00:00:00-04:00","12.68692431214127","12.98397910359682","12.679473285438519","12.969573974609375","108523368","GOOGL","Alphabet Inc. (GOOGL) Historical Data"
"2011-09-07 00:00:00-04:00","13.174978700520581","13.3113357056458","13.09922470361516","13.263895988464355","110121768","GOOGL","Alphabet Inc. (GOOGL) Historical Data"
"2011-09-08 00:00:00-04:00","13.25818277832703","13.38982041193429","13.210991999978964","13.286993980407715","95124780","GOOGL","Alphabet Inc. (GOOGL) Historical Data"
"2011-09-09 00:00:00-04:00","13.198572234875588","13.279294520916606","12.944983688659283","13.035887718200684","130621248","GOOGL","Alphabet Inc. (GOOGL) Historical Data"
"2011-09-12 00:00:00-04:00","12.864759295590805","13.21322729246325","12.853333820546943","13.166781425476074","106709184","GOOGL","Alphabet Inc. (GOOGL) Historical Data"
"2011-09-13 00:00:00-04:00","13.213475219020143","13.260170021246783","12.999874397588579","13.15187931060791","94073832","GOOGL","Alphabet Inc. (GOOGL) Historical Data"
"2011-09-14 00:00:00-04:00","13.22813098537326","13.336421702201525","13.059982172309388","13.215215682983398","107668224","GOOGL","Alphabet Inc. (GOOGL) Historical Data"
"2011-09-15 00:00:00-04:00","13.300406711519978","13.535864634356574","13.27705883712403","13.47575855255127","118313568","GOOGL","Alphabet Inc. (GOOGL) Historical Data"
"2011-09-16 00:00:00-04:00","13.53139490936023","13.582063216373056","13.490164380255997","13.578089714050293","141230628","GOOGL","Alphabet Inc. (GOOGL) Historical Data"
"2011-09-19 00:00:00-04:00","13.420866647246411","13.658063311644485","13.297424959028074","13.577838897705078","98637264","GOOGL","Alphabet Inc. (GOOGL) Historical Data"
"2011-09-20 00:00:00-04:00","13.645646014634838","13.872163082726884","13.47849011456566","13.5768461227417","111052836","GOOGL","Alphabet Inc. (GOOGL) Historical Data"
"2011-09-21 00:00:00-04:00","13.603174521461014","13.784735548741999","13.383860491953298","13.392304420471191","100471428","GOOGL","Alphabet Inc. (GOOGL) Historical Data"
"2011-09-22 00:00:00-04:00","13.070662514682978","13.133501214428463","12.766404665403924","12.931821823120117","175835988","GOOGL","Alphabet Inc. (GOOGL) Historical Data"
"2011-09-23 00:00:00-04:00","12.82998674910223","13.074883394074753","12.7788215206983","13.052281379699707","110980908","GOOGL","Alphabet Inc. (GOOGL) Historical Data"
"2011-09-26 00:00:00-04:00","13.09549814903342","13.236575461788767","12.74777600427263","13.210744857788086","105262632","GOOGL","Alphabet Inc. (GOOGL) Historical Data"
"2011-09-27 00:00:00-04:00","13.36746629300136","13.58727818640328","13.314067273154041","13.395781517028809","120315564","GOOGL","Alphabet Inc. (GOOGL) Historical Data"
"2011-09-28 00:00:00-04:00","13.44943119496795","13.512020953018673","13.1066754593256","13.134989738464355","90441468","GOOGL","Alphabet Inc. (GOOGL) Historical Data"
"2011-09-29 00:00:00-04:00","13.31381941473561","13.345114294486667","12.900773949547155","13.10170841217041","116147736","GOOGL","Alphabet Inc. (GOOGL) Historical Data"
"2011-09-30 00:00:00-04:00","12.920643483645378","13.014778005834478","12.775841601268223","12.792235374450684","108835056","GOOGL","Alphabet Inc. (GOOGL) Historical Data"
"2011-10-03 00:00:00-04:00","12.663329267699398","12.716729238391503","12.294493984372115","12.307409286499023","178797024","GOOGL","Alphabet Inc. (GOOGL) Historical Data"
"2011-10-04 00:00:00-04:00","12.171052698901457","12.504122687239397","11.936836597345751","12.465871810913086","166185648","GOOGL","Alphabet Inc. (GOOGL) Historical Data"
"2011-10-05 00:00:00-04:00","12.32802401794269","12.612412427480239","11.941058109181254","12.535415649414062","181182636","GOOGL","Alphabet Inc. (GOOGL) Historical Data"
"2011-10-06 00:00:00-04:00","12.604960247226943","12.796953845057388","12.483257313325806","12.784038543701172","136835028","GOOGL","Alphabet Inc. (GOOGL) Historical Data"
"2011-10-07 00:00:00-04:00","12.836692330191841","12.92784529051993","12.6745037996358","12.794219970703125","114121764","GOOGL","Alphabet Inc. (GOOGL) Historical Data"
"2011-10-10 00:00:00-04:00","13.04408586797904","13.34933659326183","12.994907389005538","13.341885566711426","92795112","GOOGL","Alphabet Inc. (GOOGL) Historical Data"
"2011-10-11 00:00:00-04:00","13.249739345775522","13.581070572076488","13.249739345775522","13.491158485412598","114021864","GOOGL","Alphabet Inc. (GOOGL) Historical Data"
"2011-10-12 00:00:00-04:00","13.614102180899536","13.790447869124325","13.52717164776404","13.623291969299316","126984888","GOOGL","Alphabet Inc. (GOOGL) Historical Data"
"2011-10-13 00:00:00-04:00","13.661293185145015","13.884083781462452","13.611369797181116","13.883835792541504","227276496","GOOGL","Alphabet Inc. (GOOGL) Historical Data"
"2011-10-14 00:00:00-04:00","14.889252736992963","14.892481325743699","14.593687788983798","14.695769309997559","340854804","GOOGL","Alphabet Inc. (GOOGL) Historical Data"
"2011-10-17 00:00:00-04:00","14.49806425017553","14.699495625871887","14.355994041738525","14.465527534484863","160167672","GOOGL","Alphabet Inc. (GOOGL) Historical Data"
"2011-10-18 00:00:00-04:00","14.410388721682347","14.717627148908305","14.341091902136675","14.66671085357666","151879968","GOOGL","Alphabet Inc. (GOOGL) Historical Data"
"2011-10-19 00:00:00-04:00","14.587975865718613","14.705207430968416","14.386296494405089","14.423055648803711","117142740","GOOGL","Alphabet Inc. (GOOGL) Historical Data"
"2011-10-20 00:00:00-04:00","14.452861110540479","14.626474196571237","14.393498993109064","14.496822357177734","135024840","GOOGL","Alphabet Inc. (GOOGL) Historical Data"
"2011-10-21 00:00:00-04:00","14.641873205964774","14.722345614067208","14.572079466256602","14.666213035583496","135504360","GOOGL","Alphabet Inc. (GOOGL) Historical Data"
"2011-10-24 00:00:00-04:00","14.572576298414358","14.90167085905661","14.567112023263684","14.813497543334961","136938924","GOOGL","Alphabet Inc. (GOOGL) Historical Data"
"2011-10-25 00:00:00-04:00","14.731038087222066","14.77822886509925","14.476455686305156","14.48415470123291","101518380","GOOGL","Alphabet Inc. (GOOGL) Historical Data"
"2011-10-26 00:00:00-04:00","14.64286558656046","14.658512551720598","14.228330333177485","14.562392234802246","114809076","GOOGL","Alphabet Inc. (GOOGL) Historical Data"
"2011-10-27 00:00:00-04:00","14.863172723384412","14.969477625053429","14.73600551670799","14.869382858276367","151060788","GOOGL","Alphabet Inc. (GOOGL) Historical Data"
"2011-10-28 00:00:00-04:00","14.766307747128423","14.959542235832357","14.759601634269046","14.90589427947998","100219680","GOOGL","Alphabet Inc. (GOOGL) Historical Data"
"2011-10-31 00:00:00-04:00","14.780465015907575","14.894716924449927","14.695521234450691","14.719613075256348","102209688","GOOGL","Alphabet Inc. (GOOGL) Historical Data"
"2011-11-01 00:00:00-04:00","14.40815321716172","14.542522518336234","14.324947251027725","14.372138977050781","124878996","GOOGL","Alphabet Inc. (GOOGL) Historical Data"
"2011-11-02 00:00:00-04:00","14.527373554329861","14.603375542251303","14.417593010279191","14.525385856628418","84751164","GOOGL","Alphabet Inc. (GOOGL) Historical Data"
"2011-11-03 00:00:00-04:00","14.579529954288397","14.84032154083252","14.498063700423913","14.84032154083252","106685208","GOOGL","Alphabet Inc. (GOOGL) Historical Data"
"2011-11-04 00:00:00-04:00","14.740972995338772","14.895958503082072","14.714397479582836","14.806543350219727","113278608","GOOGL","Alphabet Inc. (GOOGL) Historical Data"
"2011-11-07 00:00:00-05:00","14.736502342842206","15.120487635659396","14.709429903123322","15.109310150146484","134161704","GOOGL","Alphabet Inc. (GOOGL) Historical Data"
"2011-11-08 00:00:00-05:00","15.125952954960505","15.25933030484786","14.99183163824957","15.20890998840332","121054824","GOOGL","Alphabet Inc. (GOOGL) Historical Data"
"2011-11-09 00:00:00-05:00","15.008224157600093","15.135639358544028","14.869133599682566","14.92601203918457","148291560","GOOGL","Alphabet Inc. (GOOGL) Historical Data"
"2011-11-10 00:00:00-05:00","15.049701634726858","15.050198559118716","14.692789712995713","14.780217170715332","114621264","GOOGL","Alphabet Inc. (GOOGL) Historical Data"
"2011-11-11 00:00:00-05:00","14.934706014436676","15.202700656392048","14.867644883451787","15.109808921813965","158920920","GOOGL","Alphabet Inc. (GOOGL) Historical Data"
"2011-11-14 00:00:00-05:00","15.101114182981904","15.351475092256246","15.095650854481487","15.225300788879395","127420452","GOOGL","Alphabet Inc. (GOOGL) Historical Data"
"2011-11-15 00:00:00-05:00","15.220334901928302","15.351476568569911","15.16320941740043","15.31372356414795","106932960","GOOGL","Alphabet Inc. (GOOGL) Historical Data"
"2011-11-16 00:00:00-05:00","15.202451670354447","15.356940260044595","15.165941451626509","15.187300682067871","104235660","GOOGL","Alphabet Inc. (GOOGL) Historical Data"
"2011-11-17 00:00:00-05:00","15.152032435676384","15.207668091852298","14.822439989740934","14.924025535583496","139592268","GOOGL","Alphabet Inc. (GOOGL) Historical Data"
"2011-11-18 00:00:00-05:00","14.95209113639479","15.014184913902922","14.747183185054162","14.775248527526855","131376492","GOOGL","Alphabet Inc. (GOOGL) Historical Data"
"2011-11-21 00:00:00-05:00","14.598406748132852","14.61678632439555","14.20920611143195","14.42901611328125","119931948","GOOGL","Alphabet Inc. (GOOGL) Historical Data"
"2011-11-22 00:00:00-05:00","14.405669212341309","14.529110906759305","14.287442857576751","14.405669212341309","96115788","GOOGL","Alphabet Inc. (GOOGL) Historical Data"
"2011-11-23 00:00:00-05:00","14.290175325642174","14.411879211369548","14.160028457641602","14.160028457641602","92938968","GOOGL","Alphabet Inc. (GOOGL) Historical Data"
"2011-11-25 00:00:00-05:00","14.037827538000624","14.263350746519844","13.94195426332364","13.983433723449707","62433504","GOOGL","Alphabet Inc. (GOOGL) Historical Data"
"2011-11-28 00:00:00-05:00","14.390020013653267","14.624732993614225","14.318736454756609","14.609085083007812","113042844","GOOGL","Alphabet Inc. (GOOGL) Historical Data"
"2011-11-29 00:00:00-05:00","14.601385996846235","14.662982843780894","14.438701489820078","14.47844123840332","73198728","GOOGL","Alphabet Inc. (GOOGL) Historical Data"
"2011-11-30 00:00:00-05:00","14.851500858742565","14.890247712774608","14.705954060215419","14.887267112731934","135744120","GOOGL","Alphabet Inc. (GOOGL) Historical Data"
"2011-12-01 00:00:00-05:00","14.902415915539718","15.29981344612201","14.877579161454975","15.244426727294922","144679176","GOOGL","Alphabet Inc. (GOOGL) Historical Data"
"2011-12-02 00:00:00-05:00","15.325894675767683","15.4985139111362","15.306272313955429","15.408105850219727","163264572","GOOGL","Alphabet Inc. (GOOGL) Historical Data"
"2011-12-05 00:00:00-05:00","15.58892193618831","15.694728027924109","15.458774120581749","15.539495468139648","127772100","GOOGL","Alphabet Inc. (GOOGL) Historical Data"
"2011-12-06 00:00:00-05:00","15.473426340885213","15.61326086153274","15.405124321428442","15.49280071258545","92966940","GOOGL","Alphabet Inc. (GOOGL) Historical Data"
"2011-12-07 00:00:00-05:00","15.440891731459455","15.5397437227239","15.351973495935987","15.483363151550293","90201708","GOOGL","Alphabet Inc. (GOOGL) Historical Data"
"2011-12-08 00:00:00-05:00","15.424996449451752","15.584203467110445","15.282429301535629","15.301057815551758","96427476","GOOGL","Alphabet Inc. (GOOGL) Historical Data"
"2011-12-09 00:00:00-05:00","15.349487953853272","15.625928410648278","15.324900135138","15.583456993103027","110537352","GOOGL","Alphabet Inc. (GOOGL) Historical Data"
"2011-12-12 00:00:00-05:00","15.445858661246985","15.552658600713539","15.406366895694378","15.533037185668945","87268644","GOOGL","Alphabet Inc. (GOOGL) Historical Data"
"2011-12-13 00:00:00-05:00","15.616737434855645","15.810468835268576","15.469948821387412","15.538996696472168","160966872","GOOGL","Alphabet Inc. (GOOGL) Historical Data"
"2011-12-14 00:00:00-05:00","15.445111422927805","15.506459334324965","15.212633184244945","15.351225852966309","155991852","GOOGL","Alphabet Inc. (GOOGL) Historical Data"
"2011-12-15 00:00:00-05:00","15.461752490683997","15.498511640348136","15.366625081590751","15.387736320495605","96247656","GOOGL","Alphabet Inc. (GOOGL) Historical Data"
"2011-12-16 00:00:00-05:00","15.506462782017948","15.63064940541191","15.435676132191796","15.547196388244629","178193628","GOOGL","Alphabet Inc. (GOOGL) Historical Data"
"2011-12-19 00:00:00-05:00","15.598111048072859","15.61028048969614","15.399164293272161","15.444615364074707","85654260","GOOGL","Alphabet Inc. (GOOGL) Historical Data"
"2011-12-20 00:00:00-05:00","15.59786354581691","15.693238956409495","15.597613663831316","15.65672779083252","95432472","GOOGL","Alphabet Inc. (GOOGL) Historical Data"
"2011-12-21 00:00:00-05:00","15.647786616993738","15.692741713131955","15.373332891838725","15.543718338012695","99816084","GOOGL","Alphabet Inc. (GOOGL) Historical Data"
"2011-12-22 00:00:00-05:00","15.59662090595544","15.690506490730463","15.573273977494297","15.64008617401123","72819108","GOOGL","Alphabet Inc. (GOOGL) Historical Data"
"2011-12-23 00:00:00-05:00","15.697212530331637","15.763776737593936","15.661447224457294","15.725526809692383","58089852","GOOGL","Alphabet Inc. (GOOGL) Historical Data"
"2011-12-27 00:00:00-05:00","15.698454464967945","16.007430703906504","15.697212627208014","15.902120590209961","64191744","GOOGL","Alphabet Inc. (GOOGL) Historical Data"
"2011-12-28 00:00:00-05:00","15.964213196453871","16.02009778458359","15.848718507188796","15.888459205627441","85002912","GOOGL","Alphabet Inc. (GOOGL) Historical Data"
"2011-12-29 00:00:00-05:00","15.932915764811595","15.970420773052789","15.776689383698288","15.95551872253418","62952984","GOOGL","Alphabet Inc. (GOOGL) Historical Data"
"2011-12-30 00:00:00-05:00","15.946080703304698","16.063809179248274","15.946080703304698","16.042449951171875","71220708","GOOGL","Alphabet Inc. (GOOGL) Historical Data"
"2012-01-03 00:00:00-05:00","16.21730786793115","16.595084022165533","16.20315167389745","16.527029037475586","146912940","GOOGL","Alphabet Inc. (GOOGL) Historical Data"
"2012-01-04 00:00:00-05:00","16.517589138684226","16.647241920746097","16.408057535505616","16.598312377929688","114445440","GOOGL","Alphabet Inc. (GOOGL) Historical Data"
"2012-01-05 00:00:00-05:00","16.445562398255795","16.491262405306994","16.299021760095265","16.36806869506836","131184684","GOOGL","Alphabet Inc. (GOOGL) Historical Data"
"2012-01-06 00:00:00-05:00","16.37154521140848","16.392658344553876","16.139067902249238","16.1447811126709","107608284","GOOGL","Alphabet Inc. (GOOGL) Historical Data"
"2012-01-09 00:00:00-05:00","16.057354388211497","16.069772766036564","15.42971423926479","15.460264205932617","232671096","GOOGL","Alphabet Inc. (GOOGL) Historical Data"
"2012-01-10 00:00:00-05:00","15.64132812123962","15.741918867307021","15.322415304715962","15.477152824401855","175648176","GOOGL","Alphabet Inc. (GOOGL) Historical Data"
"2012-01-11 00:00:00-05:00","15.486095505643236","15.632388167690019","15.426983267323994","15.547196388244629","95904000","GOOGL","Alphabet Inc. (GOOGL) Historical Data"
"2012-01-12 00:00:00-05:00","15.677839365573055","15.719317883017533","15.560606850931935","15.638596534729004","74932992","GOOGL","Alphabet Inc. (GOOGL) Historical Data"
"2012-01-13 00:00:00-05:00","15.554645629008332","15.57178336886017","15.42549166123393","15.523102760314941","92199708","GOOGL","Alphabet Inc. (GOOGL) Historical Data"
"2012-01-17 00:00:00-05:00","15.696714347631623","15.696714347631623","15.540239017298868","15.61226749420166","76295628","GOOGL","Alphabet Inc. (GOOGL) Historical Data"
"2012-01-18 00:00:00-05:00","15.563834937972612","15.746886741723998","15.451819660026274","15.71981430053711","110357532","GOOGL","Alphabet Inc. (GOOGL) Historical Data"
"2012-01-19 00:00:00-05:00","15.92049939088049","15.92049939088049","15.68379963555512","15.88523006439209","251959788","GOOGL","Alphabet Inc. (GOOGL) Historical Data"
"2012-01-20 00:00:00-05:00","14.667206405145725","14.67888081572641","14.447893317000203","14.554445266723633","422628948","GOOGL","Alphabet Inc. (GOOGL) Historical Data"
"2012-01-23 00:00:00-05:00","14.554693738556288","14.620760072119152","14.48415508553205","14.542771339416504","136379484","GOOGL","Alphabet Inc. (GOOGL) Historical Data"
"2012-01-24 00:00:00-05:00","14.562641478276285","14.596420031145502","14.355993819519142","14.428768157958984","122109768","GOOGL","Alphabet Inc. (GOOGL) Historical Data"
"2012-01-25 00:00:00-05:00","14.34382422914866","14.373629281701087","14.067384709368529","14.14462947845459","199308492","GOOGL","Alphabet Inc. (GOOGL) Historical Data"
"2012-01-26 00:00:00-05:00","14.206474777364164","14.268567613432115","14.021933138326709","14.110105514526367","128918952","GOOGL","Alphabet Inc. (GOOGL) Historical Data"
"2012-01-27 00:00:00-05:00","14.176669473076245","14.413618177134625","14.140654284731696","14.405173301696777","144555300","GOOGL","Alphabet Inc. (GOOGL) Historical Data"
"2012-01-30 00:00:00-05:00","14.357237011271177","14.405669628774136","14.241742317458302","14.348295211791992","93126780","GOOGL","Alphabet Inc. (GOOGL) Historical Data"
"2012-01-31 00:00:00-05:00","14.48018102353206","14.50501872309768","14.285206833008766","14.408400535583496","85610304","GOOGL","Alphabet Inc. (GOOGL) Historical Data"
"2012-02-01 00:00:00-05:00","14.528364396502118","14.54227354582629","14.384308392324334","14.42628288269043","92735172","GOOGL","Alphabet Inc. (GOOGL) Historical Data"
"2012-02-02 00:00:00-05:00","14.526625852088735","14.564875776672439","14.457330932913928","14.532587051391602","96491412","GOOGL","Alphabet Inc. (GOOGL) Historical Data"
"2012-02-03 00:00:00-05:00","14.67043565855978","14.829643607738168","14.605610215355263","14.811263084411621","126613260","GOOGL","Alphabet Inc. (GOOGL) Historical Data"
"2012-02-06 00:00:00-05:00","14.778478282937018","15.17140541336948","14.753641527191071","15.128188133239746","147036816","GOOGL","Alphabet Inc. (GOOGL) Historical Data"
"2012-02-07 00:00:00-05:00","15.080003947782076","15.135639603937513","14.995805076944482","15.070565223693848","83600316","GOOGL","Alphabet Inc. (GOOGL) Historical Data"
"2012-02-08 00:00:00-05:00","15.117010222819802","15.184320285748791","15.020144991145889","15.147064208984375","73382544","GOOGL","Alphabet Inc. (GOOGL) Historical Data"
"2012-02-09 00:00:00-05:00","15.200960922779736","15.262557774469188","15.125951845750459","15.187051773071289","90497412","GOOGL","Alphabet Inc. (GOOGL) Historical Data"
"2012-02-10 00:00:00-05:00","15.098134375836128","15.104343564478553","15.001766064364924","15.049205780029297","92914992","GOOGL","Alphabet Inc. (GOOGL) Historical Data"
"2012-02-13 00:00:00-05:00","15.163208509564127","15.246164593615015","15.151287056868295","15.205431938171387","72579348","GOOGL","Alphabet Inc. (GOOGL) Historical Data"
"2012-02-14 00:00:00-05:00","15.189040878605363","15.200465407529768","15.020643132955097","15.144829750061035","72075852","GOOGL","Alphabet Inc. (GOOGL) Historical Data"
"2012-02-15 00:00:00-05:00","15.223561958901596","15.223561958901596","14.965998029734628","15.040510177612305","96938964","GOOGL","Alphabet Inc. (GOOGL) Historical Data"
"2012-02-16 00:00:00-05:00","14.97245891294917","15.121234300698744","14.846036605769728","15.064356803894043","101134764","GOOGL","Alphabet Inc. (GOOGL) Historical Data"
"2012-02-17 00:00:00-05:00","15.025857988088305","15.091926216565296","14.962026392666585","15.017662048339844","97866036","GOOGL","Alphabet Inc. (GOOGL) Historical Data"
"2012-02-21 00:00:00-05:00","14.998537423698009","15.346508494110733","14.973947711627341","15.250139236450195","99132768","GOOGL","Alphabet Inc. (GOOGL) Historical Data"
"2012-02-22 00:00:00-05:00","15.199472386063032","15.319188582998736","15.069076572982281","15.099626541137695","78601320","GOOGL","Alphabet Inc. (GOOGL) Historical Data"
"2012-02-23 00:00:00-05:00","15.076278560216739","15.099625488646438","14.911110352522648","15.054173469543457","82117800","GOOGL","Alphabet Inc. (GOOGL) Historical Data"
"2012-02-24 00:00:00-05:00","15.084971228817698","15.191772114052037","15.039270274842693","15.148306846618652","77346576","GOOGL","Alphabet Inc. (GOOGL) Historical Data"
"2012-02-27 00:00:00-05:00","15.066094632076998","15.20940573527556","15.02809364024555","15.133652687072754","72483444","GOOGL","Alphabet Inc. (GOOGL) Historical Data"
"2012-02-28 00:00:00-05:00","15.15079114315434","15.39345211599778","15.093167787292188","15.359176635742188","113790096","GOOGL","Alphabet Inc. (GOOGL) Historical Data"
"2012-02-29 00:00:00-05:00","15.364390495536881","15.53825250216882","15.287394666854725","15.355697631835938","125350524","GOOGL","Alphabet Inc. (GOOGL) Historical Data"
"2012-03-01 00:00:00-05:00","15.455295135288559","15.54073583687361","15.353213619964786","15.458772659301758","89418492","GOOGL","Alphabet Inc. (GOOGL) Historical Data"
"2012-03-02 00:00:00-05:00","15.448838625517865","15.498513079960071","15.407112121647318","15.43021011352539","62869068","GOOGL","Alphabet Inc. (GOOGL) Historical Data"
"2012-03-05 00:00:00-05:00","15.409844321772855","15.461010500810701","15.185066944201576","15.25635051727295","63668268","GOOGL","Alphabet Inc. (GOOGL) Historical Data"
"2012-03-06 00:00:00-05:00","15.102355908572312","15.121232408827906","14.749417507188088","15.025609016418457","126849024","GOOGL","Alphabet Inc. (GOOGL) Historical Data"
"2012-03-07 00:00:00-05:00","15.12719368457344","15.180345661568188","15.047963116711285","15.071310043334961","50529420","GOOGL","Alphabet Inc. (GOOGL) Historical Data"
"2012-03-08 00:00:00-05:00","15.15178235980648","15.188045533711822","15.060133415879443","15.079754829406738","53766180","GOOGL","Alphabet Inc. (GOOGL) Historical Data"
"2012-03-09 00:00:00-05:00","15.099874294707387","15.197981369668872","14.902416413993299","14.908625602722168","106717176","GOOGL","Alphabet Inc. (GOOGL) Historical Data"
"2012-03-12 00:00:00-04:00","14.902415682979514","15.076277691472708","14.884036106634571","15.030328750610352","66693240","GOOGL","Alphabet Inc. (GOOGL) Historical Data"
"2012-03-13 00:00:00-04:00","15.119742337993918","15.345762466520952","15.04026283637151","15.344023704528809","89742168","GOOGL","Alphabet Inc. (GOOGL) Historical Data"
"2012-03-14 00:00:00-04:00","15.274978454604986","15.468212966990137","15.236729470291904","15.299567222595215","117358524","GOOGL","Alphabet Inc. (GOOGL) Historical Data"
"2012-03-15 00:00:00-04:00","15.314716732904882","15.486094125400866","15.270754541521537","15.427229881286621","97306596","GOOGL","Alphabet Inc. (GOOGL) Historical Data"
"2012-03-16 00:00:00-04:00","15.421268122555212","15.545950700581038","15.400403925637168","15.52434253692627","121897980","GOOGL","Alphabet Inc. (GOOGL) Historical Data"
"2012-03-19 00:00:00-04:00","15.476656931071147","15.828105539919902","15.429963073536973","15.746390342712402","86825088","GOOGL","Alphabet Inc. (GOOGL) Historical Data"
"2012-03-20 00:00:00-04:00","15.670387955291195","15.798051146881658","15.579730960515676","15.734219551086426","61558380","GOOGL","Alphabet Inc. (GOOGL) Historical Data"
"2012-03-21 00:00:00-04:00","15.76203701059278","16.07945810351862","15.709878881667674","15.895414352416992","98685216","GOOGL","Alphabet Inc. (GOOGL) Historical Data"
"2012-03-22 00:00:00-04:00","15.858654683587504","16.114479877491917","15.672374294484548","16.04617691040039","96311592","GOOGL","Alphabet Inc. (GOOGL) Historical Data"
"2012-03-23 00:00:00-04:00","16.059837263706353","16.107028990136012","15.918265870507984","15.960240364074707","77530392","GOOGL","Alphabet Inc. (GOOGL) Historical Data"
"2012-03-26 00:00:00-04:00","16.020097778582702","16.13161707283048","15.884485697747053","16.127641677856445","72695232","GOOGL","Alphabet Inc. (GOOGL) Historical Data"
"2012-03-27 00:00:00-04:00","16.070516619897912","16.231213437767718","16.01512801144851","16.070268630981445","80207712","GOOGL","Alphabet Inc. (GOOGL) Historical Data"
"2012-03-28 00:00:00-04:00","16.194702149677177","16.35763654566283","16.171107234938415","16.28734588623047","101454444","GOOGL","Alphabet Inc. (GOOGL) Historical Data"
"2012-03-29 00:00:00-04:00","16.229725075444097","16.307962746079774","16.00271297195841","16.104793548583984","76895028","GOOGL","Alphabet Inc. (GOOGL) Historical Data"
"2012-03-30 00:00:00-04:00","16.18774969354199","16.230966023116796","15.920747022003637","15.926708221435547","92335572","GOOGL","Alphabet Inc. (GOOGL) Historical Data"
"2012-04-02 00:00:00-04:00","15.915035445867895","16.082191337034054","15.76774895712167","16.067785263061523","91276632","GOOGL","Alphabet Inc. (GOOGL) Historical Data"
"2012-04-03 00:00:00-04:00","16.030282003884654","16.09336963511851","15.862133192130118","15.96098518371582","81714204","GOOGL","Alphabet Inc. (GOOGL) Historical Data"
"2012-04-04 00:00:00-04:00","15.85741293516992","15.871073150056088","15.674858058168802","15.775449752807617","65038896","GOOGL","Alphabet Inc. (GOOGL) Historical Data"
"2012-04-05 00:00:00-04:00","15.703174343488836","15.807242622847903","15.612021366562324","15.705161094665527","92655252","GOOGL","Alphabet Inc. (GOOGL) Historical Data"
"2012-04-09 00:00:00-04:00","15.60978451022492","15.779920062272554","15.530552992818308","15.668400764465332","87220692","GOOGL","Alphabet Inc. (GOOGL) Historical Data"
"2012-04-10 00:00:00-04:00","15.734966715576459","15.759306548044348","15.512175137646873","15.569549560546875","99180720","GOOGL","Alphabet Inc. (GOOGL) Historical Data"
"2012-04-11 00:00:00-04:00","15.746141998749518","15.796562314992682","15.679825780743833","15.795568466186523","87872040","GOOGL","Alphabet Inc. (GOOGL) Historical Data"
"2012-04-12 00:00:00-04:00","15.95428094090163","16.222275608601883","15.902371739789736","16.16937255859375","230033736","GOOGL","Alphabet Inc. (GOOGL) Historical Data"
"2012-04-13 00:00:00-04:00","16.083432106222993","16.11919930406686","15.487087816290796","15.513416290283203","326045628","GOOGL","Alphabet Inc. (GOOGL) Historical Data"
"2012-04-16 00:00:00-04:00","15.47367717755298","15.49379457075846","14.943647188956424","15.053179740905762","227456316","GOOGL","Alphabet Inc. (GOOGL) Historical Data"
"2012-04-17 00:00:00-04:00","15.11502338055499","15.341789374944282","15.076525466348361","15.14011001586914","120835044","GOOGL","Alphabet Inc. (GOOGL) Historical Data"
"2012-04-18 00:00:00-04:00","15.10235684861395","15.220334272662928","14.972209036188394","15.087454795837402","106673220","GOOGL","Alphabet Inc. (GOOGL) Historical Data"
"2012-04-19 00:00:00-04:00","15.043739858125651","15.306271156673393","14.877578759609774","14.885028839111328","131652216","GOOGL","Alphabet Inc. (GOOGL) Historical Data"
"2012-04-20 00:00:00-04:00","15.007975940762972","15.122227856587255","14.7988455357847","14.804557800292969","122213664","GOOGL","Alphabet Inc. (GOOGL) Historical Data"
"2012-04-23 00:00:00-04:00","14.726069339191003","14.86391710212327","14.659009160691264","14.842805862426758","87824088","GOOGL","Alphabet Inc. (GOOGL) Historical Data"
"2012-04-24 00:00:00-04:00","14.858703840019885","15.067089334556165","14.835853835143407","14.933960914611816","77086836","GOOGL","Alphabet Inc. (GOOGL) Historical Data"
"2012-04-25 00:00:00-04:00","15.001765805192267","15.184320680738978","14.97394750472761","15.143835067749023","72771156","GOOGL","Alphabet Inc. (GOOGL) Historical Data"
"2012-04-26 00:00:00-04:00","15.17339164774143","15.349487447174896","15.143338608273497","15.286649703979492","83616300","GOOGL","Alphabet Inc. (GOOGL) Historical Data"
"2012-04-27 00:00:00-04:00","15.275474668543048","15.318195024338397","15.165693179054681","15.274480819702148","65390544","GOOGL","Alphabet Inc. (GOOGL) Historical Data"
"2012-04-30 00:00:00-04:00","15.225053025301136","15.301799919160446","14.917566632441448","15.022876739501953","96195708","GOOGL","Alphabet Inc. (GOOGL) Historical Data"
"2012-05-01 00:00:00-04:00","14.99655145486991","15.190529924987857","14.907136294496372","15.012447357177734","80011908","GOOGL","Alphabet Inc. (GOOGL) Historical Data"
"2012-05-02 00:00:00-04:00","14.932219987758105","15.103846301233133","14.917565925200014","15.082735061645508","64395540","GOOGL","Alphabet Inc. (GOOGL) Historical Data"
"2012-05-03 00:00:00-04:00","15.141352163685008","15.270754112219397","15.12471040277616","15.17612361907959","74645280","GOOGL","Alphabet Inc. (GOOGL) Historical Data"
"2012-05-04 00:00:00-04:00","15.049453557326085","15.098383098967483","14.823185425851273","14.82715892791748","88207704","GOOGL","Alphabet Inc. (GOOGL) Historical Data"
"2012-05-07 00:00:00-04:00","14.778229327352763","15.16494724355373","14.778229327352763","15.089938163757324","79700220","GOOGL","Alphabet Inc. (GOOGL) Historical Data"
"2012-05-08 00:00:00-04:00","15.039766907320553","15.322167618947985","14.919802733672013","15.220086097717285","106984908","GOOGL","Alphabet Inc. (GOOGL) Historical Data"
"2012-05-09 00:00:00-04:00","15.071807378753164","15.309252046414974","14.947371834310736","15.129677772521973","93058848","GOOGL","Alphabet Inc. (GOOGL) Historical Data"
"2012-05-10 00:00:00-04:00","15.224309681868103","15.30453410811759","15.156503633715921","15.24169635772705","61374564","GOOGL","Alphabet Inc. (GOOGL) Historical Data"
"2012-05-11 00:00:00-04:00","15.159482459920428","15.26379966329957","15.020889779785191","15.032315254211426","83892024","GOOGL","Alphabet Inc. (GOOGL) Historical Data"
"2012-05-14 00:00:00-04:00","14.921790718543525","15.113534441012133","14.916822421060406","15.001766204833984","72903024","GOOGL","Alphabet Inc. (GOOGL) Historical Data"
"2012-05-15 00:00:00-04:00","15.035294979896678","15.274975314332664","14.995555230422719","15.17835807800293","83999916","GOOGL","Alphabet Inc. (GOOGL) Historical Data"
"2012-05-16 00:00:00-04:00","15.34849611583789","15.65002133664334","15.29832473310738","15.620962142944336","193210596","GOOGL","Alphabet Inc. (GOOGL) Historical Data"
"2012-05-17 00:00:00-04:00","15.74266500573471","15.84250989373596","15.429713383201696","15.4749174118042","134017848","GOOGL","Alphabet Inc. (GOOGL) Historical Data"
"2012-05-18 00:00:00-04:00","15.525833633843115","15.70764359620468","14.820452778320167","14.912351608276367","238701060","GOOGL","Alphabet Inc. (GOOGL) Historical Data"
"2012-05-21 00:00:00-04:00","14.915083141079778","15.292114341809915","14.902415828656828","15.2528715133667","122892984","GOOGL","Alphabet Inc. (GOOGL) Historical Data"
"2012-05-22 00:00:00-04:00","15.236230578392691","15.245421313675884","14.803067722361899","14.922286987304688","121953924","GOOGL","Alphabet Inc. (GOOGL) Historical Data"
"2012-05-23 00:00:00-04:00","14.943399273433497","15.140856224370673","14.830886113860977","15.13737964630127","126996876","GOOGL","Alphabet Inc. (GOOGL) Historical Data"
"2012-05-24 00:00:00-04:00","15.129925455408607","15.198476409179197","14.87435015188539","14.993321418762207","75576348","GOOGL","Alphabet Inc. (GOOGL) Historical Data"
"2012-05-25 00:00:00-04:00","14.927252259007371","14.945382898536323","14.611321014287283","14.692042350769043","143132724","GOOGL","Alphabet Inc. (GOOGL) Historical Data"
"2012-05-29 00:00:00-04:00","14.798348171247156","14.88080828009476","14.612316711828138","14.761837005615234","104123772","GOOGL","Alphabet Inc. (GOOGL) Historical Data"
"2012-05-30 00:00:00-04:00","14.608341956878213","14.701233690170081","14.493345133518094","14.61008071899414","76191732","GOOGL","Alphabet Inc. (GOOGL) Historical Data"
"2012-05-31 00:00:00-04:00","14.622250842969297","14.654042645306864","14.380830779130429","14.42702865600586","118613268","GOOGL","Alphabet Inc. (GOOGL) Historical Data"
"2012-06-01 00:00:00-04:00","14.20175515005348","14.22311532757195","14.116314439979602","14.181636810302734","122193684","GOOGL","Alphabet Inc. (GOOGL) Historical Data"
"2012-06-04 00:00:00-04:00","14.16275888704711","14.417839153902996","14.157543547555116","14.370647430419922","97210692","GOOGL","Alphabet Inc. (GOOGL) Historical Data"
"2012-06-05 00:00:00-04:00","14.292659978866608","14.359224186227474","14.069620428397755","14.167479515075684","93502404","GOOGL","Alphabet Inc. (GOOGL) Historical Data"
"2012-06-06 00:00:00-04:00","14.318241912895374","14.454599865525319","14.246959288660245","14.419827461242676","83748168","GOOGL","Alphabet Inc. (GOOGL) Historical Data"
"2012-06-07 00:00:00-04:00","14.594433940844931","14.601636031814113","14.337366903335303","14.361706733703613","70269660","GOOGL","Alphabet Inc. (GOOGL) Historical Data"
"2012-06-08 00:00:00-04:00","14.302595311024618","14.43050839142361","14.271051494853412","14.416847229003906","56359584","GOOGL","Alphabet Inc. (GOOGL) Historical Data"
"2012-06-11 00:00:00-04:00","14.510234419241144","14.537803783710018","14.075082947657162","14.120038986206055","106337556","GOOGL","Alphabet Inc. (GOOGL) Historical Data"
"2012-06-12 00:00:00-04:00","14.151582747170249","14.164746983776286","13.873652470542337","14.035592079162598","128839032","GOOGL","Alphabet Inc. (GOOGL) Historical Data"
"2012-06-13 00:00:00-04:00","13.951643014862794","14.08278373207894","13.876137007690176","13.935995101928711","78089832","GOOGL","Alphabet Inc. (GOOGL) Historical Data"
"2012-06-14 00:00:00-04:00","13.941210975875208","14.034847622198864","13.822487693201897","13.885326385498047","93702204","GOOGL","Alphabet Inc. (GOOGL) Historical Data"
"2012-06-15 00:00:00-04:00","13.917368468883595","14.021187815923938","13.836646169812239","14.020939826965332","119927952","GOOGL","Alphabet Inc. (GOOGL) Historical Data"
"2012-06-18 00:00:00-04:00","13.97399663715425","14.261861624766349","13.890293745997823","14.178407669067383","99776124","GOOGL","Alphabet Inc. (GOOGL) Historical Data"
"2012-06-19 00:00:00-04:00","14.246461336816933","14.511973238689416","14.234787873249136","14.443670272827148","82964952","GOOGL","Alphabet Inc. (GOOGL) Historical Data"
"2012-06-20 00:00:00-04:00","14.400949859353647","14.405669221155454","14.244474525292706","14.343823432922363","93774132","GOOGL","Alphabet Inc. (GOOGL) Historical Data"
"2012-06-21 00:00:00-04:00","14.401695320635827","14.401695320635827","14.001564250807709","14.038323402404785","80371548","GOOGL","Alphabet Inc. (GOOGL) Historical Data"
"2012-06-22 00:00:00-04:00","14.107620994760897","14.19405460357666","14.053476113099245","14.19405460357666","89026884","GOOGL","Alphabet Inc. (GOOGL) Historical Data"
"2012-06-25 00:00:00-04:00","14.090978960186487","14.10985546102614","13.843102666931252","13.926308631896973","63200736","GOOGL","Alphabet Inc. (GOOGL) Historical Data"
"2012-06-26 00:00:00-04:00","13.977474036112055","14.07284945021607","13.89600777319555","14.025161743164062","53953992","GOOGL","Alphabet Inc. (GOOGL) Historical Data"
"2012-06-27 00:00:00-04:00","14.10016903975216","14.25639543238692","14.058442538004778","14.139908790588379","67624308","GOOGL","Alphabet Inc. (GOOGL) Historical Data"
"2012-06-28 00:00:00-04:00","14.055462948533396","14.063658888207602","13.839625494348333","14.015971183776855","76759164","GOOGL","Alphabet Inc. (GOOGL) Historical Data"
"2012-06-29 00:00:00-04:00","14.28048853562979","14.408898533827363","14.211937577685877","14.407407760620117","100679220","GOOGL","Alphabet Inc. (GOOGL) Historical Data"
"2012-07-02 00:00:00-04:00","14.450872750960489","14.480181824913995","14.318738188586542","14.417342185974121","66153780","GOOGL","Alphabet Inc. (GOOGL) Historical Data"
"2012-07-03 00:00:00-04:00","14.40591700021352","14.61455046041447","14.355993611675954","14.600144386291504","47532420","GOOGL","Alphabet Inc. (GOOGL) Historical Data"
"2012-07-05 00:00:00-04:00","14.623245185094476","14.903907140417065","14.617779963203018","14.801080703735352","93742164","GOOGL","Alphabet Inc. (GOOGL) Historical Data"
"2012-07-06 00:00:00-04:00","14.714894136935818","14.741470600441616","14.475710697996988","14.55419635772705","86385528","GOOGL","Alphabet Inc. (GOOGL) Historical Data"
"2012-07-09 00:00:00-04:00","14.528613656632569","14.619270650826802","14.436716717749057","14.55494213104248","68535396","GOOGL","Alphabet Inc. (GOOGL) Historical Data"
"2012-07-10 00:00:00-04:00","14.658761331991869","14.714396983520029","14.37437293961458","14.447892189025879","76847076","GOOGL","Alphabet Inc. (GOOGL) Historical Data"
"2012-07-11 00:00:00-04:00","14.313770723003127","14.352268638564516","14.031618948031007","14.186851501464844","139832028","GOOGL","Alphabet Inc. (GOOGL) Historical Data"
"2012-07-12 00:00:00-04:00","14.085765047527262","14.205233253131125","13.960832566218262","14.169218063354492","92299608","GOOGL","Alphabet Inc. (GOOGL) Historical Data"
"2012-07-13 00:00:00-04:00","14.210695204353573","14.384557214672741","14.121280997059506","14.319234848022461","78960960","GOOGL","Alphabet Inc. (GOOGL) Historical Data"
"2012-07-16 00:00:00-04:00","14.315510435462532","14.385551222835776","14.201507454376783","14.279496192932129","58445496","GOOGL","Alphabet Inc. (GOOGL) Historical Data"
"2012-07-17 00:00:00-04:00","14.366674875704886","14.422310530915324","14.117555791721564","14.324451446533203","67136796","GOOGL","Alphabet Inc. (GOOGL) Historical Data"
"2012-07-18 00:00:00-04:00","14.330659711863516","14.497318677821404","14.309548471899156","14.424545288085938","61866072","GOOGL","Alphabet Inc. (GOOGL) Historical Data"
"2012-07-19 00:00:00-04:00","14.558170054914758","14.864663544607057","14.554693477330249","14.7300443649292","186801012","GOOGL","Alphabet Inc. (GOOGL) Historical Data"
"2012-07-20 00:00:00-04:00","15.119990703333904","15.223810982385835","14.857211417079764","15.17115592956543","258289452","GOOGL","Alphabet Inc. (GOOGL) Historical Data"
"2012-07-23 00:00:00-04:00","14.91433775676714","15.35818113671071","14.858950093489485","15.287643432617188","142325532","GOOGL","Alphabet Inc. (GOOGL) Historical Data"
"2012-07-24 00:00:00-04:00","15.274975688435351","15.347749076863018","15.010209660238315","15.090434074401855","80295624","GOOGL","Alphabet Inc. (GOOGL) Historical Data"
"2012-07-25 00:00:00-04:00","15.109063211281311","15.234740599254724","15.035792890874152","15.10086727142334","72847080","GOOGL","Alphabet Inc. (GOOGL) Historical Data"
"2012-07-26 00:00:00-04:00","15.274976995584476","15.321422862473096","15.151535296457798","15.234243392944336","67340592","GOOGL","Alphabet Inc. (GOOGL) Historical Data"
"2012-07-27 00:00:00-04:00","15.371594660824682","15.771724821109277","15.33707119241236","15.770730972290039","141846012","GOOGL","Alphabet Inc. (GOOGL) Historical Data"
"2012-07-30 00:00:00-04:00","15.797802040145799","15.960487505524592","15.635117521289608","15.704662322998047","87380532","GOOGL","Alphabet Inc. (GOOGL) Historical Data"
"2012-07-31 00:00:00-04:00","15.604320365812997","15.808979386459786","15.603326517029435","15.721303939819336","74549376","GOOGL","Alphabet Inc. (GOOGL) Historical Data"
"2012-08-01 00:00:00-04:00","15.828849678465982","15.883740419842228","15.681812117783593","15.714101791381836","73710216","GOOGL","Alphabet Inc. (GOOGL) Historical Data"
"2012-08-02 00:00:00-04:00","15.536017003180593","15.846980921377021","15.483858873823072","15.61648941040039","79028892","GOOGL","Alphabet Inc. (GOOGL) Historical Data"
"2012-08-03 00:00:00-04:00","15.895910947019502","15.988306702589748","15.80003861373444","15.92894458770752","75808116","GOOGL","Alphabet Inc. (GOOGL) Historical Data"
"2012-08-06 00:00:00-04:00","15.886224436498702","16.128886345906576","15.876537723515693","15.965953826904297","71224704","GOOGL","Alphabet Inc. (GOOGL) Historical Data"
"2012-08-07 00:00:00-04:00","15.940368680910552","16.001718491694835","15.808235068289052","15.909322738647461","79192728","GOOGL","Alphabet Inc. (GOOGL) Historical Data"
"2012-08-08 00:00:00-04:00","15.872315176533318","16.041705818531383","15.858654961484698","15.951297760009766","52835112","GOOGL","Alphabet Inc. (GOOGL) Historical Data"
"2012-08-09 00:00:00-04:00","16.007929762918504","16.05412575240743","15.933665587708463","15.954280853271484","42769188","GOOGL","Alphabet Inc. (GOOGL) Historical Data"
"2012-08-10 00:00:00-04:00","15.860891360140052","15.951546465146555","15.79979142656122","15.945587158203125","57326616","GOOGL","Alphabet Inc. (GOOGL) Historical Data"
"2012-08-13 00:00:00-04:00","16.080205390883233","16.39638372767934","16.06182581303402","16.392908096313477","130585284","GOOGL","Alphabet Inc. (GOOGL) Historical Data"
"2012-08-14 00:00:00-04:00","16.374030765337608","16.71181821787644","16.367821576360456","16.607749938964844","146321532","GOOGL","Alphabet Inc. (GOOGL) Historical Data"
"2012-08-15 00:00:00-04:00","16.64798625481239","16.746591202483046","16.49449245639472","16.579933166503906","96331572","GOOGL","Alphabet Inc. (GOOGL) Historical Data"
"2012-08-16 00:00:00-04:00","16.57918809053015","16.756278707963","16.568507528000154","16.712316513061523","68639292","GOOGL","Alphabet Inc. (GOOGL) Historical Data"
"2012-08-17 00:00:00-04:00","16.743362677536258","16.821104376783193","16.683256590098914","16.818370819091797","87020892","GOOGL","Alphabet Inc. (GOOGL) Historical Data"
"2012-08-20 00:00:00-04:00","16.777637361490758","16.861340257014202","16.707098703697323","16.77863121032715","70253676","GOOGL","Alphabet Inc. (GOOGL) Historical Data"
"2012-08-21 00:00:00-04:00","16.718276591568618","16.839730594550684","16.44655643551585","16.628862380981445","88799112","GOOGL","Alphabet Inc. (GOOGL) Historical Data"
"2012-08-22 00:00:00-04:00","16.575956773323423","16.904307367487164","16.559067023474018","16.81936264038086","76291632","GOOGL","Alphabet Inc. (GOOGL) Historical Data"
"2012-08-23 00:00:00-04:00","16.74709113800534","16.901330815316836","16.665871909077275","16.80992889404297","71296632","GOOGL","Alphabet Inc. (GOOGL) Historical Data"
"2012-08-24 00:00:00-04:00","16.780119185587154","16.900581223447748","16.742368078332916","16.855377197265625","57006936","GOOGL","Alphabet Inc. (GOOGL) Historical Data"
"2012-08-27 00:00:00-04:00","16.466920808508796","16.69070525672974","16.373781090396573","16.621658325195312","104443452","GOOGL","Alphabet Inc. (GOOGL) Historical Data"
"2012-08-28 00:00:00-04:00","16.516844338988637","16.83029098393473","16.51038716167093","16.821102142333984","82261656","GOOGL","Alphabet Inc. (GOOGL) Historical Data"
"2012-08-29 00:00:00-04:00","16.824081189863985","17.112692963900642","16.793781108824295","17.088350296020508","119492388","GOOGL","Alphabet Inc. (GOOGL) Historical Data"
"2012-08-30 00:00:00-04:00","16.99471879456803","17.07295647782286","16.893880039417454","16.931135177612305","65010924","GOOGL","Alphabet Inc. (GOOGL) Historical Data"
"2012-08-31 00:00:00-04:00","16.988754737808932","17.102509724237365","16.890399675072825","17.015827178955078","84998916","GOOGL","Alphabet Inc. (GOOGL) Historical Data"
"2012-09-04 00:00:00-04:00","17.002414037874292","17.013590576852362","16.72796223494383","16.91523551940918","75508416","GOOGL","Alphabet Inc. (GOOGL) Historical Data"
"2012-09-05 00:00:00-04:00","16.889405891478102","17.05084858322961","16.86804476798517","16.90728759765625","68259672","GOOGL","Alphabet Inc. (GOOGL) Historical Data"
"2012-09-06 00:00:00-04:00","17.037436221065114","17.383420540911157","17.006886255788885","17.37125015258789","121618260","GOOGL","Alphabet Inc. (GOOGL) Historical Data"
"2012-09-07 00:00:00-04:00","17.386150563410233","17.690408349713525","17.328280173628425","17.53890037536621","129190680","GOOGL","Alphabet Inc. (GOOGL) Historical Data"
"2012-09-10 00:00:00-04:00","17.62856572806409","17.7043178276494","17.34616312750338","17.405277252197266","102297600","GOOGL","Alphabet Inc. (GOOGL) Historical Data"
"2012-09-11 00:00:00-04:00","17.33548408599783","17.40229722437292","17.162614981613615","17.192171096801758","74877048","GOOGL","Alphabet Inc. (GOOGL) Historical Data"
"2012-09-12 00:00:00-04:00","17.1231262832892","17.25973223013161","16.91126420703279","17.159637451171875","105586308","GOOGL","Alphabet Inc. (GOOGL) Historical Data"
"2012-09-13 00:00:00-04:00","17.214525533046963","17.60968735442219","17.15118992072876","17.536169052124023","106253640","GOOGL","Alphabet Inc. (GOOGL) Historical Data"
"2012-09-14 00:00:00-04:00","17.624589679857895","17.709036533245868","17.5602621108701","17.626577377319336","104635260","GOOGL","Alphabet Inc. (GOOGL) Historical Data"
"2012-09-17 00:00:00-04:00","17.587585424142116","17.706059784458315","17.510341595074905","17.634031295776367","60271668","GOOGL","Alphabet Inc. (GOOGL) Historical Data"
"2012-09-18 00:00:00-04:00","17.57938783916151","17.849618182210136","17.554551083031534","17.840181350708008","82589328","GOOGL","Alphabet Inc. (GOOGL) Historical Data"
"2012-09-19 00:00:00-04:00","17.820804435740126","18.095504205299406","17.793731998248106","18.069177627563477","123808068","GOOGL","Alphabet Inc. (GOOGL) Historical Data"
"2012-09-20 00:00:00-04:00","17.99392342297948","18.16554879993588","17.913202079747023","18.084579467773438","116179704","GOOGL","Alphabet Inc. (GOOGL) Historical Data"
"2012-09-21 00:00:00-04:00","18.186163205485915","18.253472319827928","18.134252120620168","18.23037338256836","254109636","GOOGL","Alphabet Inc. (GOOGL) Historical Data"
"2012-09-24 00:00:00-04:00","18.156111526027868","18.629015094998017","18.137483959112615","18.61262321472168","142409448","GOOGL","Alphabet Inc. (GOOGL) Historical Data"
"2012-09-25 00:00:00-04:00","18.7037739991612","18.997849120071486","18.56990162219037","18.60715675354004","242097660","GOOGL","Alphabet Inc. (GOOGL) Historical Data"
"2012-09-26 00:00:00-04:00","18.62429463498236","18.907193218650956","18.404485572247935","18.713956832885742","226689084","GOOGL","Alphabet Inc. (GOOGL) Historical Data"
"2012-09-27 00:00:00-04:00","18.875153632998906","18.94693223267452","18.669002889900174","18.78946304321289","157086756","GOOGL","Alphabet Inc. (GOOGL) Historical Data"
"2012-09-28 00:00:00-04:00","18.731098990594003","18.859010186164095","18.65658682423318","18.739789962768555","111228660","GOOGL","Alphabet Inc. (GOOGL) Historical Data"
"2012-10-01 00:00:00-04:00","18.85279961913321","19.000582103167694","18.782260960561068","18.92060661315918","126593280","GOOGL","Alphabet Inc. (GOOGL) Historical Data"
"2012-10-02 00:00:00-04:00","19.005550823814154","19.025172241043034","18.634729701257857","18.8016357421875","111496392","GOOGL","Alphabet Inc. (GOOGL) Historical Data"
"2012-10-03 00:00:00-04:00","18.770090263340105","18.973755424393072","18.682661863752145","18.938486099243164","88243668","GOOGL","Alphabet Inc. (GOOGL) Historical Data"
"2012-10-04 00:00:00-04:00","18.944693527291378","19.122033985294443","18.861488519278904","19.076332092285156","98069832","GOOGL","Alphabet Inc. (GOOGL) Historical Data"
"2012-10-05 00:00:00-04:00","19.142402512144468","19.23355643121228","19.000829223570673","19.0664005279541","109326564","GOOGL","Alphabet Inc. (GOOGL) Historical Data"
"2012-10-08 00:00:00-04:00","18.901231934919434","18.965311518263984","18.731096381787722","18.82274627685547","78265656","GOOGL","Alphabet Inc. (GOOGL) Historical Data"
"2012-10-09 00:00:00-04:00","18.868200496599677","18.90918114599833","18.442488634161226","18.481233596801758","120007872","GOOGL","Alphabet Inc. (GOOGL) Historical Data"
"2012-10-10 00:00:00-04:00","18.425843537701496","18.566670954486238","18.33717330162507","18.492904663085938","81514404","GOOGL","Alphabet Inc. (GOOGL) Historical Data"
"2012-10-11 00:00:00-04:00","18.700048990876308","18.839138604427365","18.63522354614154","18.664779663085938","95260644","GOOGL","Alphabet Inc. (GOOGL) Historical Data"
"2012-10-12 00:00:00-04:00","18.673968154013625","18.748976280635432","18.48147764750767","18.497621536254883","96071832","GOOGL","Alphabet Inc. (GOOGL) Historical Data"
"2012-10-15 00:00:00-04:00","18.42783079039586","18.47477452837702","18.148659610157218","18.403987884521484","120643236","GOOGL","Alphabet Inc. (GOOGL) Historical Data"
"2012-10-16 00:00:00-04:00","18.382878550544138","18.55326211274342","18.291724622573252","18.496383666992188","82245672","GOOGL","Alphabet Inc. (GOOGL) Historical Data"
"2012-10-17 00:00:00-04:00","18.477753504809225","18.78548883469047","18.3861036117791","18.76437759399414","91624284","GOOGL","Alphabet Inc. (GOOGL) Historical Data"
"2012-10-18 00:00:00-04:00","18.765620169240744","18.861989427882065","16.790056992752312","17.261964797973633","497198304","GOOGL","Alphabet Inc. (GOOGL) Historical Data"
"2012-10-19 00:00:00-04:00","17.524746529776188","17.552562938715827","16.690706699434898","16.93386459350586","458828712","GOOGL","Alphabet Inc. (GOOGL) Historical Data"
"2012-10-22 00:00:00-04:00","16.914491219908218","17.004403303964956","16.63358032077432","16.856372833251953","162061776","GOOGL","Alphabet Inc. (GOOGL) Historical Data"
"2012-10-23 00:00:00-04:00","16.690957177154658","17.07146692917613","16.690709188171777","16.898101806640625","116547336","GOOGL","Alphabet Inc. (GOOGL) Historical Data"
"2012-10-24 00:00:00-04:00","17.05829866213575","17.063266012803247","16.771924459800758","16.822343826293945","99760140","GOOGL","Alphabet Inc. (GOOGL) Historical Data"
"2012-10-25 00:00:00-04:00","16.88940353170295","16.93907703419671","16.72820885141155","16.83376693725586","95947956","GOOGL","Alphabet Inc. (GOOGL) Historical Data"
"2012-10-26 00:00:00-04:00","16.802473405372368","16.964661956418784","16.670836712785007","16.768943786621094","77953968","GOOGL","Alphabet Inc. (GOOGL) Historical Data"
"2012-10-31 00:00:00-04:00","16.88592585157831","16.914240126346616","16.765215834154965","16.896854400634766","61418520","GOOGL","Alphabet Inc. (GOOGL) Historical Data"
"2012-11-01 00:00:00-04:00","16.87698551973169","17.160130169182306","16.857612096123653","17.077919006347656","81921996","GOOGL","Alphabet Inc. (GOOGL) Historical Data"
"2012-11-02 00:00:00-04:00","17.256748313365385","17.275625760149204","17.07245468352732","17.086116790771484","92883024","GOOGL","Alphabet Inc. (GOOGL) Historical Data"
"2012-11-05 00:00:00-05:00","17.00117202820711","17.05978827980191","16.77912729138978","16.962923049926758","65370564","GOOGL","Alphabet Inc. (GOOGL) Historical Data"
"2012-11-06 00:00:00-05:00","17.025512797361067","17.050847421273193","16.82855280256819","16.932125091552734","63248688","GOOGL","Alphabet Inc. (GOOGL) Historical Data"
"2012-11-07 00:00:00-05:00","16.76521813769558","16.84544350476628","16.553852056973717","16.569499969482422","89202708","GOOGL","Alphabet Inc. (GOOGL) Historical Data"
"2012-11-08 00:00:00-05:00","16.646001543055814","16.678041338188894","16.17483576875401","16.20116424560547","103776120","GOOGL","Alphabet Inc. (GOOGL) Historical Data"
"2012-11-09 00:00:00-05:00","16.259778045867197","16.59980114846682","16.151734383197343","16.467914581298828","124439436","GOOGL","Alphabet Inc. (GOOGL) Historical Data"
"2012-11-12 00:00:00-05:00","16.485795105724772","16.636063131180187","16.414264504308047","16.539196014404297","56179764","GOOGL","Alphabet Inc. (GOOGL) Historical Data"
"2012-11-13 00:00:00-05:00","16.4671713896996","16.581422353011614","16.34869514926611","16.369062423706055","63704232","GOOGL","Alphabet Inc. (GOOGL) Historical Data"
"2012-11-14 00:00:00-05:00","16.40905201050618","16.446805015095727","16.15670337836455","16.20762062072754","66669264","GOOGL","Alphabet Inc. (GOOGL) Historical Data"
"2012-11-15 00:00:00-05:00","16.144282172944333","16.392657259271846","15.992774203224386","16.076229095458984","73882044","GOOGL","Alphabet Inc. (GOOGL) Historical Data"
"2012-11-16 00:00:00-05:00","16.044687428791207","16.219294357871117","15.796562191266139","16.074243545532227","137390472","GOOGL","Alphabet Inc. (GOOGL) Historical Data"
"2012-11-19 00:00:00-05:00","16.28585974741537","16.614210395927845","16.281638255776908","16.596574783325195","94633272","GOOGL","Alphabet Inc. (GOOGL) Historical Data"
"2012-11-20 00:00:00-05:00","16.62886287032341","16.839731090097924","16.50616513294171","16.640287399291992","83464452","GOOGL","Alphabet Inc. (GOOGL) Historical Data"
"2012-11-21 00:00:00-05:00","16.615949683772147","16.636068973955215","16.40259774911818","16.538455963134766","84403512","GOOGL","Alphabet Inc. (GOOGL) Historical Data"
"2012-11-23 00:00:00-05:00","16.640287816998597","16.641033676903586","16.544166541527147","16.590612411499023","36863100","GOOGL","Alphabet Inc. (GOOGL) Historical Data"
"2012-11-26 00:00:00-05:00","16.552613321325758","16.56652342084937","16.368321540048868","16.42122459411621","88095816","GOOGL","Alphabet Inc. (GOOGL) Historical Data"
"2012-11-27 00:00:00-05:00","16.396879277291944","16.765216642020224","16.342982389161058","16.65866470336914","100247652","GOOGL","Alphabet Inc. (GOOGL) Historical Data"
"2012-11-28 00:00:00-05:00","16.591605718943992","17.01135824375678","16.48927715080038","16.980558395385742","121558320","GOOGL","Alphabet Inc. (GOOGL) Historical Data"
"2012-11-29 00:00:00-05:00","17.082640430757383","17.234644398892215","16.939079444811966","17.184722900390625","110948940","GOOGL","Alphabet Inc. (GOOGL) Historical Data"
"2012-11-30 00:00:00-05:00","17.170314109524625","17.36677621625233","17.030726647814095","17.345664978027344","126417456","GOOGL","Alphabet Inc. (GOOGL) Historical Data"
"2012-12-03 00:00:00-05:00","17.441790124368843","17.532446178254528","17.23986085852633","17.268177032470703","87612300","GOOGL","Alphabet Inc. (GOOGL) Historical Data"
"2012-12-04 00:00:00-05:00","17.26196555953325","17.27463381944406","17.030979944202","17.163362503051758","79588332","GOOGL","Alphabet Inc. (GOOGL) Historical Data"
"2012-12-05 00:00:00-05:00","17.191181135281276","17.249549405652594","16.947277373364454","17.083635330200195","74421504","GOOGL","Alphabet Inc. (GOOGL) Historical Data"
"2012-12-06 00:00:00-05:00","17.077921485246694","17.277117185369665","17.001423521436106","17.16584587097168","58433508","GOOGL","Alphabet Inc. (GOOGL) Historical Data"
"2012-12-07 00:00:00-05:00","17.261967461017026","17.308663217389086","16.949514601874135","16.993972778320312","76695228","GOOGL","Alphabet Inc. (GOOGL) Historical Data"
"2012-12-10 00:00:00-05:00","17.02328101074786","17.178764420826703","16.983542196805093","17.02402687072754","54613332","GOOGL","Alphabet Inc. (GOOGL) Historical Data"
"2012-12-11 00:00:00-05:00","17.137779091700118","17.433840022439963","17.081150533813297","17.30866050720215","107396496","GOOGL","Alphabet Inc. (GOOGL) Historical Data"
"2012-12-12 00:00:00-05:00","17.367026687677615","17.473330646786778","17.224213456813853","17.32554817199707","96942960","GOOGL","Alphabet Inc. (GOOGL) Historical Data"
"2012-12-13 00:00:00-05:00","17.78156332954285","17.795223544060523","17.37497507093608","17.45321273803711","137658204","GOOGL","Alphabet Inc. (GOOGL) Historical Data"
"2012-12-14 00:00:00-05:00","17.36553861053923","17.580382236907646","17.347159031820116","17.43483543395996","85118796","GOOGL","Alphabet Inc. (GOOGL) Historical Data"
"2012-12-17 00:00:00-05:00","17.522759230368727","17.930589365969567","17.48600007417804","17.90227508544922","121294584","GOOGL","Alphabet Inc. (GOOGL) Historical Data"
"2012-12-18 00:00:00-05:00","17.798453896713674","18.108920904010258","17.75995503371405","17.909475326538086","120075804","GOOGL","Alphabet Inc. (GOOGL) Historical Data"
"2012-12-19 00:00:00-05:00","17.90053361344891","17.957412050883907","17.800438846112982","17.885631561279297","76667256","GOOGL","Alphabet Inc. (GOOGL) Historical Data"
"2012-12-20 00:00:00-05:00","17.963869955379963","17.998393422912773","17.807642604111646","17.941516876220703","66213720","GOOGL","Alphabet Inc. (GOOGL) Historical Data"
"2012-12-21 00:00:00-05:00","17.73312822744293","17.853588365323347","17.64743954167993","17.77435874938965","140898960","GOOGL","Alphabet Inc. (GOOGL) Historical Data"
"2012-12-24 00:00:00-05:00","17.74654209621234","17.763181964049444","17.57168718466402","17.622106552124023","33602364","GOOGL","Alphabet Inc. (GOOGL) Historical Data"
"2012-12-26 00:00:00-05:00","17.58658926086242","17.706057454350415","17.446009826604048","17.60645866394043","47248704","GOOGL","Alphabet Inc. (GOOGL) Historical Data"
"2012-12-27 00:00:00-05:00","17.56349062040084","17.605714995702893","17.351628563180284","17.54237937927246","65830104","GOOGL","Alphabet Inc. (GOOGL) Historical Data"
"2012-12-28 00:00:00-05:00","17.428128635039467","17.557777629774208","17.386402130126953","17.386402130126953","56023920","GOOGL","Alphabet Inc. (GOOGL) Historical Data"
"2012-12-31 00:00:00-05:00","17.38615437854562","17.648685721588368","17.286805455006682","17.569454193115234","79816104","GOOGL","Alphabet Inc. (GOOGL) Historical Data"
"2013-01-02 00:00:00-05:00","17.868495606462638","18.056762760975158","17.797212980641447","17.963621139526367","101550348","GOOGL","Alphabet Inc. (GOOGL) Historical Data"
"2013-01-03 00:00:00-05:00","18.00535016475031","18.179211249541645","17.900784010478638","17.97405433654785","92635272","GOOGL","Alphabet Inc. (GOOGL) Historical Data"
"2013-01-04 00:00:00-05:00","18.11488171479996","18.416157980520744","18.073651188265714","18.329227447509766","110429460","GOOGL","Alphabet Inc. (GOOGL) Historical Data"
"2013-01-07 00:00:00-05:00","18.26663994251763","18.36424915607173","18.145681905411767","18.249252319335938","66161772","GOOGL","Alphabet Inc. (GOOGL) Historical Data"
"2013-01-08 00:00:00-05:00","18.268872473650998","18.287749922359176","17.99293081817604","18.213237762451172","66976956","GOOGL","Alphabet Inc. (GOOGL) Historical Data"
"2013-01-09 00:00:00-05:00","18.1876518122089","18.3386619089594","18.09649790692089","18.332950592041016","80907012","GOOGL","Alphabet Inc. (GOOGL) Historical Data"
"2013-01-10 00:00:00-05:00","18.44993434012627","18.503833122132782","18.218202895093206","18.416404724121094","73354572","GOOGL","Alphabet Inc. (GOOGL) Historical Data"
"2013-01-11 00:00:00-05:00","18.429323647700986","18.440002317041163","18.287750351251006","18.3794002532959","51356592","GOOGL","Alphabet Inc. (GOOGL) Historical Data"
"2013-01-14 00:00:00-05:00","18.305136001065918","18.4342909188531","17.941268059040468","17.963621139526367","114441444","GOOGL","Alphabet Inc. (GOOGL) Historical Data"
"2013-01-15 00:00:00-05:00","17.866260488264196","18.25546117667221","17.68668619267148","18.00535011291504","156950892","GOOGL","Alphabet Inc. (GOOGL) Historical Data"
"2013-01-16 00:00:00-05:00","17.942507948557193","17.990693521804644","17.72567854807934","17.763431549072266","80855064","GOOGL","Alphabet Inc. (GOOGL) Historical Data"
"2013-01-17 00:00:00-05:00","17.826019813019332","17.873955500288684","17.659857781976466","17.667308807373047","88371540","GOOGL","Alphabet Inc. (GOOGL) Historical Data"
"2013-01-18 00:00:00-05:00","17.643467741764553","17.70332583311893","17.41918541762184","17.4981689453125","128942928","GOOGL","Alphabet Inc. (GOOGL) Historical Data"
"2013-01-22 00:00:00-05:00","17.501891847730565","17.518781595086722","17.274877893129545","17.45743179321289","151544304","GOOGL","Alphabet Inc. (GOOGL) Historical Data"
"2013-01-23 00:00:00-05:00","18.28005050732797","18.60318581097649","18.27508315579792","18.41690444946289","236127636","GOOGL","Alphabet Inc. (GOOGL) Historical Data"
"2013-01-24 00:00:00-05:00","18.41044637527233","18.797661252035738","18.39231478585166","18.732587814331055","135172692","GOOGL","Alphabet Inc. (GOOGL) Historical Data"
"2013-01-25 00:00:00-05:00","18.647144952965288","18.83864162360428","18.634228705275834","18.719173431396484","88946964","GOOGL","Alphabet Inc. (GOOGL) Historical Data"
"2013-01-28 00:00:00-05:00","18.671733201689268","18.767108604460613","18.575611939112992","18.646150588989258","65018916","GOOGL","Alphabet Inc. (GOOGL) Historical Data"
"2013-01-29 00:00:00-05:00","18.54729814140031","18.800640599656393","18.542082801766636","18.71942138671875","69814116","GOOGL","Alphabet Inc. (GOOGL) Historical Data"
"2013-01-30 00:00:00-05:00","18.7209145664681","18.899992892070063","18.70030119316761","18.7231502532959","69250680","GOOGL","Alphabet Inc. (GOOGL) Historical Data"
"2013-01-31 00:00:00-05:00","18.640689193581284","18.81728193245906","18.634230122722613","18.769346237182617","65302632","GOOGL","Alphabet Inc. (GOOGL) Historical Data"
"2013-02-01 00:00:00-05:00","18.831687880328232","19.288695536165186","18.82920420479799","19.263856887817383","149694156","GOOGL","Alphabet Inc. (GOOGL) Historical Data"
"2013-02-04 00:00:00-05:00","19.067392272433704","19.136441100336125","18.833425122688837","18.852052688598633","121498380","GOOGL","Alphabet Inc. (GOOGL) Historical Data"
"2013-02-05 00:00:00-05:00","18.904460104701037","19.152337356011778","18.863231470000702","19.01896095275879","74753172","GOOGL","Alphabet Inc. (GOOGL) Historical Data"
"2013-02-06 00:00:00-05:00","18.853296517306788","19.198286990538637","18.839138431314606","19.128990173339844","83040876","GOOGL","Alphabet Inc. (GOOGL) Historical Data"
"2013-02-07 00:00:00-05:00","19.117317495562048","19.34358562928471","19.01299934070937","19.222875595092773","113494392","GOOGL","Alphabet Inc. (GOOGL) Historical Data"
"2013-02-08 00:00:00-05:00","19.376372444748096","19.53880710037345","19.3622143580243","19.506519317626953","120683196","GOOGL","Alphabet Inc. (GOOGL) Historical Data"
"2013-02-11 00:00:00-05:00","19.333403632057514","19.4476565039825","19.217910815288594","19.433250427246094","86625288","GOOGL","Alphabet Inc. (GOOGL) Historical Data"
"2013-02-12 00:00:00-05:00","19.416604407834477","19.56935422085316","19.357492180032747","19.390525817871094","74285640","GOOGL","Alphabet Inc. (GOOGL) Historical Data"
"2013-02-13 00:00:00-05:00","19.376370625594916","19.506019615355232","19.372395230578395","19.444175720214844","47880072","GOOGL","Alphabet Inc. (GOOGL) Historical Data"
"2013-02-14 00:00:00-05:00","19.36643595387102","19.590220426795526","19.31775629053796","19.567371368408203","69342588","GOOGL","Alphabet Inc. (GOOGL) Historical Data"
"2013-02-15 00:00:00-05:00","19.55693658490606","19.70248336664427","19.548739699103546","19.693294525146484","109082808","GOOGL","Alphabet Inc. (GOOGL) Historical Data"
"2013-02-19 00:00:00-05:00","19.770291348914373","20.043749316891457","19.752655738756992","20.040023803710938","117154728","GOOGL","Alphabet Inc. (GOOGL) Historical Data"
"2013-02-20 00:00:00-05:00","20.001527164460377","20.092679190942807","19.665975411555063","19.682615280151367","110457432","GOOGL","Alphabet Inc. (GOOGL) Historical Data"
"2013-02-21 00:00:00-05:00","19.820211343814282","20.005248919498264","19.65181363360063","19.758861541748047","140115744","GOOGL","Alphabet Inc. (GOOGL) Historical Data"
"2013-02-22 00:00:00-05:00","19.851509617152917","19.90093513964323","19.715897523444283","19.862686157226562","82073844","GOOGL","Alphabet Inc. (GOOGL) Historical Data"
"2013-02-25 00:00:00-05:00","19.927016407157957","20.07877239803158","19.633687117045575","19.640642166137695","92063844","GOOGL","Alphabet Inc. (GOOGL) Historical Data"
"2013-02-26 00:00:00-05:00","19.745702437858913","19.769297354495066","19.482425269526946","19.624744415283203","88011900","GOOGL","Alphabet Inc. (GOOGL) Historical Data"
"2013-02-27 00:00:00-05:00","19.740734071249804","19.987865443490588","19.649084180745497","19.864423751831055","80962956","GOOGL","Alphabet Inc. (GOOGL) Historical Data"
"2013-02-28 00:00:00-05:00","19.897210767270977","20.043501524582243","19.895471058609147","19.899694442749023","90541368","GOOGL","Alphabet Inc. (GOOGL) Historical Data"
"2013-03-01 00:00:00-05:00","19.815247512993764","20.047228859563408","19.774264974706405","20.023632049560547","86928984","GOOGL","Alphabet Inc. (GOOGL) Historical Data"
"2013-03-04 00:00:00-05:00","20.001525742969957","20.43717413065908","19.994074717015415","20.40389060974121","110912976","GOOGL","Alphabet Inc. (GOOGL) Historical Data"
"2013-03-05 00:00:00-05:00","20.588431259632507","20.867106432171614","20.58768539985409","20.828609466552734","161602236","GOOGL","Alphabet Inc. (GOOGL) Historical Data"
"2013-03-06 00:00:00-05:00","20.888966641887045","20.962732942175368","20.585454672137597","20.6492862701416","114805080","GOOGL","Alphabet Inc. (GOOGL) Historical Data"
"2013-03-07 00:00:00-05:00","20.71584960272241","20.779433211993418","20.604578286498153","20.679588317871094","82025892","GOOGL","Alphabet Inc. (GOOGL) Historical Data"
"2013-03-08 00:00:00-05:00","20.72677574021817","20.73720831226434","20.49206274615379","20.652761459350586","116359524","GOOGL","Alphabet Inc. (GOOGL) Historical Data"
"2013-03-11 00:00:00-04:00","20.65698616056656","20.85593388276207","20.652266798172576","20.73472785949707","63724212","GOOGL","Alphabet Inc. (GOOGL) Historical Data"
"2013-03-12 00:00:00-04:00","20.632644618504482","20.661950851884114","20.457787815661664","20.555646896362305","80251668","GOOGL","Alphabet Inc. (GOOGL) Historical Data"
"2013-03-13 00:00:00-04:00","20.562851272385974","20.632148090998818","20.42400964621753","20.49852180480957","65586348","GOOGL","Alphabet Inc. (GOOGL) Historical Data"
"2013-03-14 00:00:00-04:00","20.540248455469857","20.540248455469857","20.30181181794963","20.40488624572754","65981952","GOOGL","Alphabet Inc. (GOOGL) Historical Data"
"2013-03-15 00:00:00-04:00","20.32937958617677","20.37408763743216","20.20121852515965","20.22506332397461","123864012","GOOGL","Alphabet Inc. (GOOGL) Historical Data"
"2013-03-18 00:00:00-04:00","19.9940767456115","20.186813377338698","19.90640034772081","20.063373565673828","73458468","GOOGL","Alphabet Inc. (GOOGL) Historical Data"
"2013-03-19 00:00:00-04:00","20.149062869706338","20.34801250110351","20.030092523497796","20.151050567626953","83844072","GOOGL","Alphabet Inc. (GOOGL) Historical Data"
"2013-03-20 00:00:00-04:00","20.287903627808575","20.304793380257475","20.154031232193077","20.235248565673828","58493448","GOOGL","Alphabet Inc. (GOOGL) Historical Data"
"2013-03-21 00:00:00-04:00","20.150302973494842","20.290136550516262","20.114537668681248","20.14955711364746","59044896","GOOGL","Alphabet Inc. (GOOGL) Historical Data"
"2013-03-22 00:00:00-04:00","20.235992688454154","20.24841106623418","20.109321449007098","20.12596321105957","59468472","GOOGL","Alphabet Inc. (GOOGL) Historical Data"
"2013-03-25 00:00:00-04:00","20.178122436509142","20.347512139524678","20.039280807225857","20.10932159423828","68411520","GOOGL","Alphabet Inc. (GOOGL) Historical Data"
"2013-03-26 00:00:00-04:00","20.205193974310568","20.217612351624325","20.06337269790589","20.178369522094727","47628324","GOOGL","Alphabet Inc. (GOOGL) Historical Data"
"2013-03-27 00:00:00-04:00","20.0358037585753","20.04375076338246","19.902923326123233","19.935958862304688","86441472","GOOGL","Alphabet Inc. (GOOGL) Historical Data"
"2013-03-28 00:00:00-04:00","19.96898798190155","20.00326345833894","19.703477033972543","19.725582122802734","91420488","GOOGL","Alphabet Inc. (GOOGL) Historical Data"
"2013-04-01 00:00:00-04:00","19.74595079931546","19.925773068929445","19.70223659639175","19.899446487426758","72219708","GOOGL","Alphabet Inc. (GOOGL) Historical Data"
"2013-04-02 00:00:00-04:00","19.982651347236636","20.238227610033743","19.969237228086808","20.193767547607422","81578340","GOOGL","Alphabet Inc. (GOOGL) Historical Data"
"2013-04-03 00:00:00-04:00","20.204200144171953","20.22257972122235","19.886530101402393","20.023880004882812","69470460","GOOGL","Alphabet Inc. (GOOGL) Historical Data"
"2013-04-04 00:00:00-04:00","19.97544628738962","20.01270331212547","19.65380274494671","19.747440338134766","97806096","GOOGL","Alphabet Inc. (GOOGL) Historical Data"
"2013-04-05 00:00:00-04:00","19.52365464135162","19.546753578752497","19.283724414913383","19.448894500732422","137218644","GOOGL","Alphabet Inc. (GOOGL) Historical Data"
"2013-04-08 00:00:00-04:00","19.342094961806104","19.361966259506154","19.085028859950498","19.245229721069336","113170716","GOOGL","Alphabet Inc. (GOOGL) Historical Data"
"2013-04-09 00:00:00-04:00","19.26137074212445","19.4662796262272","19.20201052595518","19.31477165222168","86205708","GOOGL","Alphabet Inc. (GOOGL) Historical Data"
"2013-04-10 00:00:00-04:00","19.445664073695855","19.679881079009345","19.273788829699672","19.62598419189453","79064856","GOOGL","Alphabet Inc. (GOOGL) Historical Data"
"2013-04-11 00:00:00-04:00","19.693048491230353","19.69851182027758","19.473981490536104","19.631202697753906","81066852","GOOGL","Alphabet Inc. (GOOGL) Historical Data"
"2013-04-12 00:00:00-04:00","19.67094062166638","19.673672285804173","19.445912452765736","19.62275505065918","65402532","GOOGL","Alphabet Inc. (GOOGL) Historical Data"
"2013-04-15 00:00:00-04:00","19.520926428743493","19.795378275782667","19.29912774991177","19.421079635620117","98025876","GOOGL","Alphabet Inc. (GOOGL) Historical Data"
"2013-04-16 00:00:00-04:00","19.536823395039406","19.770542594253456","19.47050811367617","19.705219268798828","69610320","GOOGL","Alphabet Inc. (GOOGL) Historical Data"
"2013-04-17 00:00:00-04:00","19.54079389074502","19.642378489554407","19.325950282540415","19.436725616455078","81398520","GOOGL","Alphabet Inc. (GOOGL) Historical Data"
"2013-04-18 00:00:00-04:00","19.506018214964048","19.51719664633893","18.907687233118644","19.023181915283203","132767100","GOOGL","Alphabet Inc. (GOOGL) Historical Data"
"2013-04-19 00:00:00-04:00","19.10390387720971","19.95532942337628","19.031877287367134","19.866661071777344","231895872","GOOGL","Alphabet Inc. (GOOGL) Historical Data"
"2013-04-22 00:00:00-04:00","19.88479193989275","19.968246849493067","19.248955827007304","19.872623443603516","115220664","GOOGL","Alphabet Inc. (GOOGL) Historical Data"
"2013-04-23 00:00:00-04:00","19.8947293824566","20.254869940420793","19.8788334789578","20.06610679626465","91600308","GOOGL","Alphabet Inc. (GOOGL) Historical Data"
"2013-04-24 00:00:00-04:00","20.07132035061107","20.31696191955812","20.068588686122858","20.20395278930664","73090836","GOOGL","Alphabet Inc. (GOOGL) Historical Data"
"2013-04-25 00:00:00-04:00","20.273497599126117","20.27896092810297","20.059397952340316","20.095909118652344","79608312","GOOGL","Alphabet Inc. (GOOGL) Historical Data"
"2013-04-26 00:00:00-04:00","20.05865277182356","20.06213029598268","19.784944928562485","19.9051570892334","99408492","GOOGL","Alphabet Inc. (GOOGL) Historical Data"
"2013-04-29 00:00:00-04:00","19.95060837670723","20.433694581236214","19.94439918845199","20.34328842163086","91939968","GOOGL","Alphabet Inc. (GOOGL) Historical Data"
"2013-04-30 00:00:00-04:00","20.341796955416083","20.556392561935137","20.309011305192872","20.48014259338379","92175732","GOOGL","Alphabet Inc. (GOOGL) Historical Data"
"2013-05-01 00:00:00-04:00","20.44760618774493","20.483869364270312","20.27622690010558","20.377315521240234","58141800","GOOGL","Alphabet Inc. (GOOGL) Historical Data"
"2013-05-02 00:00:00-04:00","20.369120947436382","20.72802152771687","20.343040461255622","20.605323791503906","80651268","GOOGL","Alphabet Inc. (GOOGL) Historical Data"
"2013-05-03 00:00:00-04:00","20.787877831135642","21.03227756288685","20.764034924475844","21.00545310974121","100403496","GOOGL","Alphabet Inc. (GOOGL) Historical Data"
"2013-05-06 00:00:00-04:00","21.06853606222801","21.406075445158095","21.06853606222801","21.398624420166016","85566348","GOOGL","Alphabet Inc. (GOOGL) Historical Data"
"2013-05-07 00:00:00-04:00","21.434891320668964","21.4562505507552","21.128397821855497","21.291330337524414","78281640","GOOGL","Alphabet Inc. (GOOGL) Historical Data"
"2013-05-08 00:00:00-04:00","21.28561638646771","21.7048728999061","21.184031793272496","21.69866371154785","98633268","GOOGL","Alphabet Inc. (GOOGL) Historical Data"
"2013-05-09 00:00:00-04:00","21.629367770427535","21.84843286646206","21.564540433870626","21.645263671875","87935976","GOOGL","Alphabet Inc. (GOOGL) Historical Data"
"2013-05-10 00:00:00-04:00","21.740394723385833","21.87029362104411","21.66215704080056","21.862594604492188","75832092","GOOGL","Alphabet Inc. (GOOGL) Historical Data"
"2013-05-13 00:00:00-04:00","21.82930601710196","21.918224242488623","21.692452101539633","21.795528411865234","57882060","GOOGL","Alphabet Inc. (GOOGL) Historical Data"
"2013-05-14 00:00:00-04:00","21.794785566573594","22.072714926902258","21.785844712927997","22.03322410583496","63108828","GOOGL","Alphabet Inc. (GOOGL) Historical Data"
"2013-05-15 00:00:00-04:00","22.241854104775125","22.760457587680147","22.205094955613777","22.748287200927734","159276564","GOOGL","Alphabet Inc. (GOOGL) Historical Data"
"2013-05-16 00:00:00-04:00","22.82553165827974","22.849874325518922","22.403545397687537","22.449743270874023","128255616","GOOGL","Alphabet Inc. (GOOGL) Historical Data"
"2013-05-17 00:00:00-04:00","22.602495867009317","22.688680542953005","22.366541014643715","22.581632614135742","111568320","GOOGL","Alphabet Inc. (GOOGL) Historical Data"
"2013-05-20 00:00:00-04:00","22.47781241926569","22.865275265269656","22.47781241926569","22.565488815307617","90817092","GOOGL","Alphabet Inc. (GOOGL) Historical Data"
"2013-05-21 00:00:00-04:00","22.552821529243296","22.64322959364828","22.294265596152265","22.526742935180664","79240680","GOOGL","Alphabet Inc. (GOOGL) Historical Data"
"2013-05-22 00:00:00-04:00","22.41720990836086","22.584861788540348","22.027759372536398","22.090845108032227","102321576","GOOGL","Alphabet Inc. (GOOGL) Historical Data"
"2013-05-23 00:00:00-04:00","21.782367088364822","22.1042586416274","21.707854926872642","21.926176071166992","90912996","GOOGL","Alphabet Inc. (GOOGL) Historical Data"
"2013-05-24 00:00:00-04:00","21.739149339063378","21.827571600379734","21.633591230063796","21.69096565246582","91780128","GOOGL","Alphabet Inc. (GOOGL) Historical Data"
"2013-05-28 00:00:00-04:00","21.943806820918137","22.158402422760172","21.86681099422688","21.88842010498047","90209700","GOOGL","Alphabet Inc. (GOOGL) Historical Data"
"2013-05-29 00:00:00-04:00","21.75032406027331","21.806952613090925","21.466681532263884","21.566526412963867","80455464","GOOGL","Alphabet Inc. (GOOGL) Historical Data"
"2013-05-30 00:00:00-04:00","21.606517118471583","21.829555719682322","21.519338594766296","21.62738037109375","84743172","GOOGL","Alphabet Inc. (GOOGL) Historical Data"
"2013-05-31 00:00:00-04:00","21.56181144785155","21.782366378576064","21.54690750160242","21.638805389404297","78697224","GOOGL","Alphabet Inc. (GOOGL) Historical Data"
"2013-06-03 00:00:00-04:00","21.683015124520065","21.707106017381854","21.236438196210507","21.549636840820312","98928972","GOOGL","Alphabet Inc. (GOOGL) Historical Data"
"2013-06-04 00:00:00-04:00","21.55510346311371","21.623158441478292","21.21284465982138","21.33777618408203","74669256","GOOGL","Alphabet Inc. (GOOGL) Historical Data"
"2013-06-05 00:00:00-04:00","21.422471093099468","21.594842332962276","21.28884670445309","21.352678298950195","84187728","GOOGL","Alphabet Inc. (GOOGL) Historical Data"
"2013-06-06 00:00:00-04:00","21.466933160623253","21.51735253387484","21.042711134310494","21.475378036499023","103060836","GOOGL","Alphabet Inc. (GOOGL) Historical Data"
"2013-06-07 00:00:00-04:00","21.618936544128985","21.85687910278902","21.492267195576407","21.85017204284668","106877016","GOOGL","Alphabet Inc. (GOOGL) Historical Data"
"2013-06-10 00:00:00-04:00","21.909038391035836","22.130089307459635","21.859114996602948","22.1107177734375","93418488","GOOGL","Alphabet Inc. (GOOGL) Historical Data"
"2013-06-11 00:00:00-04:00","21.955480001938856","22.030738015430448","21.844954555637592","21.852157592773438","70233696","GOOGL","Alphabet Inc. (GOOGL) Historical Data"
"2013-06-12 00:00:00-04:00","21.992488266887644","22.005900491939386","21.599810120531522","21.65768051147461","88103808","GOOGL","Alphabet Inc. (GOOGL) Historical Data"
"2013-06-13 00:00:00-04:00","21.583168214602946","21.84843116769804","21.496733665626184","21.782363891601562","82713204","GOOGL","Alphabet Inc. (GOOGL) Historical Data"
"2013-06-14 00:00:00-04:00","21.859361927653392","21.973614786813943","21.711083471340174","21.733684539794922","89710200","GOOGL","Alphabet Inc. (GOOGL) Historical Data"
"2013-06-17 00:00:00-04:00","21.8377508301922","22.09109138745774","21.81415591507225","22.012109756469727","85766148","GOOGL","Alphabet Inc. (GOOGL) Historical Data"
"2013-06-18 00:00:00-04:00","22.071719615950244","22.378463000706276","22.064270482610233","22.3690242767334","86589324","GOOGL","Alphabet Inc. (GOOGL) Historical Data"
"2013-06-19 00:00:00-04:00","22.387651655167396","22.622862534390574","22.291532279774582","22.370513916015625","116519364","GOOGL","Alphabet Inc. (GOOGL) Historical Data"
"2013-06-20 00:00:00-04:00","22.204351210968497","22.378462154784426","21.939088245323777","21.974605560302734","134745120","GOOGL","Alphabet Inc. (GOOGL) Historical Data"
"2013-06-21 00:00:00-04:00","22.06402002699739","22.102270899768673","21.68475408583593","21.879976272583008","159132708","GOOGL","Alphabet Inc. (GOOGL) Historical Data"
"2013-06-24 00:00:00-04:00","21.655199756554477","21.7654772249426","21.440854008783504","21.603290557861328","120555324","GOOGL","Alphabet Inc. (GOOGL) Historical Data"
"2013-06-25 00:00:00-04:00","21.788821801739225","21.848927880648034","21.47214562447926","21.514122009277344","102025872","GOOGL","Alphabet Inc. (GOOGL) Historical Data"
"2013-06-26 00:00:00-04:00","21.701645205094938","21.807203309181975","21.6226616722167","21.699161529541016","73182744","GOOGL","Alphabet Inc. (GOOGL) Historical Data"
"2013-06-27 00:00:00-04:00","21.827073643307877","21.97336439863167","21.773672728210066","21.78410530090332","76982940","GOOGL","Alphabet Inc. (GOOGL) Historical Data"
"2013-06-28 00:00:00-04:00","21.730205907127868","21.902577142841174","21.712572190575568","21.866065979003906","93878028","GOOGL","Alphabet Inc. (GOOGL) Historical Data"
"2013-07-01 00:00:00-04:00","22.017079728008547","22.156913312944717","21.981064539177126","22.052597045898438","68923008","GOOGL","Alphabet Inc. (GOOGL) Historical Data"
"2013-07-02 00:00:00-04:00","22.11021747727316","22.130086880067484","21.789071818256144","21.91425132751465","75584340","GOOGL","Alphabet Inc. (GOOGL) Historical Data"
"2013-07-03 00:00:00-04:00","21.85439772677484","22.084639400870888","21.819624371695948","22.016586303710938","41838120","GOOGL","Alphabet Inc. (GOOGL) Historical Data"
"2013-07-05 00:00:00-04:00","22.105500018809135","22.23962038077831","22.03918285807992","22.191932678222656","68007924","GOOGL","Alphabet Inc. (GOOGL) Historical Data"
"2013-07-08 00:00:00-04:00","22.33400256791282","22.509353460087926","22.281099524236158","22.48004722595215","78701220","GOOGL","Alphabet Inc. (GOOGL) Historical Data"
"2013-07-09 00:00:00-04:00","22.62683730608956","22.675270872951454","22.30345403752137","22.483774185180664","79096824","GOOGL","Alphabet Inc. (GOOGL) Historical Data"
"2013-07-10 00:00:00-04:00","22.439313721655502","22.63031253508692","22.36306374686781","22.50240135192871","68267664","GOOGL","Alphabet Inc. (GOOGL) Historical Data"
"2013-07-11 00:00:00-04:00","22.676510519590273","22.870488971152533","22.565239214079554","22.856332778930664","103264632","GOOGL","Alphabet Inc. (GOOGL) Historical Data"
"2013-07-12 00:00:00-04:00","22.85037454057998","22.92488670349121","22.732148171577794","22.92488670349121","102625272","GOOGL","Alphabet Inc. (GOOGL) Historical Data"
"2013-07-15 00:00:00-04:00","22.957173104396666","23.04907099140826","22.759965103996365","22.966859817504883","78341580","GOOGL","Alphabet Inc. (GOOGL) Historical Data"
"2013-07-16 00:00:00-04:00","23.02746222835253","23.048325481584314","22.698865516690624","22.840686798095703","79240680","GOOGL","Alphabet Inc. (GOOGL) Historical Data"
"2013-07-17 00:00:00-04:00","22.875209700088945","23.02075649121338","22.758473166025347","22.81435775756836","60183756","GOOGL","Alphabet Inc. (GOOGL) Historical Data"
"2013-07-18 00:00:00-04:00","22.82528375080167","22.85037038486377","22.43285360231787","22.618885040283203","145234620","GOOGL","Alphabet Inc. (GOOGL) Historical Data"
"2013-07-19 00:00:00-04:00","22.0210531441408","22.4268955747636","21.747843153214276","22.26917839050293","294077628","GOOGL","Alphabet Inc. (GOOGL) Historical Data"
"2013-07-22 00:00:00-04:00","22.4032993254606","22.668314307110357","22.27911176866397","22.619384765625","116011872","GOOGL","Alphabet Inc. (GOOGL) Historical Data"
"2013-07-23 00:00:00-04:00","22.61938689677857","22.676513329730977","22.342947360787324","22.448009490966797","81746172","GOOGL","Alphabet Inc. (GOOGL) Historical Data"
"2013-07-24 00:00:00-04:00","22.533943201706776","22.609447310030173","22.37100880021763","22.42565155029297","83056860","GOOGL","Alphabet Inc. (GOOGL) Historical Data"
"2013-07-25 00:00:00-04:00","22.201373929188893","22.275388220276028","22.007889539618237","22.048126220703125","119923956","GOOGL","Alphabet Inc. (GOOGL) Historical Data"
"2013-07-26 00:00:00-04:00","22.030492103446296","22.105004264138266","21.906552526894277","21.98975944519043","71036892","GOOGL","Alphabet Inc. (GOOGL) Historical Data"
"2013-07-29 00:00:00-04:00","21.978580911184665","22.224966429102352","21.878982121650782","21.913257598876953","75600324","GOOGL","Alphabet Inc. (GOOGL) Historical Data"
"2013-07-30 00:00:00-04:00","21.9924892656496","22.244587995851447","21.87848629405507","22.128101348876953","70153776","GOOGL","Alphabet Inc. (GOOGL) Historical Data"
"2013-07-31 00:00:00-04:00","22.179516671633888","22.26694318913927","22.01037495471233","22.049367904663086","86853060","GOOGL","Alphabet Inc. (GOOGL) Historical Data"
"2013-08-01 00:00:00-04:00","22.22943528890707","22.466633851629435","22.22943528890707","22.458436965942383","85450464","GOOGL","Alphabet Inc. (GOOGL) Historical Data"
"2013-08-02 00:00:00-04:00","22.43906586116162","22.527488118237173","22.373992425914192","22.516807556152344","68487444","GOOGL","Alphabet Inc. (GOOGL) Historical Data"
"2013-08-05 00:00:00-04:00","22.487500434392476","22.49072996997075","22.33375674623915","22.477813720703125","52335612","GOOGL","Alphabet Inc. (GOOGL) Historical Data"
"2013-08-06 00:00:00-04:00","22.47011197835727","22.59479551031411","22.24756936555237","22.2684326171875","60183756","GOOGL","Alphabet Inc. (GOOGL) Historical Data"
"2013-08-07 00:00:00-04:00","22.230428833592114","22.315125567427838","22.08264636955198","22.121395111083984","55112832","GOOGL","Alphabet Inc. (GOOGL) Historical Data"
"2013-08-08 00:00:00-04:00","22.241606805509107","22.25029966873821","21.98826436208037","22.171316146850586","59460480","GOOGL","Alphabet Inc. (GOOGL) Historical Data"
"2013-08-09 00:00:00-04:00","22.119160174244257","22.24235388932252","22.105251969737598","22.115436553955078","52895052","GOOGL","Alphabet Inc. (GOOGL) Historical Data"
"2013-08-12 00:00:00-04:00","22.028254010558104","22.03073768587502","21.897857270329652","21.993730545043945","55024920","GOOGL","Alphabet Inc. (GOOGL) Historical Data"
"2013-08-13 00:00:00-04:00","22.02651975004538","22.06799827035945","21.762498584891663","21.88792610168457","56735208","GOOGL","Alphabet Inc. (GOOGL) Historical Data"
"2013-08-14 00:00:00-04:00","21.81639632603093","21.862594210601365","21.53796907374707","21.603788375854492","83204712","GOOGL","Alphabet Inc. (GOOGL) Historical Data"
"2013-08-15 00:00:00-04:00","21.470408814447325","21.48233121382673","21.310455950750452","21.351686477661133","74693232","GOOGL","Alphabet Inc. (GOOGL) Historical Data"
"2013-08-16 00:00:00-04:00","21.391925890392944","21.4207361506899","21.274195494300688","21.28338623046875","66936996","GOOGL","Alphabet Inc. (GOOGL) Historical Data"
"2013-08-19 00:00:00-04:00","21.303253576776676","21.65817876046345","21.29679639901395","21.50046157836914","72363564","GOOGL","Alphabet Inc. (GOOGL) Historical Data"
"2013-08-20 00:00:00-04:00","21.567519601551854","21.660909195409094","21.448051418414064","21.494747161865234","49270680","GOOGL","Alphabet Inc. (GOOGL) Historical Data"
"2013-08-21 00:00:00-04:00","21.624647374967978","21.780128857781712","21.52157106289843","21.591861724853516","70221708","GOOGL","Alphabet Inc. (GOOGL) Historical Data"
"2013-08-22 00:00:00-04:00","21.675564531509014","21.726481772969986","21.614714480963546","21.700651168823242","34761204","GOOGL","Alphabet Inc. (GOOGL) Historical Data"
"2013-08-23 00:00:00-04:00","21.802980931618468","21.807202422670365","21.602295411711022","21.613719940185547","43040916","GOOGL","Alphabet Inc. (GOOGL) Historical Data"
"2013-08-26 00:00:00-04:00","21.608506797594217","21.730208800209493","21.510397821135737","21.518842697143555","42057900","GOOGL","Alphabet Inc. (GOOGL) Historical Data"
"2013-08-27 00:00:00-04:00","21.35069514549883","21.452775732973382","21.05960153345295","21.1154842376709","69294636","GOOGL","Alphabet Inc. (GOOGL) Historical Data"
"2013-08-28 00:00:00-04:00","21.11796709681669","21.246126263148877","21.056369296029647","21.075742721557617","53142804","GOOGL","Alphabet Inc. (GOOGL) Historical Data"
"2013-08-29 00:00:00-04:00","21.08865693645444","21.369567818653334","21.076736430323972","21.246623992919922","59080860","GOOGL","Alphabet Inc. (GOOGL) Historical Data"
"2013-08-30 00:00:00-04:00","21.25481845767659","21.311447012786044","21.00147789323742","21.034759521484375","74389536","GOOGL","Alphabet Inc. (GOOGL) Historical Data"
"2013-09-03 00:00:00-04:00","21.220049476305494","21.513874740353565","21.209864891763097","21.369569778442383","81822096","GOOGL","Alphabet Inc. (GOOGL) Historical Data"
"2013-09-04 00:00:00-04:00","21.368821810298353","21.69543458938588","21.240166667848232","21.648988723754883","81566352","GOOGL","Alphabet Inc. (GOOGL) Historical Data"
"2013-09-05 00:00:00-04:00","21.69543503374029","21.853896177168146","21.648491296242543","21.845949172973633","51600348","GOOGL","Alphabet Inc. (GOOGL) Historical Data"
"2013-09-06 00:00:00-04:00","21.917479729811095","21.95076325230025","21.7013942877926","21.846446990966797","62401536","GOOGL","Alphabet Inc. (GOOGL) Historical Data"
"2013-09-09 00:00:00-04:00","21.949520197435646","22.099042385170726","21.916984426838663","22.05681800842285","49334616","GOOGL","Alphabet Inc. (GOOGL) Historical Data"
"2013-09-10 00:00:00-04:00","22.105747543507594","22.154925071631723","21.956225368633305","22.072216033935547","51452496","GOOGL","Alphabet Inc. (GOOGL) Historical Data"
"2013-09-11 00:00:00-04:00","22.068991986146546","22.27837039120094","22.007890156376007","22.258996963500977","64359576","GOOGL","Alphabet Inc. (GOOGL) Historical Data"
"2013-09-12 00:00:00-04:00","22.28904530486978","22.30146557433624","22.105499429709138","22.181251525878906","43776180","GOOGL","Alphabet Inc. (GOOGL) Historical Data"
"2013-09-13 00:00:00-04:00","22.217019529109155","22.246325762701392","21.977089294358127","22.082151412963867","52962984","GOOGL","Alphabet Inc. (GOOGL) Historical Data"
"2013-09-16 00:00:00-04:00","22.259244139389246","22.279113544285785","21.977837256187513","22.04961585998535","53406540","GOOGL","Alphabet Inc. (GOOGL) Historical Data"
"2013-09-17 00:00:00-04:00","22.040920439124378","22.065261214517868","21.881713443373265","22.00863265991211","50325624","GOOGL","Alphabet Inc. (GOOGL) Historical Data"
"2013-09-18 00:00:00-04:00","22.014594432794805","22.452228637341147","21.933127229781345","22.436084747314453","77310612","GOOGL","Alphabet Inc. (GOOGL) Historical Data"
"2013-09-19 00:00:00-04:00","22.50240180345805","22.50240180345805","22.23937450115442","22.313636779785156","63852084","GOOGL","Alphabet Inc. (GOOGL) Historical Data"
"2013-09-20 00:00:00-04:00","22.313637535648883","22.456204683815077","22.244838583758668","22.430870056152344","173638188","GOOGL","Alphabet Inc. (GOOGL) Historical Data"
"2013-09-23 00:00:00-04:00","22.257998511153957","22.393112713095658","21.986028505765994","22.01831817626953","71024904","GOOGL","Alphabet Inc. (GOOGL) Historical Data"
"2013-09-24 00:00:00-04:00","22.018320948049176","22.10773515915816","21.89164971136833","22.026765823364258","59412528","GOOGL","Alphabet Inc. (GOOGL) Historical Data"
"2013-09-25 00:00:00-04:00","22.01956370378721","22.01956370378721","21.74759554586936","21.7880802154541","65894040","GOOGL","Alphabet Inc. (GOOGL) Historical Data"
"2013-09-26 00:00:00-04:00","21.81465189740317","21.925179233288702","21.732688720240223","21.811424255371094","50345604","GOOGL","Alphabet Inc. (GOOGL) Historical Data"
"2013-09-27 00:00:00-04:00","21.72822089902421","21.79528392853608","21.641044261186146","21.7672176361084","50301648","GOOGL","Alphabet Inc. (GOOGL) Historical Data"
"2013-09-30 00:00:00-04:00","21.58565331831992","21.87774074066665","21.56652788179917","21.755292892456055","68827104","GOOGL","Alphabet Inc. (GOOGL) Historical Data"
"2013-10-01 00:00:00-04:00","21.863086951873235","22.04738059188155","21.858119600981308","22.030738830566406","67324608","GOOGL","Alphabet Inc. (GOOGL) Historical Data"
"2013-10-02 00:00:00-04:00","21.924683628622212","22.089355859770194","21.80273175246936","22.055328369140625","59752188","GOOGL","Alphabet Inc. (GOOGL) Historical Data"
"2013-10-03 00:00:00-04:00","22.055574738130492","22.207082720607257","21.66066089215971","21.759761810302734","84595320","GOOGL","Alphabet Inc. (GOOGL) Historical Data"
"2013-10-04 00:00:00-04:00","21.732691334624263","21.795033105994985","21.608505662825085","21.666873931884766","54265680","GOOGL","Alphabet Inc. (GOOGL) Historical Data"
"2013-10-07 00:00:00-04:00","21.545167445268085","21.70760397299561","21.462210419406844","21.502695083618164","51692256","GOOGL","Alphabet Inc. (GOOGL) Historical Data"
"2013-10-08 00:00:00-04:00","21.49226522240885","21.50865710124284","21.152240220398976","21.202909469604492","77670252","GOOGL","Alphabet Inc. (GOOGL) Historical Data"
"2013-10-09 00:00:00-04:00","21.267733902453394","21.42594704490063","20.9373975217096","21.257301330566406","105945948","GOOGL","Alphabet Inc. (GOOGL) Historical Data"
"2013-10-10 00:00:00-04:00","21.45550711107166","21.579444789712234","21.365347040495607","21.564790725708008","90121788","GOOGL","Alphabet Inc. (GOOGL) Historical Data"
"2013-10-11 00:00:00-04:00","21.509899907934","21.69493751743705","21.49176831969693","21.657930374145508","56299644","GOOGL","Alphabet Inc. (GOOGL) Historical Data"
"2013-10-14 00:00:00-04:00","21.525548515874977","21.763739060040773","21.494004700407064","21.76026153564453","49694256","GOOGL","Alphabet Inc. (GOOGL) Historical Data"
"2013-10-15 00:00:00-04:00","21.751569615631357","21.996713326188395","21.70785540940123","21.906803131103516","63612324","GOOGL","Alphabet Inc. (GOOGL) Historical Data"
"2013-10-16 00:00:00-04:00","22.002671113832083","22.312144247900555","21.95647323909706","22.3046932220459","80223696","GOOGL","Alphabet Inc. (GOOGL) Historical Data"
"2013-10-17 00:00:00-04:00","22.17951347371935","22.276626690733558","21.999193349480148","22.075197219848633","170093736","GOOGL","Alphabet Inc. (GOOGL) Historical Data"
"2013-10-18 00:00:00-04:00","24.255670364146056","25.221348796362843","24.191590776970244","25.120756149291992","462193344","GOOGL","Alphabet Inc. (GOOGL) Historical Data"
"2013-10-21 00:00:00-04:00","25.12199811807298","25.309273315508225","24.826185161409313","24.919326782226562","144986868","GOOGL","Alphabet Inc. (GOOGL) Historical Data"
"2013-10-22 00:00:00-04:00","24.961547423821283","25.16024524265406","24.73279561810002","25.011220932006836","88255656","GOOGL","Alphabet Inc. (GOOGL) Historical Data"
"2013-10-23 00:00:00-04:00","24.86219983592079","25.700461154606728","24.853009100590775","25.617504119873047","106421472","GOOGL","Alphabet Inc. (GOOGL) Historical Data"
"2013-10-24 00:00:00-04:00","25.628927555132638","25.845012997140707","25.453326779938283","25.471954345703125","83600316","GOOGL","Alphabet Inc. (GOOGL) Historical Data"
"2013-10-25 00:00:00-04:00","25.553174845668046","25.553174845668046","25.10411608194831","25.214889526367188","81138780","GOOGL","Alphabet Inc. (GOOGL) Historical Data"
"2013-10-28 00:00:00-04:00","25.214890141768873","25.419301188666843","25.159999396113626","25.209922790527344","46301652","GOOGL","Alphabet Inc. (GOOGL) Historical Data"
"2013-10-29 00:00:00-04:00","25.311753112064693","25.754852539918613","25.17266539674083","25.73746681213379","64135800","GOOGL","Alphabet Inc. (GOOGL) Historical Data"
"2013-10-30 00:00:00-04:00","25.76702170424746","25.769009401689434","25.483131183403888","25.592910766601562","52911036","GOOGL","Alphabet Inc. (GOOGL) Historical Data"
"2013-10-31 00:00:00-04:00","25.55590314675824","25.86860580941657","25.432709447706774","25.596885681152344","65534400","GOOGL","Alphabet Inc. (GOOGL) Historical Data"
"2013-11-01 00:00:00-04:00","25.626942913194316","25.731507168200828","25.46077896128883","25.50896453857422","51280668","GOOGL","Alphabet Inc. (GOOGL) Historical Data"
"2013-11-04 00:00:00-05:00","25.61973893530074","25.641348049199134","25.384529930240586","25.48586654663086","45506448","GOOGL","Alphabet Inc. (GOOGL) Historical Data"
"2013-11-05 00:00:00-05:00","25.342800366834524","25.62346135949381","25.27002602908234","25.37186050415039","47208744","GOOGL","Alphabet Inc. (GOOGL) Historical Data"
"2013-11-06 00:00:00-05:00","25.473200958556944","25.50797241858543","25.219114496422613","25.40241241455078","36479484","GOOGL","Alphabet Inc. (GOOGL) Historical Data"
"2013-11-07 00:00:00-05:00","25.398932629023754","25.431718278944444","25.027115834045826","25.03481674194336","67116816","GOOGL","Alphabet Inc. (GOOGL) Historical Data"
"2013-11-08 00:00:00-05:00","25.054686137208925","25.29685015901138","25.048476948935416","25.235502243041992","51580368","GOOGL","Alphabet Inc. (GOOGL) Historical Data"
"2013-11-11 00:00:00-05:00","25.07356310888737","25.233018089601952","25.03605809798988","25.100385665893555","44459496","GOOGL","Alphabet Inc. (GOOGL) Historical Data"
"2013-11-12 00:00:00-05:00","25.02860724598587","25.273502929079598","24.961546120391855","25.12994384765625","48675276","GOOGL","Alphabet Inc. (GOOGL) Historical Data"
"2013-11-13 00:00:00-05:00","25.005015502958777","25.653269977529654","24.998806313972114","25.643831253051758","63112824","GOOGL","Alphabet Inc. (GOOGL) Historical Data"
"2013-11-14 00:00:00-05:00","25.67984559231083","25.824646524950996","25.591175347643283","25.71238136291504","46621332","GOOGL","Alphabet Inc. (GOOGL) Historical Data"
"2013-11-15 00:00:00-05:00","25.703439915094155","25.781181607099427","25.590180906864106","25.670902252197266","51000948","GOOGL","Alphabet Inc. (GOOGL) Historical Data"
"2013-11-18 00:00:00-05:00","25.725297480468562","26.047934878685986","25.563606797948484","25.620981216430664","70317612","GOOGL","Alphabet Inc. (GOOGL) Historical Data"
"2013-11-19 00:00:00-05:00","25.62520122004401","25.70045923358347","25.409861644791736","25.4632625579834","45218736","GOOGL","Alphabet Inc. (GOOGL) Historical Data"
"2013-11-20 00:00:00-05:00","25.581238341997086","25.665933183781615","25.34304782405573","25.3914794921875","38509452","GOOGL","Alphabet Inc. (GOOGL) Historical Data"
"2013-11-21 00:00:00-05:00","25.50797197714181","25.788882889369138","25.483135220408432","25.68357276916504","43628328","GOOGL","Alphabet Inc. (GOOGL) Historical Data"
"2013-11-22 00:00:00-05:00","25.667424132277375","25.735727098750345","25.563107872542524","25.629423141479492","50117832","GOOGL","Alphabet Inc. (GOOGL) Historical Data"
"2013-11-25 00:00:00-05:00","25.760316616685916","26.15846001696541","25.707165583019687","25.978139877319336","64455480","GOOGL","Alphabet Inc. (GOOGL) Historical Data"
"2013-11-26 00:00:00-05:00","26.044458760169668","26.36486048912239","25.903879311810073","26.28811264038086","91360548","GOOGL","Alphabet Inc. (GOOGL) Historical Data"
"2013-11-27 00:00:00-05:00","26.378021740379502","26.526300187805266","26.32760237350255","26.40484619140625","44899056","GOOGL","Alphabet Inc. (GOOGL) Historical Data"
"2013-11-29 00:00:00-05:00","26.381252540620604","26.492025981097054","26.313941527854503","26.317419052124023","47664288","GOOGL","Alphabet Inc. (GOOGL) Historical Data"
"2013-12-02 00:00:00-05:00","26.414782594546814","26.485319357715426","26.098106394501254","26.190500259399414","54873072","GOOGL","Alphabet Inc. (GOOGL) Historical Data"
"2013-12-03 00:00:00-05:00","26.102827603528844","26.413046647800577","26.054891905524606","26.160202026367188","66976956","GOOGL","Alphabet Inc. (GOOGL) Historical Data"
"2013-12-04 00:00:00-05:00","26.113256527695867","26.426455204508194","26.079229037226405","26.282400131225586","47616336","GOOGL","Alphabet Inc. (GOOGL) Historical Data"
"2013-12-05 00:00:00-05:00","26.258058134406326","26.31915996128009","26.106304041723973","26.261537551879883","45302652","GOOGL","Alphabet Inc. (GOOGL) Historical Data"
"2013-12-06 00:00:00-05:00","26.570762379589834","26.575977719639695","26.329590289930213","26.5727481842041","57094848","GOOGL","Alphabet Inc. (GOOGL) Historical Data"
"2013-12-09 00:00:00-05:00","26.60056398710593","26.88172284812697","26.526795801273067","26.77815055847168","59244696","GOOGL","Alphabet Inc. (GOOGL) Historical Data"
"2013-12-10 00:00:00-05:00","26.72872600900337","27.130097041631444","26.716305738915676","26.940092086791992","74081844","GOOGL","Alphabet Inc. (GOOGL) Historical Data"
"2013-12-11 00:00:00-05:00","27.008144905655524","27.105508009581783","26.704384969835193","26.75704002380371","68403528","GOOGL","Alphabet Inc. (GOOGL) Historical Data"
"2013-12-12 00:00:00-05:00","26.813670115403077","26.897373009510876","26.551140690358668","26.574983596801758","63796140","GOOGL","Alphabet Inc. (GOOGL) Historical Data"
"2013-12-13 00:00:00-05:00","26.71009924965525","26.73220244702168","26.27519669284032","26.34722328186035","86409504","GOOGL","Alphabet Inc. (GOOGL) Historical Data"
"2013-12-16 00:00:00-05:00","26.42695149004309","26.692462445090186","26.377524078479382","26.64999008178711","64015920","GOOGL","Alphabet Inc. (GOOGL) Historical Data"
"2013-12-17 00:00:00-05:00","26.646016627120993","26.843224616733924","26.53573916873931","26.572498321533203","61366572","GOOGL","Alphabet Inc. (GOOGL) Historical Data"
"2013-12-18 00:00:00-05:00","26.621923909726064","26.94729485015612","26.303757899561703","26.94232749938965","88323588","GOOGL","Alphabet Inc. (GOOGL) Historical Data"
"2013-12-19 00:00:00-05:00","26.843473880669737","27.12215097918501","26.80149938620004","26.978839874267578","66561372","GOOGL","Alphabet Inc. (GOOGL) Historical Data"
"2013-12-20 00:00:00-05:00","27.030500721318177","27.35015656818817","27.02304780188808","27.336496353149414","130333536","GOOGL","Alphabet Inc. (GOOGL) Historical Data"
"2013-12-23 00:00:00-05:00","27.515823942151062","27.713527925707027","27.448266830579858","27.696142196655273","68795136","GOOGL","Alphabet Inc. (GOOGL) Historical Data"
"2013-12-24 00:00:00-05:00","27.692913144034502","27.69962020404151","27.522281599921666","27.61517333984375","29338632","GOOGL","Alphabet Inc. (GOOGL) Historical Data"
"2013-12-26 00:00:00-05:00","27.669070133150637","27.79300781788561","27.536935561675136","27.754758834838867","53458488","GOOGL","Alphabet Inc. (GOOGL) Historical Data"
"2013-12-27 00:00:00-05:00","27.81784548355024","27.824798639193084","27.642492690956548","27.778104782104492","62725212","GOOGL","Alphabet Inc. (GOOGL) Historical Data"
"2013-12-30 00:00:00-05:00","27.826289191503047","27.830262693567303","27.545130318902974","27.55605697631836","49394556","GOOGL","Alphabet Inc. (GOOGL) Historical Data"
"2013-12-31 00:00:00-05:00","27.62510370752918","27.84267895841385","27.476575385323297","27.83547592163086","54261684","GOOGL","Alphabet Inc. (GOOGL) Historical Data"
"2014-01-02 00:00:00-05:00","27.70507959205754","27.761958027367644","27.526251186612413","27.646961212158203","72783144","GOOGL","Alphabet Inc. (GOOGL) Historical Data"
"2014-01-03 00:00:00-05:00","27.693657114170968","27.741592807625146","27.44354607417178","27.445283889770508","66601332","GOOGL","Alphabet Inc. (GOOGL) Historical Data"
"2014-01-06 00:00:00-05:00","27.644231903289892","27.78952881194028","27.481049502307886","27.751279830932617","70701228","GOOGL","Alphabet Inc. (GOOGL) Historical Data"
"2014-01-07 00:00:00-05:00","27.942029371211234","28.306891126408836","27.846653965477202","28.28627586364746","102001896","GOOGL","Alphabet Inc. (GOOGL) Historical Data"
"2014-01-08 00:00:00-05:00","28.463616717805294","28.496402371085058","28.147934359974027","28.345142364501953","89610300","GOOGL","Alphabet Inc. (GOOGL) Historical Data"
"2014-01-09 00:00:00-05:00","28.40003253438591","28.41940596061591","27.955941129976885","28.072179794311523","83296620","GOOGL","Alphabet Inc. (GOOGL) Historical Data"
"2014-01-10 00:00:00-05:00","28.29174103404883","28.29174103404883","27.873726355107376","28.070688247680664","85654260","GOOGL","Alphabet Inc. (GOOGL) Historical Data"
"2014-01-13 00:00:00-05:00","27.97853970088695","28.486214667578928","27.747552219537596","27.89185905456543","96659244","GOOGL","Alphabet Inc. (GOOGL) Historical Data"
"2014-01-14 00:00:00-05:00","28.263672968530482","28.587802069853026","28.018777276286585","28.54806137084961","99204696","GOOGL","Alphabet Inc. (GOOGL) Historical Data"
"2014-01-15 00:00:00-05:00","28.63722807527722","28.687151465547192","28.408724257996877","28.528688430786133","77929992","GOOGL","Alphabet Inc. (GOOGL) Historical Data"
"2014-01-16 00:00:00-05:00","28.540612289794883","28.75992538343145","28.51329185883674","28.71745491027832","67288644","GOOGL","Alphabet Inc. (GOOGL) Historical Data"
"2014-01-17 00:00:00-05:00","28.733101238116216","28.826986824859688","28.418910599596195","28.576129913330078","107943948","GOOGL","Alphabet Inc. (GOOGL) Historical Data"
"2014-01-21 00:00:00-05:00","28.8344393581494","28.91069123095149","28.59525684512065","28.903240203857422","79116804","GOOGL","Alphabet Inc. (GOOGL) Historical Data"
"2014-01-22 00:00:00-05:00","28.975514531436065","29.007306335230343","28.783025893028913","28.936023712158203","62793144","GOOGL","Alphabet Inc. (GOOGL) Historical Data"
"2014-01-23 00:00:00-05:00","28.811340024450175","28.8731839230341","28.67150455043513","28.813823699951172","77886036","GOOGL","Alphabet Inc. (GOOGL) Historical Data"
"2014-01-24 00:00:00-05:00","28.58805037176734","28.651137998570924","27.892356233547435","27.91297149658203","155544300","GOOGL","Alphabet Inc. (GOOGL) Historical Data"
"2014-01-27 00:00:00-05:00","27.969352791470705","27.979287493327416","26.88073057566881","27.351646423339844","173969856","GOOGL","Alphabet Inc. (GOOGL) Historical Data"
"2014-01-28 00:00:00-05:00","27.57741846204335","27.960659806960713","27.567979738101982","27.89260482788086","88319592","GOOGL","Alphabet Inc. (GOOGL) Historical Data"
"2014-01-29 00:00:00-05:00","27.795985467403668","27.86130688408122","27.306690082002678","27.492969512939453","95100804","GOOGL","Alphabet Inc. (GOOGL) Historical Data"
"2014-01-30 00:00:00-05:00","28.438778814017905","28.624810270994665","27.9979150608304","28.200090408325195","203452344","GOOGL","Alphabet Inc. (GOOGL) Historical Data"
"2014-01-31 00:00:00-05:00","29.093243618907675","29.47052378101869","28.59103192562968","29.33218002319336","222429348","GOOGL","Alphabet Inc. (GOOGL) Historical Data"
"2014-02-03 00:00:00-05:00","29.28821696746161","29.350806725675803","28.11614172871138","28.151411056518555","182581236","GOOGL","Alphabet Inc. (GOOGL) Historical Data"
"2014-02-04 00:00:00-05:00","28.26466890393601","28.687153095631235","28.24033001931696","28.268892288208008","112363524","GOOGL","Alphabet Inc. (GOOGL) Historical Data"
"2014-02-05 00:00:00-05:00","28.398541044512946","28.582088818972945","28.017039421235335","28.39406967163086","95684220","GOOGL","Alphabet Inc. (GOOGL) Historical Data"
"2014-02-06 00:00:00-05:00","28.591031617045005","28.815313954469303","28.50211338252559","28.810346603393555","77786136","GOOGL","Alphabet Inc. (GOOGL) Historical Data"
"2014-02-07 00:00:00-05:00","29.000849152852407","29.255927549992627","28.82524837213977","29.244503021240234","105342552","GOOGL","Alphabet Inc. (GOOGL) Historical Data"
"2014-02-10 00:00:00-05:00","29.104420066676962","29.36769724787999","29.035373128979593","29.132488250732422","77730192","GOOGL","Alphabet Inc. (GOOGL) Historical Data"
"2014-02-11 00:00:00-05:00","29.312309040905912","29.602904745468045","29.114603176071995","29.560930252075195","81949968","GOOGL","Alphabet Inc. (GOOGL) Historical Data"
"2014-02-12 00:00:00-05:00","29.531621394232655","29.55645814792819","29.34236040915502","29.474246978759766","68911020","GOOGL","Alphabet Inc. (GOOGL) Historical Data"
"2014-02-13 00:00:00-05:00","29.32671389073591","29.802350997924805","29.299641449312222","29.802350997924805","73382544","GOOGL","Alphabet Inc. (GOOGL) Historical Data"
"2014-02-14 00:00:00-05:00","29.695797768399043","29.91387091706865","29.626004971319684","29.874378204345703","87380532","GOOGL","Alphabet Inc. (GOOGL) Historical Data"
"2014-02-18 00:00:00-05:00","29.839854710194047","30.124491120280553","29.804833370689256","30.075063705444336","84271644","GOOGL","Alphabet Inc. (GOOGL) Historical Data"
"2014-02-19 00:00:00-05:00","29.93646958317368","30.033832685356792","29.742737227552322","29.862951278686523","84059856","GOOGL","Alphabet Inc. (GOOGL) Historical Data"
"2014-02-20 00:00:00-05:00","29.88282097047029","29.97596068964999","29.81029651402645","29.90691375732422","67963968","GOOGL","Alphabet Inc. (GOOGL) Historical Data"
"2014-02-21 00:00:00-05:00","29.998812617316595","30.04997784591155","29.875370918847615","29.89896583557129","74417508","GOOGL","Alphabet Inc. (GOOGL) Historical Data"
"2014-02-24 00:00:00-05:00","29.9379587183629","30.30555212535448","29.931501541238212","30.11554718017578","66905028","GOOGL","Alphabet Inc. (GOOGL) Historical Data"
"2014-02-25 00:00:00-05:00","30.200737898128573","30.41334580209729","30.063635994139343","30.301578521728516","57490452","GOOGL","Alphabet Inc. (GOOGL) Historical Data"
"2014-02-26 00:00:00-05:00","30.400928809182524","30.52213481832575","30.146594391820933","30.305801391601562","79208712","GOOGL","Alphabet Inc. (GOOGL) Historical Data"
"2014-02-27 00:00:00-05:00","30.261592258987484","30.40664307129706","30.227316780245104","30.281959533691406","50349600","GOOGL","Alphabet Inc. (GOOGL) Historical Data"
"2014-02-28 00:00:00-05:00","30.310027229851375","30.40565063303443","29.95932352881819","30.193540573120117","92451456","GOOGL","Alphabet Inc. (GOOGL) Historical Data"
"2014-03-03 00:00:00-05:00","29.97248368904154","29.999556127876644","29.609607755340207","29.87164306640625","84107808","GOOGL","Alphabet Inc. (GOOGL) Historical Data"
"2014-03-04 00:00:00-05:00","30.177393233520128","30.20222998812004","30.040789190175303","30.17515754699707","58649292","GOOGL","Alphabet Inc. (GOOGL) Historical Data"
"2014-03-05 00:00:00-05:00","30.178634321684527","30.378079892522138","30.08822626553199","30.25836181640625","49362588","GOOGL","Alphabet Inc. (GOOGL) Historical Data"
"2014-03-06 00:00:00-05:00","30.358210185152316","30.45433145696977","30.266808275447694","30.291894912719727","50673276","GOOGL","Alphabet Inc. (GOOGL) Historical Data"
"2014-03-07 00:00:00-05:00","30.470472962249303","30.475192323992633","30.08897134435532","30.172176361083984","60543396","GOOGL","Alphabet Inc. (GOOGL) Historical Data"
"2014-03-10 00:00:00-04:00","30.194531707527574","30.24296527322125","29.906417774976653","30.09220314025879","48535416","GOOGL","Alphabet Inc. (GOOGL) Historical Data"
"2014-03-11 00:00:00-04:00","30.14684331145167","30.160503526501245","29.721379482099284","29.804584503173828","68451480","GOOGL","Alphabet Inc. (GOOGL) Historical Data"
"2014-03-12 00:00:00-04:00","29.71541872513682","29.999807142132994","29.412154752945423","29.986146926879883","78493428","GOOGL","Alphabet Inc. (GOOGL) Historical Data"
"2014-03-13 00:00:00-04:00","30.002289592037695","30.065625207760206","29.42631163705874","29.533111572265625","93730176","GOOGL","Alphabet Inc. (GOOGL) Historical Data"
"2014-03-14 00:00:00-04:00","29.357513046541094","29.578069875216315","29.12255203527577","29.129257202148438","91664244","GOOGL","Alphabet Inc. (GOOGL) Historical Data"
"2014-03-17 00:00:00-04:00","29.289457919400032","29.73205947966193","29.26114174799836","29.608617782592773","86397516","GOOGL","Alphabet Inc. (GOOGL) Historical Data"
"2014-03-18 00:00:00-04:00","29.672449667025102","30.091208325996675","29.632460977992938","30.084501266479492","72527400","GOOGL","Alphabet Inc. (GOOGL) Historical Data"
"2014-03-19 00:00:00-04:00","30.097916065740876","30.102635428090835","29.665995025832743","29.78620719909668","64451484","GOOGL","Alphabet Inc. (GOOGL) Historical Data"
"2014-03-20 00:00:00-04:00","29.803591725238217","30.043521977211057","29.68958874571029","29.734296798706055","67320612","GOOGL","Alphabet Inc. (GOOGL) Historical Data"
"2014-03-21 00:00:00-04:00","29.96156022896077","30.04401939709864","29.368940447865523","29.383594512939453","128211660","GOOGL","Alphabet Inc. (GOOGL) Historical Data"
"2014-03-24 00:00:00-04:00","29.412153758123456","29.42978747497197","28.462373183678775","28.759923934936523","121362516","GOOGL","Alphabet Inc. (GOOGL) Historical Data"
"2014-03-25 00:00:00-04:00","28.96035903575684","29.055734435413488","28.488451280935525","28.779544830322266","96311592","GOOGL","Alphabet Inc. (GOOGL) Historical Data"
"2014-03-26 00:00:00-04:00","28.861264053586673","29.09871064587063","28.103477933000313","28.115150451660156","103096800","GOOGL","Alphabet Inc. (GOOGL) Historical Data"
"2014-03-27 00:00:00-04:00","28.087329260247703","28.11440170140781","27.373255527112757","27.6757755279541","152735112","GOOGL","Alphabet Inc. (GOOGL) Historical Data"
"2014-03-28 00:00:00-04:00","27.79300718815183","28.145450593463668","27.76245722158799","27.821571350097656","90265644","GOOGL","Alphabet Inc. (GOOGL) Historical Data"
"2014-03-31 00:00:00-04:00","28.0761519945231","28.190402955929855","27.640255603698424","27.681486129760742","77614308","GOOGL","Alphabet Inc. (GOOGL) Historical Data"
"2014-04-01 00:00:00-04:00","27.824551502144082","28.252499030652935","27.768170930172644","28.18767547607422","87152760","GOOGL","Alphabet Inc. (GOOGL) Historical Data"
"2014-04-02 00:00:00-04:00","28.361781971536853","28.43381045048212","27.91719272098594","28.192888259887695","83360556","GOOGL","Alphabet Inc. (GOOGL) Historical Data"
"2014-04-03 00:00:00-04:00","28.454504884839626","29.194414865714162","28.088272567854258","28.360713958740234","80366000","GOOGL","Alphabet Inc. (GOOGL) Historical Data"
"2014-04-04 00:00:00-04:00","28.710572898812533","28.7686344959624","27.020344547783136","27.058059692382812","107274000","GOOGL","Alphabet Inc. (GOOGL) Historical Data"
"2014-04-07 00:00:00-04:00","27.035231054555044","27.286334065191472","26.327578492249064","26.82879066467285","79232000","GOOGL","Alphabet Inc. (GOOGL) Historical Data"
"2014-04-08 00:00:00-04:00","27.04813274628707","27.78407115782867","27.03076405533485","27.666460037231445","69650000","GOOGL","Alphabet Inc. (GOOGL) Historical Data"
"2014-04-09 00:00:00-04:00","28.079837601868196","28.177102274064996","27.560758876481295","28.139387130737305","60632000","GOOGL","Alphabet Inc. (GOOGL) Historical Data"
"2014-04-10 00:00:00-04:00","28.187028603712633","28.197449818994837","27.07046495564531","27.129518508911133","65890000","GOOGL","Alphabet Inc. (GOOGL) Historical Data"
"2014-04-11 00:00:00-04:00","26.695296515129208","27.17417828306392","26.469999518867954","26.686365127563477","63494000","GOOGL","Alphabet Inc. (GOOGL) Historical Data"
"2014-04-14 00:00:00-04:00","26.97915218196204","27.44364111310792","26.823328058496106","27.055574417114258","50824000","GOOGL","Alphabet Inc. (GOOGL) Historical Data"
"2014-04-15 00:00:00-04:00","27.34340068889073","27.437193513751794","26.333035060000952","27.229263305664062","79956000","GOOGL","Alphabet Inc. (GOOGL) Historical Data"
"2014-04-16 00:00:00-04:00","27.67588960804663","27.98852794175641","27.447614840659654","27.983564376831055","91644000","GOOGL","Alphabet Inc. (GOOGL) Historical Data"
"2014-04-17 00:00:00-04:00","27.607405353206246","27.64115077796785","26.767748915297492","26.963272094726562","112294000","GOOGL","Alphabet Inc. (GOOGL) Historical Data"
"2014-04-21 00:00:00-04:00","26.99602664569986","26.99602664569986","26.49977616980865","26.76626205444336","48502000","GOOGL","Alphabet Inc. (GOOGL) Historical Data"
"2014-04-22 00:00:00-04:00","26.599024848107195","27.194525799969814","26.599024848107195","27.070463180541992","46622000","GOOGL","Alphabet Inc. (GOOGL) Historical Data"
"2014-04-23 00:00:00-04:00","26.97965059328205","27.03572638356851","26.208476910189212","26.673959732055664","39114000","GOOGL","Alphabet Inc. (GOOGL) Historical Data"
"2014-04-24 00:00:00-04:00","26.881389160592416","26.921586081865385","26.350897324755238","26.521608352661133","41348000","GOOGL","Alphabet Inc. (GOOGL) Historical Data"
"2014-04-25 00:00:00-04:00","26.413429849589072","26.49282985348657","25.929088500682543","25.958864212036133","47400000","GOOGL","Alphabet Inc. (GOOGL) Historical Data"
"2014-04-28 00:00:00-04:00","26.092850938571445","26.097812610391845","25.358398568160048","25.95290756225586","75056000","GOOGL","Alphabet Inc. (GOOGL) Historical Data"
"2014-04-29 00:00:00-04:00","25.99806500694677","26.686364901622696","25.953898368215977","26.615400314331055","50704000","GOOGL","Alphabet Inc. (GOOGL) Historical Data"
"2014-04-30 00:00:00-04:00","26.555358536891386","26.6159000255278","26.256119153094012","26.543447494506836","40770000","GOOGL","Alphabet Inc. (GOOGL) Historical Data"
"2014-05-01 00:00:00-04:00","26.512179159517427","26.79305784518903","26.44320037921561","26.72457504272461","40086000","GOOGL","Alphabet Inc. (GOOGL) Historical Data"
"2014-05-02 00:00:00-04:00","26.868987803732633","26.916628185319922","26.463550475380373","26.49332618713379","35616000","GOOGL","Alphabet Inc. (GOOGL) Historical Data"
"2014-05-05 00:00:00-04:00","26.31318400354055","26.585129427125167","26.18118195427978","26.565776824951172","24568000","GOOGL","Alphabet Inc. (GOOGL) Historical Data"
"2014-05-06 00:00:00-04:00","26.470495277600403","26.527068934911206","25.91717708133556","25.932559967041016","36700000","GOOGL","Alphabet Inc. (GOOGL) Historical Data"
"2014-05-07 00:00:00-04:00","25.96630463798371","26.024862205017346","25.36286430013706","25.705772399902344","61486000","GOOGL","Alphabet Inc. (GOOGL) Historical Data"
"2014-05-08 00:00:00-04:00","25.592628092535943","26.16976837853349","25.530100807013074","25.813459396362305","49040000","GOOGL","Alphabet Inc. (GOOGL) Historical Data"
"2014-05-09 00:00:00-04:00","25.73803282284482","26.16977022456145","25.5211712196683","26.133543014526367","45224000","GOOGL","Alphabet Inc. (GOOGL) Historical Data"
"2014-05-12 00:00:00-04:00","26.392580995567315","26.73549096950474","26.177705233338298","26.7196102142334","38968000","GOOGL","Alphabet Inc. (GOOGL) Historical Data"
"2014-05-13 00:00:00-04:00","26.77668247719835","26.995527976500107","26.693312763178632","26.873947143554688","40240000","GOOGL","Alphabet Inc. (GOOGL) Historical Data"
"2014-05-14 00:00:00-04:00","26.88784279671846","26.88784279671846","26.455609436383796","26.520122528076172","25618000","GOOGL","Alphabet Inc. (GOOGL) Historical Data"
"2014-05-15 00:00:00-04:00","26.45709750262894","26.499776209735813","26.068532909945432","26.257604598999023","36658000","GOOGL","Alphabet Inc. (GOOGL) Historical Data"
"2014-05-16 00:00:00-04:00","26.28142442133585","26.342959752178004","25.982185070071097","26.2169132232666","38154000","GOOGL","Alphabet Inc. (GOOGL) Historical Data"
"2014-05-19 00:00:00-04:00","26.2456951182063","26.76526979984977","26.085903163394118","26.739463806152344","39530000","GOOGL","Alphabet Inc. (GOOGL) Historical Data"
"2014-05-20 00:00:00-04:00","26.797524777636596","27.11264298606333","26.627311612326466","26.816879272460938","48506000","GOOGL","Alphabet Inc. (GOOGL) Historical Data"
"2014-05-21 00:00:00-04:00","26.941438234308965","27.281368591728203","26.902233266262584","27.278888702392578","31294000","GOOGL","Alphabet Inc. (GOOGL) Historical Data"
"2014-05-22 00:00:00-04:00","27.402950085569103","27.688790446928454","27.34339866937888","27.56422996520996","42994000","GOOGL","Alphabet Inc. (GOOGL) Historical Data"
"2014-05-23 00:00:00-04:00","27.6972267786087","28.038150980816294","27.500711641946154","27.978601455688477","53450000","GOOGL","Alphabet Inc. (GOOGL) Historical Data"
"2014-05-27 00:00:00-04:00","28.176112655973817","28.5279541015625","27.995974227698085","28.5279541015625","43716000","GOOGL","Alphabet Inc. (GOOGL) Historical Data"
"2014-05-28 00:00:00-04:00","28.51306356683819","28.666404022841203","28.283794956594235","28.30860710144043","31632000","GOOGL","Alphabet Inc. (GOOGL) Historical Data"
"2014-05-29 00:00:00-04:00","28.454503365124335","28.458969058591922","28.20935591350958","28.314064025878906","28222000","GOOGL","Alphabet Inc. (GOOGL) Historical Data"
"2014-05-30 00:00:00-04:00","28.367664269901958","28.414310802165435","28.077356289086833","28.368160247802734","37434000","GOOGL","Alphabet Inc. (GOOGL) Historical Data"
"2014-06-02 00:00:00-04:00","28.273871405501787","28.30662487736569","27.626264353270972","28.005399703979492","33210000","GOOGL","Alphabet Inc. (GOOGL) Historical Data"
"2014-06-03 00:00:00-04:00","27.834687854746058","27.909126179567178","27.41932533400383","27.5175838470459","40626000","GOOGL","Alphabet Inc. (GOOGL) Historical Data"
"2014-06-04 00:00:00-04:00","27.36920423288396","27.71955767643788","27.222313392179345","27.480363845825195","34582000","GOOGL","Alphabet Inc. (GOOGL) Historical Data"
"2014-06-05 00:00:00-04:00","27.646608900189403","28.03815124360022","27.544382561486845","28.034677505493164","35868000","GOOGL","Alphabet Inc. (GOOGL) Historical Data"
"2014-06-06 00:00:00-04:00","28.19496588043869","28.2267254996361","27.769182155703554","28.089263916015625","34804000","GOOGL","Alphabet Inc. (GOOGL) Historical Data"
"2014-06-09 00:00:00-04:00","28.124993159739287","28.38552539658035","28.04906690339803","28.32250213623047","30594000","GOOGL","Alphabet Inc. (GOOGL) Historical Data"
"2014-06-10 00:00:00-04:00","28.225734037594965","28.385527888865056","28.09422796303086","28.201915740966797","29676000","GOOGL","Alphabet Inc. (GOOGL) Historical Data"
"2014-06-11 00:00:00-04:00","28.083808137180842","28.235164692798747","27.972648508570852","28.162216186523438","22580000","GOOGL","Alphabet Inc. (GOOGL) Historical Data"
"2014-06-12 00:00:00-04:00","28.13740084961336","28.13740084961336","27.64859385424042","27.765213012695312","30930000","GOOGL","Alphabet Inc. (GOOGL) Historical Data"
"2014-06-13 00:00:00-04:00","27.793995053472553","27.822280935509195","27.47838087124828","27.80739402770996","27066000","GOOGL","Alphabet Inc. (GOOGL) Historical Data"
"2014-06-16 00:00:00-04:00","27.65355858484289","27.69028177335537","27.293777726574405","27.407915115356445","39436000","GOOGL","Alphabet Inc. (GOOGL) Historical Data"
"2014-06-17 00:00:00-04:00","27.410890473405903","27.479373279282036","27.168224785666805","27.324542999267578","29552000","GOOGL","Alphabet Inc. (GOOGL) Historical Data"
"2014-06-18 00:00:00-04:00","27.432724302892833","27.85949999328828","27.372182823170434","27.822778701782227","41212000","GOOGL","Alphabet Inc. (GOOGL) Historical Data"
"2014-06-19 00:00:00-04:00","27.847095261330843","28.03815085456807","27.62477413251862","28.037654876708984","52548000","GOOGL","Alphabet Inc. (GOOGL) Historical Data"
"2014-06-20 00:00:00-04:00","28.110108872842883","28.125987737347717","27.758763439560962","28.113582611083984","63212000","GOOGL","Alphabet Inc. (GOOGL) Historical Data"
"2014-06-23 00:00:00-04:00","28.00589756527353","28.506613757935206","27.963714834185108","28.499170303344727","34456000","GOOGL","Alphabet Inc. (GOOGL) Historical Data"
"2014-06-24 00:00:00-04:00","28.495694619991053","28.894182546695795","28.244591627426882","28.412324905395508","56886000","GOOGL","Alphabet Inc. (GOOGL) Historical Data"
"2014-06-25 00:00:00-04:00","28.462445637049097","29.144790037071672","28.448054706515506","29.07680320739746","42294000","GOOGL","Alphabet Inc. (GOOGL) Historical Data"
"2014-06-26 00:00:00-04:00","29.244042372287968","29.25892928164367","28.762678777302174","29.019241333007812","40248000","GOOGL","Alphabet Inc. (GOOGL) Historical Data"
"2014-06-27 00:00:00-04:00","29.05298458807666","29.1735734746141","28.91254712027135","29.064895629882812","40426000","GOOGL","Alphabet Inc. (GOOGL) Historical Data"
"2014-06-30 00:00:00-04:00","29.117990759508835","29.165135158043864","28.945791792742853","29.01427459716797","29578000","GOOGL","Alphabet Inc. (GOOGL) Historical Data"
"2014-07-01 00:00:00-04:00","29.162156837086155","29.46040421509608","29.094667882707313","29.35271644592285","32864000","GOOGL","Alphabet Inc. (GOOGL) Historical Data"
"2014-07-02 00:00:00-04:00","29.390932183761088","29.48472311683439","29.234612068926875","29.317485809326172","23916000","GOOGL","Alphabet Inc. (GOOGL) Historical Data"
"2014-07-03 00:00:00-04:00","29.36314255169342","29.48968696517342","29.22915657629756","29.431625366210938","17978000","GOOGL","Alphabet Inc. (GOOGL) Historical Data"
"2014-07-07 00:00:00-04:00","29.452961713474263","29.55915776646382","29.17654870985078","29.316492080688477","26734000","GOOGL","Alphabet Inc. (GOOGL) Historical Data"
"2014-07-08 00:00:00-04:00","29.09863896625863","29.178038964759853","28.484777384731593","28.703126907348633","42504000","GOOGL","Alphabet Inc. (GOOGL) Historical Data"
"2014-07-09 00:00:00-04:00","28.730422825415353","28.985991529145217","28.63365412969328","28.949268341064453","27456000","GOOGL","Alphabet Inc. (GOOGL) Historical Data"
"2014-07-10 00:00:00-04:00","28.435151956406628","29.043059926621165","28.390489337750235","28.784513473510742","28724000","GOOGL","Alphabet Inc. (GOOGL) Historical Data"
"2014-07-11 00:00:00-04:00","28.832150849051303","29.190941611165563","28.81130842068403","29.112533569335938","30232000","GOOGL","Alphabet Inc. (GOOGL) Historical Data"
"2014-07-14 00:00:00-04:00","29.30855462259173","29.519956680136342","29.114519363430915","29.49018096923828","39032000","GOOGL","Alphabet Inc. (GOOGL) Historical Data"
"2014-07-15 00:00:00-04:00","29.534345894881135","29.541789348911752","29.046034865583657","29.43062973022461","33476000","GOOGL","Alphabet Inc. (GOOGL) Historical Data"
"2014-07-16 00:00:00-04:00","29.620692090153927","29.626151632498125","29.29118296426671","29.30954360961914","28816000","GOOGL","Alphabet Inc. (GOOGL) Historical Data"
"2014-07-17 00:00:00-04:00","29.227664672877257","29.25396664538121","28.62621008096624","28.82322120666504","58706000","GOOGL","Alphabet Inc. (GOOGL) Historical Data"
"2014-07-18 00:00:00-04:00","29.924398102344497","30.107514263192872","29.32443148264661","30.02861213684082","97432000","GOOGL","Alphabet Inc. (GOOGL) Historical Data"
"2014-07-21 00:00:00-04:00","29.842019931865952","29.981467322773508","29.499607803389406","29.697612762451172","44758000","GOOGL","Alphabet Inc. (GOOGL) Historical Data"
"2014-07-22 00:00:00-04:00","29.760142835454616","30.216196404978753","29.738306556659794","29.952190399169922","37632000","GOOGL","Alphabet Inc. (GOOGL) Historical Data"
"2014-07-23 00:00:00-04:00","29.876759097742326","30.12488432147026","29.84201982481881","30.032581329345703","22120000","GOOGL","Alphabet Inc. (GOOGL) Historical Data"
"2014-07-24 00:00:00-04:00","30.049452971045024","30.217184344183963","29.824650072496482","29.924396514892578","27100000","GOOGL","Alphabet Inc. (GOOGL) Historical Data"
"2014-07-25 00:00:00-04:00","29.737810130024894","29.824653586860304","29.56412321635407","29.67974853515625","27200000","GOOGL","Alphabet Inc. (GOOGL) Historical Data"
"2014-07-28 00:00:00-04:00","29.66337519800798","29.829618665678982","29.407308615514033","29.726398468017578","27162000","GOOGL","Alphabet Inc. (GOOGL) Historical Data"
"2014-07-29 00:00:00-04:00","29.66089213703365","29.700095214120584","29.386464918288926","29.47479820251465","27332000","GOOGL","Alphabet Inc. (GOOGL) Historical Data"
"2014-07-30 00:00:00-04:00","29.567099111299004","29.698109201643742","29.412764810291357","29.548736572265625","24302000","GOOGL","Alphabet Inc. (GOOGL) Historical Data"
"2014-07-31 00:00:00-04:00","29.22716935884622","29.377533956762004","28.667399613479198","28.76019859313965","46190000","GOOGL","Alphabet Inc. (GOOGL) Historical Data"
"2014-08-01 00:00:00-04:00","28.71056920567768","28.95273890740109","28.301162210836754","28.46492576599121","44266000","GOOGL","Alphabet Inc. (GOOGL) Historical Data"
"2014-08-04 00:00:00-04:00","28.60933556475889","28.972094148854403","28.398429499263603","28.89517593383789","30388000","GOOGL","Alphabet Inc. (GOOGL) Historical Data"
"2014-08-05 00:00:00-04:00","28.751759178956114","28.7924520803726","28.301659267098515","28.44209861755371","32876000","GOOGL","Alphabet Inc. (GOOGL) Historical Data"
"2014-08-06 00:00:00-04:00","28.261464978233857","28.71503674704431","28.159732722022966","28.50909423828125","26456000","GOOGL","Alphabet Inc. (GOOGL) Historical Data"
"2014-08-07 00:00:00-04:00","28.58650873074527","28.69866220267958","28.257991533243228","28.3760986328125","23260000","GOOGL","Alphabet Inc. (GOOGL) Historical Data"
"2014-08-08 00:00:00-04:00","28.38651994265041","28.760693609228877","28.23764517646085","28.680299758911133","29866000","GOOGL","Alphabet Inc. (GOOGL) Historical Data"
"2014-08-11 00:00:00-04:00","28.732902474092956","28.767143877086617","28.54928844037076","28.64605712890625","24068000","GOOGL","Alphabet Inc. (GOOGL) Historical Data"
"2014-08-12 00:00:00-04:00","28.53440446831375","28.579067090159885","28.28181351779657","28.3914852142334","27890000","GOOGL","Alphabet Inc. (GOOGL) Historical Data"
"2014-08-13 00:00:00-04:00","28.60635813873358","29.08672784437252","28.54432683091944","29.008817672729492","37988000","GOOGL","Alphabet Inc. (GOOGL) Historical Data"
"2014-08-14 00:00:00-04:00","29.114520984393227","29.169604822141952","28.828184602292765","29.013286590576172","25458000","GOOGL","Alphabet Inc. (GOOGL) Historical Data"
"2014-08-15 00:00:00-04:00","29.154714477048064","29.252475120866613","28.82024177356872","28.96663475036621","34468000","GOOGL","Alphabet Inc. (GOOGL) Historical Data"
"2014-08-18 00:00:00-04:00","29.13486266967256","29.52938275103413","29.107568744224174","29.412763595581055","29320000","GOOGL","Alphabet Inc. (GOOGL) Historical Data"
"2014-08-19 00:00:00-04:00","29.556180587452342","29.666348251563456","29.499112843925406","29.631610870361328","20864000","GOOGL","Alphabet Inc. (GOOGL) Historical Data"
"2014-08-20 00:00:00-04:00","29.62367107804712","29.62565688253964","29.42765191905073","29.54724884033203","19346000","GOOGL","Alphabet Inc. (GOOGL) Historical Data"
"2014-08-21 00:00:00-04:00","29.521941129212905","29.53930981984459","29.333365421607965","29.39887046813965","22640000","GOOGL","Alphabet Inc. (GOOGL) Historical Data"
"2014-08-22 00:00:00-04:00","29.44105243418065","29.526407957010917","29.268853454856817","29.404827117919922","17544000","GOOGL","Alphabet Inc. (GOOGL) Historical Data"
"2014-08-25 00:00:00-04:00","29.515490241333136","29.555685273029123","29.242054986388858","29.307064056396484","25912000","GOOGL","Alphabet Inc. (GOOGL) Historical Data"
"2014-08-26 00:00:00-04:00","29.37802936478187","29.380511147282736","29.152234483337846","29.185483932495117","29434000","GOOGL","Alphabet Inc. (GOOGL) Historical Data"
"2014-08-27 00:00:00-04:00","29.17009818424526","29.247514272729983","28.82719006138889","28.9314022064209","27292000","GOOGL","Alphabet Inc. (GOOGL) Historical Data"
"2014-08-28 00:00:00-04:00","28.783519706676024","29.016262059448714","28.67732175596437","28.79840850830078","28116000","GOOGL","Alphabet Inc. (GOOGL) Historical Data"
"2014-08-29 00:00:00-04:00","28.899145059139244","28.926438985144443","28.695186473917545","28.899641036987305","24122000","GOOGL","Alphabet Inc. (GOOGL) Historical Data"
"2014-09-02 00:00:00-04:00","28.928923753901092","29.244043900733203","28.901631716337693","29.21079444885254","31660000","GOOGL","Alphabet Inc. (GOOGL) Historical Data"
"2014-09-03 00:00:00-04:00","29.364628884861474","29.501594497601047","29.105090482713532","29.25495719909668","31580000","GOOGL","Alphabet Inc. (GOOGL) Historical Data"
"2014-09-04 00:00:00-04:00","29.384480560958018","29.675778595844854","29.308554297403504","29.434600830078125","32616000","GOOGL","Alphabet Inc. (GOOGL) Historical Data"
"2014-09-05 00:00:00-04:00","29.53335750123625","29.700592927300246","29.45494944943592","29.66486358642578","35982000","GOOGL","Alphabet Inc. (GOOGL) Historical Data"
"2014-09-08 00:00:00-04:00","29.732350327398425","29.949707889216562","29.67676862600282","29.855915069580078","31984000","GOOGL","Alphabet Inc. (GOOGL) Historical Data"
"2014-09-09 00:00:00-04:00","29.788428041087943","29.80480477654949","29.30259877139483","29.37653923034668","31424000","GOOGL","Alphabet Inc. (GOOGL) Historical Data"
"2014-09-10 00:00:00-04:00","29.36512424475263","29.463382758403085","29.13684949035413","29.44849395751953","23202000","GOOGL","Alphabet Inc. (GOOGL) Historical Data"
"2014-09-11 00:00:00-04:00","29.278778470835","29.375547163489895","29.082263325175706","29.3338623046875","30028000","GOOGL","Alphabet Inc. (GOOGL) Historical Data"
"2014-09-12 00:00:00-04:00","29.298133399018155","29.352223384855602","28.94529813459675","29.025691986083984","37030000","GOOGL","Alphabet Inc. (GOOGL) Historical Data"
"2014-09-15 00:00:00-04:00","28.893684489235557","28.97705419783065","28.63414610553674","28.863910675048828","30908000","GOOGL","Alphabet Inc. (GOOGL) Historical Data"
"2014-09-16 00:00:00-04:00","28.829668548671762","29.28621802313199","28.829668548671762","29.218231201171875","31592000","GOOGL","Alphabet Inc. (GOOGL) Historical Data"
"2014-09-17 00:00:00-04:00","29.254461445333295","29.58000087397111","29.13585837098711","29.44204330444336","34390000","GOOGL","Alphabet Inc. (GOOGL) Historical Data"
"2014-09-18 00:00:00-04:00","29.52938160218775","29.65394018429232","29.42864131364894","29.639549255371094","29890000","GOOGL","Alphabet Inc. (GOOGL) Historical Data"
"2014-09-19 00:00:00-04:00","29.749717370715373","30.043001174926758","29.663865880627846","30.043001174926758","83832000","GOOGL","Alphabet Inc. (GOOGL) Historical Data"
"2014-09-22 00:00:00-04:00","29.899087632907168","29.96360071718848","29.43360487792564","29.639549255371094","35644000","GOOGL","Alphabet Inc. (GOOGL) Historical Data"
"2014-09-23 00:00:00-04:00","29.526905172464414","29.608786960466862","29.290689067855972","29.337337493896484","28074000","GOOGL","Alphabet Inc. (GOOGL) Historical Data"
"2014-09-24 00:00:00-04:00","29.35669057177657","29.780488529790862","29.29366541257252","29.69662094116211","35160000","GOOGL","Alphabet Inc. (GOOGL) Historical Data"
"2014-09-25 00:00:00-04:00","29.625660209935994","29.679254220710202","29.017752191925712","29.043062210083008","33420000","GOOGL","Alphabet Inc. (GOOGL) Historical Data"
"2014-09-26 00:00:00-04:00","29.076805628593792","29.257441921252365","29.030655072859485","29.17456817626953","25782000","GOOGL","Alphabet Inc. (GOOGL) Historical Data"
"2014-09-29 00:00:00-04:00","28.873341676568298","29.244537589355634","28.860440572216866","29.17009925842285","22874000","GOOGL","Alphabet Inc. (GOOGL) Historical Data"
"2014-09-30 00:00:00-04:00","29.15422030233633","29.32840319446619","29.005841511873882","29.199874877929688","31430000","GOOGL","Alphabet Inc. (GOOGL) Historical Data"
"2014-10-01 00:00:00-04:00","29.11997698671587","29.215257740872374","28.68426800994317","28.7641658782959","28954000","GOOGL","Alphabet Inc. (GOOGL) Historical Data"
"2014-10-02 00:00:00-04:00","28.68327743974244","28.943313721753167","28.48725827246889","28.82619857788086","30726000","GOOGL","Alphabet Inc. (GOOGL) Historical Data"
"2014-10-03 00:00:00-04:00","28.985987965031455","29.19391626218306","28.956212257299182","29.092681884765625","24290000","GOOGL","Alphabet Inc. (GOOGL) Historical Data"
"2014-10-06 00:00:00-04:00","29.276293585618777","29.397876303952245","29.050500624369064","29.168607711791992","25722000","GOOGL","Alphabet Inc. (GOOGL) Historical Data"
"2014-10-07 00:00:00-04:00","29.02569180611436","29.072834315089896","28.4897403717041","28.4897403717041","30914000","GOOGL","Alphabet Inc. (GOOGL) Historical Data"
"2014-10-08 00:00:00-04:00","28.523978126281087","29.015266878287726","28.169158997899938","28.968122482299805","44158000","GOOGL","Alphabet Inc. (GOOGL) Historical Data"
"2014-10-09 00:00:00-04:00","28.86242275025552","28.908077323249795","28.238139957274058","28.326473236083984","48234000","GOOGL","Alphabet Inc. (GOOGL) Historical Data"
"2014-10-10 00:00:00-04:00","28.16072646652394","28.54581542593111","27.54239728551155","27.55133056640625","59574000","GOOGL","Alphabet Inc. (GOOGL) Historical Data"
"2014-10-13 00:00:00-04:00","27.54835215876894","27.83369655322949","27.01736431549761","27.03324317932129","55116000","GOOGL","Alphabet Inc. (GOOGL) Historical Data"
"2014-10-14 00:00:00-04:00","27.30072394195768","27.722040115869305","27.020839079463705","27.22876739501953","52198000","GOOGL","Alphabet Inc. (GOOGL) Historical Data"
"2014-10-15 00:00:00-04:00","26.900746568816345","26.99205571974081","26.222867841250885","26.83375358581543","76720000","GOOGL","Alphabet Inc. (GOOGL) Historical Data"
"2014-10-16 00:00:00-04:00","26.15239741333064","26.846650885046575","26.050665168955174","26.644678115844727","76100000","GOOGL","Alphabet Inc. (GOOGL) Historical Data"
"2014-10-17 00:00:00-04:00","26.8198561381191","26.96873279575149","25.72612079788999","25.952411651611328","119930000","GOOGL","Alphabet Inc. (GOOGL) Historical Data"
"2014-10-20 00:00:00-04:00","25.82735488889288","26.458091085985213","25.762347712696553","26.419382095336914","54964000","GOOGL","Alphabet Inc. (GOOGL) Historical Data"
"2014-10-21 00:00:00-04:00","26.662047206005404","26.736483634015986","26.311197791652535","26.69976234436035","49190000","GOOGL","Alphabet Inc. (GOOGL) Historical Data"
"2014-10-22 00:00:00-04:00","26.849631118997618","27.33149065256402","26.80893821749789","26.93101692199707","59474000","GOOGL","Alphabet Inc. (GOOGL) Historical Data"
"2014-10-23 00:00:00-04:00","27.208421047194218","27.661002759890835","27.070463473475073","27.47490882873535","43026000","GOOGL","Alphabet Inc. (GOOGL) Historical Data"
"2014-10-24 00:00:00-04:00","27.540908366084036","27.5419003217995","27.05358929736508","27.239187240600586","43508000","GOOGL","Alphabet Inc. (GOOGL) Historical Data"
"2014-10-27 00:00:00-04:00","27.18261861404713","27.49227920709191","27.154828706444047","27.287822723388672","31934000","GOOGL","Alphabet Inc. (GOOGL) Historical Data"
"2014-10-28 00:00:00-04:00","27.378635965165806","27.750325954528165","27.315114828426626","27.737424850463867","34774000","GOOGL","Alphabet Inc. (GOOGL) Historical Data"
"2014-10-29 00:00:00-04:00","27.83220711526609","28.036663580736104","27.590533379036284","27.71310806274414","41066000","GOOGL","Alphabet Inc. (GOOGL) Historical Data"
"2014-10-30 00:00:00-04:00","27.70318430898165","27.914090391105365","27.399479247836236","27.80342674255371","32250000","GOOGL","Alphabet Inc. (GOOGL) Historical Data"
"2014-10-31 00:00:00-04:00","28.201912807807545","28.223251212804307","28.028719999543803","28.180572509765625","46810000","GOOGL","Alphabet Inc. (GOOGL) Historical Data"
"2014-11-03 00:00:00-05:00","27.965202668519044","28.144845093873375","27.870913868969556","27.97711181640625","30834000","GOOGL","Alphabet Inc. (GOOGL) Historical Data"
"2014-11-04 00:00:00-05:00","27.847590725441872","28.027729123320146","27.705663445506104","27.997953414916992","27726000","GOOGL","Alphabet Inc. (GOOGL) Historical Data"
"2014-11-05 00:00:00-05:00","28.12697988083941","28.132437530290044","27.499719337840116","27.58904457092285","32906000","GOOGL","Alphabet Inc. (GOOGL) Historical Data"
"2014-11-06 00:00:00-05:00","27.566715285830302","27.631228381794408","27.322559748638174","27.377643585205078","33014000","GOOGL","Alphabet Inc. (GOOGL) Historical Data"
"2014-11-07 00:00:00-05:00","27.571677999387095","27.571677999387095","27.261521442085407","27.38409423828125","31782000","GOOGL","Alphabet Inc. (GOOGL) Historical Data"
"2014-11-10 00:00:00-05:00","27.412878177063956","27.821291365214535","27.374169184594624","27.702192306518555","26090000","GOOGL","Alphabet Inc. (GOOGL) Historical Data"
"2014-11-11 00:00:00-05:00","27.716580467822265","27.914087554466423","27.603435048236562","27.854042053222656","21966000","GOOGL","Alphabet Inc. (GOOGL) Historical Data"
"2014-11-12 00:00:00-05:00","27.847095307734524","27.852056979378904","27.56671258717265","27.703182220458984","21882000","GOOGL","Alphabet Inc. (GOOGL) Historical Data"
"2014-11-13 00:00:00-05:00","27.83022679268047","27.830722770615186","27.49674599513284","27.613365173339844","30220000","GOOGL","Alphabet Inc. (GOOGL) Historical Data"
"2014-11-14 00:00:00-05:00","27.690776071230438","27.690776071230438","27.418334667008686","27.55133056640625","28502000","GOOGL","Alphabet Inc. (GOOGL) Historical Data"
"2014-11-17 00:00:00-05:00","27.551330982867764","27.551330982867764","27.017861336632535","27.127037048339844","33612000","GOOGL","Alphabet Inc. (GOOGL) Historical Data"
"2014-11-18 00:00:00-05:00","27.19105088099","27.432228632973192","26.98610033611268","27.021333694458008","36440000","GOOGL","Alphabet Inc. (GOOGL) Historical Data"
"2014-11-19 00:00:00-05:00","27.03324438622339","27.205443364924278","26.75732923799319","27.154827117919922","30346000","GOOGL","Alphabet Inc. (GOOGL) Historical Data"
"2014-11-20 00:00:00-05:00","26.90123996049941","27.06450564371883","26.871962123446","26.984113693237305","35016000","GOOGL","Alphabet Inc. (GOOGL) Historical Data"
"2014-11-21 00:00:00-05:00","27.345385734319297","27.345385734319297","27.04565040730797","27.08981704711914","50120000","GOOGL","Alphabet Inc. (GOOGL) Historical Data"
"2014-11-24 00:00:00-05:00","27.123561651182378","27.35282836009089","27.00346875425853","27.168720245361328","33076000","GOOGL","Alphabet Inc. (GOOGL) Historical Data"
"2014-11-25 00:00:00-05:00","27.15532321160096","27.41783938584784","27.14043630277683","27.255565643310547","38072000","GOOGL","Alphabet Inc. (GOOGL) Historical Data"
"2014-11-26 00:00:00-05:00","27.255563966500965","27.287819564650622","27.05706302684627","27.18112564086914","29604000","GOOGL","Alphabet Inc. (GOOGL) Historical Data"
"2014-11-28 00:00:00-05:00","27.14489917290266","27.2739234530618","27.019844608480625","27.248119354248047","24202000","GOOGL","Alphabet Inc. (GOOGL) Historical Data"
"2014-12-01 00:00:00-05:00","27.05011671288202","27.23373075251692","26.729042972028395","26.7801570892334","39888000","GOOGL","Alphabet Inc. (GOOGL) Historical Data"
"2014-12-02 00:00:00-05:00","26.770229223877855","26.88933015970172","26.532525223105463","26.72755241394043","41480000","GOOGL","Alphabet Inc. (GOOGL) Historical Data"
"2014-12-03 00:00:00-05:00","26.67346154676789","26.8674948962084","26.559820148884388","26.647159576416016","32476000","GOOGL","Alphabet Inc. (GOOGL) Historical Data"
"2014-12-04 00:00:00-05:00","26.680408722071558","26.931015725227812","26.543939093361416","26.925556182861328","32598000","GOOGL","Alphabet Inc. (GOOGL) Historical Data"
"2014-12-05 00:00:00-05:00","26.63376130699494","26.708199633289787","26.16530264416238","26.20599365234375","61402000","GOOGL","Alphabet Inc. (GOOGL) Historical Data"
"2014-12-08 00:00:00-05:00","26.26256912389624","26.49084389716382","26.152401453477786","26.33750343322754","64566000","GOOGL","Alphabet Inc. (GOOGL) Historical Data"
"2014-12-09 00:00:00-05:00","26.096822777798604","26.63128441738234","25.974248082450103","26.6044864654541","43322000","GOOGL","Alphabet Inc. (GOOGL) Historical Data"
"2014-12-10 00:00:00-05:00","26.59406446314953","26.765767469922277","26.17671798807576","26.204011917114258","46222000","GOOGL","Alphabet Inc. (GOOGL) Historical Data"
"2014-12-11 00:00:00-05:00","26.301770827063216","26.65063446748015","26.25958999154161","26.405982971191406","41426000","GOOGL","Alphabet Inc. (GOOGL) Historical Data"
"2014-12-12 00:00:00-05:00","26.174232968148058","26.41243295234865","25.877475416842294","25.87995719909668","47314000","GOOGL","Alphabet Inc. (GOOGL) Historical Data"
"2014-12-15 00:00:00-05:00","25.991613489892206","26.071509464616042","25.57674883753637","25.598583221435547","52352000","GOOGL","Alphabet Inc. (GOOGL) Historical Data"
"2014-12-16 00:00:00-05:00","25.487426348716628","25.585682979887682","24.67307984201386","24.721216201782227","86998000","GOOGL","Alphabet Inc. (GOOGL) Historical Data"
"2014-12-17 00:00:00-05:00","24.80557346872778","25.262620816306814","24.7683543087023","25.13260269165039","72788000","GOOGL","Alphabet Inc. (GOOGL) Historical Data"
"2014-12-18 00:00:00-05:00","25.606028915797186","25.61893191334169","25.138064303268315","25.538043975830078","77534000","GOOGL","Alphabet Inc. (GOOGL) Historical Data"
"2014-12-19 00:00:00-05:00","25.65565220729722","25.84521986066533","25.25220073495606","25.807008743286133","97442000","GOOGL","Alphabet Inc. (GOOGL) Historical Data"
"2014-12-22 00:00:00-05:00","25.835294860566385","26.448660441694745","25.834301011826863","26.4154109954834","66390000","GOOGL","Alphabet Inc. (GOOGL) Historical Data"
"2014-12-23 00:00:00-05:00","26.52508438269855","26.91166317155097","26.48588130675543","26.736486434936523","57544000","GOOGL","Alphabet Inc. (GOOGL) Historical Data"
"2014-12-24 00:00:00-05:00","26.738968774504","26.811917278195367","26.55436277520531","26.645177841186523","14754000","GOOGL","Alphabet Inc. (GOOGL) Historical Data"
"2014-12-26 00:00:00-05:00","26.645178432341684","26.958808732515664","26.573717860733005","26.872957229614258","22270000","GOOGL","Alphabet Inc. (GOOGL) Historical Data"
"2014-12-29 00:00:00-05:00","26.82233791314687","26.9925529777923","26.65659043550001","26.664033889770508","44300000","GOOGL","Alphabet Inc. (GOOGL) Historical Data"
"2014-12-30 00:00:00-05:00","26.54741651331495","26.690337659900646","26.480423527321662","26.563297271728516","20972000","GOOGL","Alphabet Inc. (GOOGL) Historical Data"
"2014-12-31 00:00:00-05:00","26.685371772785576","26.718125242586957","26.311200010731373","26.334028244018555","24648000","GOOGL","Alphabet Inc. (GOOGL) Historical Data"
"2015-01-02 00:00:00-05:00","26.430298664187116","26.58910055297391","26.196068386511584","26.27894401550293","26480000","GOOGL","Alphabet Inc. (GOOGL) Historical Data"
"2015-01-05 00:00:00-05:00","26.159843968967568","26.201528827300333","25.693369202116152","25.778226852416992","41182000","GOOGL","Alphabet Inc. (GOOGL) Historical Data"
"2015-01-06 00:00:00-05:00","25.829838535819537","25.865071897808562","25.087944557186944","25.14203643798828","54456000","GOOGL","Alphabet Inc. (GOOGL) Historical Data"
"2015-01-07 00:00:00-05:00","25.355918529256122","25.382714585800812","24.993655911052315","25.068092346191406","46918000","GOOGL","Alphabet Inc. (GOOGL) Historical Data"
"2015-01-08 00:00:00-05:00","24.88745605812151","25.18470958416031","24.565388495888776","25.155431747436523","73054000","GOOGL","Alphabet Inc. (GOOGL) Historical Data"
"2015-01-09 00:00:00-05:00","25.218455261522696","25.239297689143015","24.745529031241983","24.848251342773438","42000000","GOOGL","Alphabet Inc. (GOOGL) Historical Data"
"2015-01-12 00:00:00-05:00","24.774809750376154","24.826419847589236","24.36143299477217","24.666627883911133","57138000","GOOGL","Alphabet Inc. (GOOGL) Historical Data"
"2015-01-13 00:00:00-05:00","24.94006277813234","25.239302164638946","24.676554626057374","24.901851654052734","60958000","GOOGL","Alphabet Inc. (GOOGL) Historical Data"
"2015-01-14 00:00:00-05:00","24.83336482637398","25.222425374457995","24.7212132549497","25.10679817199707","52800000","GOOGL","Alphabet Inc. (GOOGL) Historical Data"
"2015-01-15 00:00:00-05:00","25.25369009983225","25.296366913259128","24.912269913281328","25.011520385742188","51068000","GOOGL","Alphabet Inc. (GOOGL) Historical Data"
"2015-01-16 00:00:00-05:00","24.96883973120187","25.350952789884285","24.965861971164482","25.331600189208984","49658000","GOOGL","Alphabet Inc. (GOOGL) Historical Data"
"2015-01-20 00:00:00-05:00","25.446235019043122","25.58717034639147","25.27750978712287","25.305795669555664","46796000","GOOGL","Alphabet Inc. (GOOGL) Historical Data"
"2015-01-21 00:00:00-05:00","25.350458859185682","25.896831490561922","25.288427550358755","25.824378967285156","46356000","GOOGL","Alphabet Inc. (GOOGL) Historical Data"
"2015-01-22 00:00:00-05:00","25.953897786935475","26.739958306813506","25.89980780621493","26.663536071777344","56068000","GOOGL","Alphabet Inc. (GOOGL) Historical Data"
"2015-01-23 00:00:00-05:00","26.69976539777804","27.065997738833858","26.586619969773757","26.89429473876953","45966000","GOOGL","Alphabet Inc. (GOOGL) Historical Data"
"2015-01-26 00:00:00-05:00","26.871960286046917","26.871960286046917","26.40399575867054","26.63475227355957","30932000","GOOGL","Alphabet Inc. (GOOGL) Historical Data"
"2015-01-27 00:00:00-05:00","26.370750216611732","26.439233025193477","25.847701786405633","25.864078521728516","39148000","GOOGL","Alphabet Inc. (GOOGL) Historical Data"
"2015-01-28 00:00:00-05:00","26.053150086223937","26.087391490349304","25.425393534652653","25.429363250732422","35822000","GOOGL","Alphabet Inc. (GOOGL) Historical Data"
"2015-01-29 00:00:00-05:00","25.4526860708274","25.566327469471204","24.98521747991436","25.46906280517578","79018000","GOOGL","Alphabet Inc. (GOOGL) Historical Data"
"2015-01-30 00:00:00-05:00","25.75540270339148","26.951366378927414","25.714709797352825","26.675947189331055","121108000","GOOGL","Alphabet Inc. (GOOGL) Historical Data"
"2015-02-02 00:00:00-05:00","26.515654079262152","26.623837830082405","25.890379335094725","26.410449981689453","75378000","GOOGL","Alphabet Inc. (GOOGL) Historical Data"
"2015-02-03 00:00:00-05:00","26.29829887195368","26.670982726731545","26.142972600970907","26.46504020690918","47062000","GOOGL","Alphabet Inc. (GOOGL) Historical Data"
"2015-02-04 00:00:00-05:00","26.4570961940132","26.636242637507667","26.05463666846763","26.107736587524414","33896000","GOOGL","Alphabet Inc. (GOOGL) Historical Data"
"2015-02-05 00:00:00-05:00","26.198550251057004","26.33551586305348","26.08490884993802","26.29283905029297","33176000","GOOGL","Alphabet Inc. (GOOGL) Historical Data"
"2015-02-06 00:00:00-05:00","26.351396927233946","26.80844242635538","26.23428178666283","26.493820190429688","42938000","GOOGL","Alphabet Inc. (GOOGL) Historical Data"
"2015-02-09 00:00:00-05:00","26.35387627632108","26.4938196473041","26.179693395686797","26.265544891357422","30314000","GOOGL","Alphabet Inc. (GOOGL) Historical Data"
"2015-02-10 00:00:00-05:00","26.407971588902992","26.847152467682697","26.26008876684326","26.80546760559082","47430000","GOOGL","Alphabet Inc. (GOOGL) Historical Data"
"2015-02-11 00:00:00-05:00","26.78412419589431","26.894291851724148","26.59902224065613","26.698272705078125","38306000","GOOGL","Alphabet Inc. (GOOGL) Historical Data"
"2015-02-12 00:00:00-05:00","26.780653577630602","27.211399015379424","26.648651523608574","27.095773696899414","48590000","GOOGL","Alphabet Inc. (GOOGL) Historical Data"
"2015-02-13 00:00:00-05:00","27.17020899450773","27.419824054184307","27.12505039897322","27.351341247558594","47382000","GOOGL","Alphabet Inc. (GOOGL) Historical Data"
"2015-02-17 00:00:00-05:00","27.3513412625548","27.442650409408948","26.959302939823672","27.046146392822266","39174000","GOOGL","Alphabet Inc. (GOOGL) Historical Data"
"2015-02-18 00:00:00-05:00","26.98709296463159","27.172194934591545","26.775194938373996","26.929031372070312","31164000","GOOGL","Alphabet Inc. (GOOGL) Historical Data"
"2015-02-19 00:00:00-05:00","26.92010002058703","27.137953567668845","26.834744500697806","27.11760711669922","30834000","GOOGL","Alphabet Inc. (GOOGL) Historical Data"
"2015-02-20 00:00:00-05:00","27.173682686766238","27.173682686766238","26.703238214977","26.886850357055664","38234000","GOOGL","Alphabet Inc. (GOOGL) Historical Data"
"2015-02-23 00:00:00-05:00","26.74790319779732","26.762790107295825","26.40052746281707","26.549402236938477","32906000","GOOGL","Alphabet Inc. (GOOGL) Historical Data"
"2015-02-24 00:00:00-05:00","26.3781943116169","26.767750872338546","26.350900383097613","26.730533599853516","28406000","GOOGL","Alphabet Inc. (GOOGL) Historical Data"
"2015-02-25 00:00:00-05:00","26.7201111342929","27.272437391445322","26.69877083454283","27.161277770996094","40836000","GOOGL","Alphabet Inc. (GOOGL) Historical Data"
"2015-02-26 00:00:00-05:00","27.082375863567233","27.79647993538524","27.050118369011518","27.75479507446289","54032000","GOOGL","Alphabet Inc. (GOOGL) Historical Data"
"2015-02-27 00:00:00-05:00","27.69822061837006","28.257496272497153","27.64264080539751","27.920541763305664","68328000","GOOGL","Alphabet Inc. (GOOGL) Historical Data"
"2015-03-02 00:00:00-05:00","28.137400825105498","28.583529115340724","27.946343342215318","28.53539276123047","50406000","GOOGL","Alphabet Inc. (GOOGL) Historical Data"
"2015-03-03 00:00:00-05:00","28.601394027793887","28.824707110269166","28.311087967098647","28.72248077392578","50526000","GOOGL","Alphabet Inc. (GOOGL) Historical Data"
"2015-03-04 00:00:00-05:00","28.63216277381895","28.863415296793082","28.411331465319172","28.69965362548828","37964000","GOOGL","Alphabet Inc. (GOOGL) Historical Data"
"2015-03-05 00:00:00-05:00","28.763671520139305","28.94132814890123","28.694692732976936","28.853492736816406","35918000","GOOGL","Alphabet Inc. (GOOGL) Historical Data"
"2015-03-06 00:00:00-05:00","28.88177697278826","28.920484069243443","28.388504276039424","28.43018913269043","37592000","GOOGL","Alphabet Inc. (GOOGL) Historical Data"
"2015-03-09 00:00:00-04:00","28.331932323146948","28.5567333544827","28.239133345815304","28.4897403717041","23478000","GOOGL","Alphabet Inc. (GOOGL) Historical Data"
"2015-03-10 00:00:00-04:00","28.21084494636263","28.274366078259387","27.78109150276836","27.782581329345703","40080000","GOOGL","Alphabet Inc. (GOOGL) Historical Data"
"2015-03-11 00:00:00-04:00","27.78009994390523","27.997457504550045","27.56224640540929","27.576141357421875","40524000","GOOGL","Alphabet Inc. (GOOGL) Historical Data"
"2015-03-12 00:00:00-04:00","27.714595437482508","27.881334864869004","27.56820246065857","27.848087310791016","35602000","GOOGL","Alphabet Inc. (GOOGL) Historical Data"
"2015-03-13 00:00:00-04:00","27.75181249179223","28.006389200365078","27.310149919486204","27.44264793395996","35428000","GOOGL","Alphabet Inc. (GOOGL) Historical Data"
"2015-03-16 00:00:00-04:00","27.637677971390843","27.976120400037875","27.359281047292676","27.87141227722168","36856000","GOOGL","Alphabet Inc. (GOOGL) Historical Data"
"2015-03-17 00:00:00-04:00","27.7051664906924","27.821785652820942","27.512622961063546","27.671422958374023","28892000","GOOGL","Alphabet Inc. (GOOGL) Historical Data"
"2015-03-18 00:00:00-04:00","27.677376189583796","28.113085166739946","27.46746207936663","28.09571647644043","35324000","GOOGL","Alphabet Inc. (GOOGL) Historical Data"
"2015-03-19 00:00:00-04:00","28.014333548867","28.13541841552837","27.89523448689159","27.972152709960938","24660000","GOOGL","Alphabet Inc. (GOOGL) Historical Data"
"2015-03-20 00:00:00-04:00","28.12301447653251","28.142367081072088","28.012350820445786","28.035673141479492","44320000","GOOGL","Alphabet Inc. (GOOGL) Historical Data"
"2015-03-23 00:00:00-04:00","28.08777647665566","28.268412757337785","27.941879471256726","28.0565128326416","30234000","GOOGL","Alphabet Inc. (GOOGL) Historical Data"
"2015-03-24 00:00:00-04:00","28.213823808722918","28.875821743222122","28.191491553551952","28.660449981689453","79156000","GOOGL","Alphabet Inc. (GOOGL) Historical Data"
"2015-03-25 00:00:00-04:00","28.661937925517922","28.786000541047912","28.137401580810547","28.137401580810547","53070000","GOOGL","Alphabet Inc. (GOOGL) Historical Data"
"2015-03-26 00:00:00-04:00","28.02078523561912","28.146833668317576","27.70616297135463","27.97066307067871","49842000","GOOGL","Alphabet Inc. (GOOGL) Historical Data"
"2015-03-27 00:00:00-04:00","27.880841514688722","27.992003036468276","27.63767982683287","27.668447494506836","34552000","GOOGL","Alphabet Inc. (GOOGL) Historical Data"
"2015-03-30 00:00:00-04:00","27.802434829384836","27.897217720141064","27.630731824384306","27.846599578857422","24788000","GOOGL","Alphabet Inc. (GOOGL) Historical Data"
"2015-03-31 00:00:00-04:00","27.68779768680417","27.911606751548856","27.525523952048324","27.527013778686523","34932000","GOOGL","Alphabet Inc. (GOOGL) Historical Data"
"2015-04-01 00:00:00-04:00","27.533464889761103","27.71558720175403","27.096763958564374","27.26846694946289","38902000","GOOGL","Alphabet Inc. (GOOGL) Historical Data"
"2015-04-02 00:00:00-04:00","27.165246649010005","27.194524486830748","26.819358886342425","26.862533569335938","47760000","GOOGL","Alphabet Inc. (GOOGL) Historical Data"
"2015-04-06 00:00:00-04:00","26.739962634685387","27.072451469649337","26.584140379281415","26.993547439575195","33718000","GOOGL","Alphabet Inc. (GOOGL) Historical Data"
"2015-04-07 00:00:00-04:00","27.04515541706288","27.301716069367334","26.9756806521466","27.03870391845703","27318000","GOOGL","Alphabet Inc. (GOOGL) Historical Data"
"2015-04-08 00:00:00-04:00","27.09527454092067","27.368213810191627","27.09527454092067","27.236209869384766","28386000","GOOGL","Alphabet Inc. (GOOGL) Historical Data"
"2015-04-09 00:00:00-04:00","27.254572026203107","27.262511458019304","26.894293331648246","27.19551658630371","32366000","GOOGL","Alphabet Inc. (GOOGL) Historical Data"
"2015-04-10 00:00:00-04:00","27.272437129158597","27.28633208158112","27.04465834778427","27.221323013305664","26104000","GOOGL","Alphabet Inc. (GOOGL) Historical Data"
"2015-04-13 00:00:00-04:00","27.147383803174662","27.45605053087502","27.11016463803623","27.226285934448242","29326000","GOOGL","Alphabet Inc. (GOOGL) Historical Data"
"2015-04-14 00:00:00-04:00","27.123564161220745","27.123564161220745","26.586124782012064","26.786609649658203","47206000","GOOGL","Alphabet Inc. (GOOGL) Historical Data"
"2015-04-15 00:00:00-04:00","26.69629186913152","26.955830282800797","26.418886893232866","26.849136352539062","46962000","GOOGL","Alphabet Inc. (GOOGL) Historical Data"
"2015-04-16 00:00:00-04:00","26.715643577965192","27.05706376476837","26.70323845205174","26.972206115722656","31722000","GOOGL","Alphabet Inc. (GOOGL) Historical Data"
"2015-04-17 00:00:00-04:00","26.664033147859083","26.78759978583808","26.251650269776206","26.437246322631836","49234000","GOOGL","Alphabet Inc. (GOOGL) Historical Data"
"2015-04-20 00:00:00-04:00","26.487367965852737","27.08535067121427","26.467517493374167","27.02232551574707","38508000","GOOGL","Alphabet Inc. (GOOGL) Historical Data"
"2015-04-21 00:00:00-04:00","27.110657835044083","27.183110353289646","26.907195231942296","26.942428588867188","29128000","GOOGL","Alphabet Inc. (GOOGL) Historical Data"
"2015-04-22 00:00:00-04:00","26.94937912364922","27.343401378617795","26.86303164396765","27.253084182739258","31806000","GOOGL","Alphabet Inc. (GOOGL) Historical Data"
"2015-04-23 00:00:00-04:00","27.314121087883436","27.84808667589863","27.29774435362555","27.663976669311523","78184000","GOOGL","Alphabet Inc. (GOOGL) Historical Data"
"2015-04-24 00:00:00-04:00","28.785010993438753","29.015767553351147","28.20439691980141","28.467906951904297","92168000","GOOGL","Alphabet Inc. (GOOGL) Historical Data"
"2015-04-27 00:00:00-04:00","28.4237398679935","28.560207618549835","27.904165159557476","28.093732833862305","48062000","GOOGL","Alphabet Inc. (GOOGL) Historical Data"
"2015-04-28 00:00:00-04:00","28.00440565355256","28.1785904287922","27.8376662253945","28.006887435913086","37178000","GOOGL","Alphabet Inc. (GOOGL) Historical Data"
"2015-04-29 00:00:00-04:00","27.815334312291217","28.079836281035774","27.74040190009841","27.859004974365234","33622000","GOOGL","Alphabet Inc. (GOOGL) Historical Data"
"2015-04-30 00:00:00-04:00","27.718565844702574","27.845110245025943","27.13100622521979","27.232736587524414","47240000","GOOGL","Alphabet Inc. (GOOGL) Historical Data"
"2015-05-01 00:00:00-04:00","27.319083755715877","27.354319007809096","26.98858076358933","27.351341247558594","36572000","GOOGL","Alphabet Inc. (GOOGL) Historical Data"
"2015-05-04 00:00:00-04:00","27.342904436929107","27.625767056230554","27.164253963044967","27.434711456298828","35260000","GOOGL","Alphabet Inc. (GOOGL) Historical Data"
"2015-05-05 00:00:00-04:00","27.30171456447311","27.42329728942022","26.915135791679393","26.94838523864746","28528000","GOOGL","Alphabet Inc. (GOOGL) Historical Data"
"2015-05-06 00:00:00-04:00","26.928535130080345","26.992552242544452","26.41243419353689","26.553369522094727","39034000","GOOGL","Alphabet Inc. (GOOGL) Historical Data"
"2015-05-07 00:00:00-04:00","26.594062839964238","27.055575929843123","26.472482004515168","26.898759841918945","31844000","GOOGL","Alphabet Inc. (GOOGL) Historical Data"
"2015-05-08 00:00:00-04:00","27.237698985311653","27.43272429163105","27.19601412921147","27.241668701171875","28226000","GOOGL","Alphabet Inc. (GOOGL) Historical Data"
"2015-05-11 00:00:00-04:00","27.218842049765822","27.461013661759058","27.07542682738903","27.08435821533203","21858000","GOOGL","Alphabet Inc. (GOOGL) Historical Data"
"2015-05-12 00:00:00-04:00","26.93696964388075","26.94441499074613","26.549398923022324","26.734500885009766","35282000","GOOGL","Alphabet Inc. (GOOGL) Historical Data"
"2015-05-13 00:00:00-04:00","26.82085104089104","26.988086458791862","26.746908687047952","26.772218704223633","24238000","GOOGL","Alphabet Inc. (GOOGL) Historical Data"
"2015-05-14 00:00:00-04:00","26.994535699185377","27.278392156024342","26.92158720028717","27.254074096679688","31736000","GOOGL","Alphabet Inc. (GOOGL) Historical Data"
"2015-05-15 00:00:00-04:00","27.31312810954463","27.32354932312851","26.921585793834904","27.11958885192871","33440000","GOOGL","Alphabet Inc. (GOOGL) Historical Data"
"2015-05-18 00:00:00-04:00","26.98709157241085","27.211396606028362","26.909179510796726","27.128522872924805","26706000","GOOGL","Alphabet Inc. (GOOGL) Historical Data"
"2015-05-19 00:00:00-04:00","27.194525967094666","27.4625016810365","27.150857196914174","27.258047103881836","47126000","GOOGL","Alphabet Inc. (GOOGL) Historical Data"
"2015-05-20 00:00:00-04:00","27.3394309378471","27.594999631815487","27.050612795411553","27.4183349609375","30840000","GOOGL","Alphabet Inc. (GOOGL) Historical Data"
"2015-05-21 00:00:00-04:00","27.30370029375701","27.671422441690996","27.25903767703205","27.63172149658203","34170000","GOOGL","Alphabet Inc. (GOOGL) Historical Data"
"2015-05-22 00:00:00-04:00","27.51510199753943","27.70268574269061","27.473417141515885","27.51807975769043","24266000","GOOGL","Alphabet Inc. (GOOGL) Historical Data"
"2015-05-26 00:00:00-04:00","27.421807126833745","27.45902628925859","26.944911170470053","27.154329299926758","37474000","GOOGL","Alphabet Inc. (GOOGL) Historical Data"
"2015-05-27 00:00:00-04:00","27.22827141662871","27.55629263636955","27.124059269911413","27.504682540893555","34844000","GOOGL","Alphabet Inc. (GOOGL) Historical Data"
"2015-05-28 00:00:00-04:00","27.481854750055476","27.57961539304968","27.33347597002123","27.50120735168457","23544000","GOOGL","Alphabet Inc. (GOOGL) Historical Data"
"2015-05-29 00:00:00-04:00","27.452575539326666","27.489298724900063","27.0476361144687","27.06153106689453","43446000","GOOGL","Alphabet Inc. (GOOGL) Historical Data"
"2015-06-01 00:00:00-04:00","27.23075363195811","27.322062782996557","26.975184932974106","27.254573822021484","33210000","GOOGL","Alphabet Inc. (GOOGL) Historical Data"
"2015-06-02 00:00:00-04:00","27.166238273544838","27.729979569638008","27.12256761322847","27.48979377746582","31842000","GOOGL","Alphabet Inc. (GOOGL) Historical Data"
"2015-06-03 00:00:00-04:00","27.54686422835114","27.69028134877208","27.400471240542377","27.556293487548828","26710000","GOOGL","Alphabet Inc. (GOOGL) Historical Data"
"2015-06-04 00:00:00-04:00","27.401959754038053","27.58954352093788","27.250107220047717","27.377643585205078","26866000","GOOGL","Alphabet Inc. (GOOGL) Historical Data"
"2015-06-05 00:00:00-04:00","27.39302718714373","27.45902821399386","27.163758569250536","27.27045249938965","24396000","GOOGL","Alphabet Inc. (GOOGL) Historical Data"
"2015-06-08 00:00:00-04:00","27.27442352050169","27.287326518365866","26.943920499505314","26.97022247314453","27336000","GOOGL","Alphabet Inc. (GOOGL) Historical Data"
"2015-06-09 00:00:00-04:00","26.967241869344562","27.037710479211373","26.74045504699281","26.904714584350586","30016000","GOOGL","Alphabet Inc. (GOOGL) Historical Data"
"2015-06-10 00:00:00-04:00","27.08038603868916","27.53098190234872","27.051108202026263","27.42279815673828","30316000","GOOGL","Alphabet Inc. (GOOGL) Historical Data"
"2015-06-11 00:00:00-04:00","27.516592411686425","27.53346512420555","27.252586424854886","27.295761108398438","25872000","GOOGL","Alphabet Inc. (GOOGL) Historical Data"
"2015-06-12 00:00:00-04:00","27.152343578166626","27.236705246410978","27.076913297382482","27.168224334716797","25468000","GOOGL","Alphabet Inc. (GOOGL) Historical Data"
"2015-06-15 00:00:00-04:00","26.933002620635428","26.998507671064868","26.758323748187195","26.946401596069336","27150000","GOOGL","Alphabet Inc. (GOOGL) Historical Data"
"2015-06-16 00:00:00-04:00","27.019847226377504","27.129517023268125","26.87543815406977","27.039199829101562","32526000","GOOGL","Alphabet Inc. (GOOGL) Historical Data"
"2015-06-17 00:00:00-04:00","27.066493925900485","27.212390932771665","26.887347470103844","27.125051498413086","24440000","GOOGL","Alphabet Inc. (GOOGL) Historical Data"
"2015-06-18 00:00:00-04:00","27.1945248744358","27.65355617208708","27.1945248744358","27.6004581451416","41192000","GOOGL","Alphabet Inc. (GOOGL) Historical Data"
"2015-06-19 00:00:00-04:00","27.617329753647052","27.686308534655065","27.405927716995535","27.666954040527344","59290000","GOOGL","Alphabet Inc. (GOOGL) Historical Data"
"2015-06-22 00:00:00-04:00","27.76074613845897","28.06842087384126","27.735932102616808","27.77414321899414","34752000","GOOGL","Alphabet Inc. (GOOGL) Historical Data"
"2015-06-23 00:00:00-04:00","27.77960339935897","28.033188161460817","27.648593313614246","27.958253860473633","31396000","GOOGL","Alphabet Inc. (GOOGL) Historical Data"
"2015-06-24 00:00:00-04:00","27.913098064028627","27.921037496370687","27.631723370276966","27.71906280517578","28924000","GOOGL","Alphabet Inc. (GOOGL) Historical Data"
"2015-06-25 00:00:00-04:00","27.80491261780787","27.94584794507004","27.663977290545702","27.68829345703125","26684000","GOOGL","Alphabet Inc. (GOOGL) Historical Data"
"2015-06-26 00:00:00-04:00","27.77563614573837","27.790027076584188","27.385583614019517","27.445629119873047","43676000","GOOGL","Alphabet Inc. (GOOGL) Historical Data"
"2015-06-29 00:00:00-04:00","27.132493573025446","27.33843796864444","26.809434038337013","26.859556198120117","37756000","GOOGL","Alphabet Inc. (GOOGL) Historical Data"
"2015-06-30 00:00:00-04:00","27.05011607802913","27.090313001819293","26.77469691808607","26.799510955810547","34510000","GOOGL","Alphabet Inc. (GOOGL) Historical Data"
"2015-07-01 00:00:00-04:00","26.979153120422353","27.085847045248705","26.785615743538575","26.961288452148438","30760000","GOOGL","Alphabet Inc. (GOOGL) Historical Data"
"2015-07-02 00:00:00-04:00","27.032749398187885","27.194527168071016","26.974687801631813","27.161775588989258","28124000","GOOGL","Alphabet Inc. (GOOGL) Historical Data"
"2015-07-06 00:00:00-04:00","26.909182518842037","27.22331068963549","26.901739064253217","27.076419830322266","25614000","GOOGL","Alphabet Inc. (GOOGL) Historical Data"
"2015-07-07 00:00:00-04:00","27.1662390034766","27.343399645702927","26.79008144175643","27.295263290405273","33578000","GOOGL","Alphabet Inc. (GOOGL) Historical Data"
"2015-07-08 00:00:00-04:00","27.075424791059845","27.20841878880383","26.85707338507895","26.881885528564453","27662000","GOOGL","Alphabet Inc. (GOOGL) Historical Data"
"2015-07-09 00:00:00-04:00","27.226783112517296","27.238196282799034","27.026794231899636","27.028282165527344","29766000","GOOGL","Alphabet Inc. (GOOGL) Historical Data"
"2015-07-10 00:00:00-04:00","27.477882018658086","27.754790987929432","27.393024375579834","27.596982955932617","43436000","GOOGL","Alphabet Inc. (GOOGL) Historical Data"
"2015-07-13 00:00:00-04:00","27.765709414177394","28.42770734181029","27.725512491113747","28.372127532958984","41792000","GOOGL","Alphabet Inc. (GOOGL) Historical Data"
"2015-07-14 00:00:00-04:00","28.50959000185922","29.264386924519492","28.493213266804048","28.989959716796875","74832000","GOOGL","Alphabet Inc. (GOOGL) Historical Data"
"2015-07-15 00:00:00-04:00","28.96812676767525","29.213770233495065","28.792950024304222","28.97904396057129","41466000","GOOGL","Alphabet Inc. (GOOGL) Historical Data"
"2015-07-16 00:00:00-04:00","29.25396546593354","29.99834116790108","29.175557422517723","29.863361358642578","112642000","GOOGL","Alphabet Inc. (GOOGL) Historical Data"
"2015-07-17 00:00:00-04:00","33.745035010134615","34.88641270873732","33.645786421600015","34.71867752075195","257162000","GOOGL","Alphabet Inc. (GOOGL) Historical Data"
"2015-07-20 00:00:00-04:00","34.19066771581118","34.62835874176487","33.832870777740155","34.38221740722656","102436000","GOOGL","Alphabet Inc. (GOOGL) Historical Data"
"2015-07-21 00:00:00-04:00","33.98720213566838","35.01543242682111","33.95097682010599","34.506778717041016","75604000","GOOGL","Alphabet Inc. (GOOGL) Historical Data"
"2015-07-22 00:00:00-04:00","34.440773610668714","35.39903309921943","34.321674563923004","34.49436950683594","83100000","GOOGL","Alphabet Inc. (GOOGL) Historical Data"
"2015-07-23 00:00:00-04:00","34.33308890215859","34.542508940945176","33.32768492588079","33.4835090637207","76232000","GOOGL","Alphabet Inc. (GOOGL) Historical Data"
"2015-07-24 00:00:00-04:00","33.58474576320294","33.63536201134379","32.41409026848371","32.49299240112305","82622000","GOOGL","Alphabet Inc. (GOOGL) Historical Data"
"2015-07-27 00:00:00-04:00","32.33418871068599","33.10337840575614","32.33319675500477","32.66667938232422","58382000","GOOGL","Alphabet Inc. (GOOGL) Historical Data"
"2015-07-28 00:00:00-04:00","32.83987269847073","32.95599588518795","32.42550400588598","32.735660552978516","34364000","GOOGL","Alphabet Inc. (GOOGL) Historical Data"
"2015-07-29 00:00:00-04:00","32.86467901821394","32.91777893340544","32.39721046001831","32.823490142822266","36756000","GOOGL","Alphabet Inc. (GOOGL) Historical Data"
"2015-07-30 00:00:00-04:00","32.62549525095597","33.152015559305006","32.34014893529991","32.978824615478516","39606000","GOOGL","Alphabet Inc. (GOOGL) Historical Data"
"2015-07-31 00:00:00-04:00","32.985772351231496","33.000659260913","32.613584464830225","32.62847137451172","34922000","GOOGL","Alphabet Inc. (GOOGL) Historical Data"
"2015-08-03 00:00:00-04:00","32.63640951456979","33.08353169567605","32.63640951456979","32.98676300048828","31348000","GOOGL","Alphabet Inc. (GOOGL) Historical Data"
"2015-08-04 00:00:00-04:00","32.96790401146846","33.149534143632","32.777842255176175","32.8160514831543","26188000","GOOGL","Alphabet Inc. (GOOGL) Historical Data"
"2015-08-05 00:00:00-04:00","33.03787656998723","33.74056748198688","33.029441159304284","33.412052154541016","36448000","GOOGL","Alphabet Inc. (GOOGL) Historical Data"
"2015-08-06 00:00:00-04:00","33.4467909393547","33.484504193093656","32.78876072890009","33.256229400634766","40660000","GOOGL","Alphabet Inc. (GOOGL) Historical Data"
"2015-08-07 00:00:00-04:00","33.13861770412109","33.1892339555708","32.69645905908001","32.97039031982422","27544000","GOOGL","Alphabet Inc. (GOOGL) Historical Data"
"2015-08-10 00:00:00-04:00","33.10437682342265","33.32917977008374","32.7639504398833","32.90835952758789","34458000","GOOGL","Alphabet Inc. (GOOGL) Historical Data"
"2015-08-11 00:00:00-04:00","34.71669335118073","34.93603674346914","33.95941458651821","34.25617218017578","109880000","GOOGL","Alphabet Inc. (GOOGL) Historical Data"
"2015-08-12 00:00:00-04:00","34.46409669349137","34.53903099700302","33.77034103934489","34.314231872558594","58498000","GOOGL","Alphabet Inc. (GOOGL) Historical Data"
"2015-08-13 00:00:00-04:00","34.20158616229791","34.441276020180254","33.853220344336975","34.06809616088867","36354000","GOOGL","Alphabet Inc. (GOOGL) Historical Data"
"2015-08-14 00:00:00-04:00","33.94551807124381","34.353435276018715","33.88894630307991","34.210018157958984","27598000","GOOGL","Alphabet Inc. (GOOGL) Historical Data"
"2015-08-17 00:00:00-04:00","34.14401867145234","34.4765055865474","33.896885385612144","34.44524383544922","24680000","GOOGL","Alphabet Inc. (GOOGL) Historical Data"
"2015-08-18 00:00:00-04:00","34.294380166594706","34.527118714482846","34.009033892865446","34.17825698852539","27710000","GOOGL","Alphabet Inc. (GOOGL) Historical Data"
"2015-08-19 00:00:00-04:00","34.24674332451473","34.74745761512294","34.082483776397616","34.441768646240234","50194000","GOOGL","Alphabet Inc. (GOOGL) Historical Data"
"2015-08-20 00:00:00-04:00","34.19662258819019","34.546972279030975","33.51080254303716","33.7192268371582","57798000","GOOGL","Alphabet Inc. (GOOGL) Historical Data"
"2015-08-21 00:00:00-04:00","33.30039283148818","33.392201751637366","31.913869523622534","31.96002197265625","91880000","GOOGL","Alphabet Inc. (GOOGL) Historical Data"
"2015-08-24 00:00:00-04:00","29.804804171606992","31.148650547042262","29.43211844491522","30.673738479614258","129788000","GOOGL","Alphabet Inc. (GOOGL) Historical Data"
"2015-08-25 00:00:00-04:00","32.08110654016158","32.10740472630289","30.35415319394515","30.39385414123535","71430000","GOOGL","Alphabet Inc. (GOOGL) Historical Data"
"2015-08-26 00:00:00-04:00","31.913866333792097","32.87560149596297","31.28214007968239","32.739627838134766","87740000","GOOGL","Alphabet Inc. (GOOGL) Historical Data"
"2015-08-27 00:00:00-04:00","33.34753373754855","33.44629012428268","32.310868061452695","33.147544860839844","58974000","GOOGL","Alphabet Inc. (GOOGL) Historical Data"
"2015-08-28 00:00:00-04:00","33.0383658063876","33.099901130379756","32.442370845649705","32.737144470214844","38836000","GOOGL","Alphabet Inc. (GOOGL) Historical Data"
"2015-08-31 00:00:00-04:00","32.471653522435325","32.97137964220778","32.07515138121788","32.14809799194336","38936000","GOOGL","Alphabet Inc. (GOOGL) Historical Data"
"2015-09-01 00:00:00-04:00","31.452853258368286","31.980367404582257","31.018634070034246","31.241947174072266","51458000","GOOGL","Alphabet Inc. (GOOGL) Historical Data"
"2015-09-02 00:00:00-04:00","31.660780679963988","32.01113226667077","31.295540291382007","32.00368881225586","37630000","GOOGL","Alphabet Inc. (GOOGL) Historical Data"
"2015-09-03 00:00:00-04:00","32.15355523758021","32.31831075143995","31.45285021886706","31.613636016845703","34572000","GOOGL","Alphabet Inc. (GOOGL) Historical Data"
"2015-09-04 00:00:00-04:00","31.248892833359136","31.48709283279749","31.09009283373357","31.212169647216797","40478000","GOOGL","Alphabet Inc. (GOOGL) Historical Data"
"2015-09-08 00:00:00-04:00","31.809654547905513","32.01013940573219","31.40769287650366","31.95257568359375","39092000","GOOGL","Alphabet Inc. (GOOGL) Historical Data"
"2015-09-09 00:00:00-04:00","32.34957682578183","32.621520352098536","31.804690245241808","31.92925262451172","40978000","GOOGL","Alphabet Inc. (GOOGL) Historical Data"
"2015-09-10 00:00:00-04:00","31.953566510442663","32.49944125399584","31.844390804513925","32.30987548828125","27850000","GOOGL","Alphabet Inc. (GOOGL) Historical Data"
"2015-09-11 00:00:00-04:00","32.266709472105696","32.51979453142765","32.12775613514948","32.5192985534668","34892000","GOOGL","Alphabet Inc. (GOOGL) Historical Data"
"2015-09-14 00:00:00-04:00","32.53567275330777","32.55006368439517","32.23146793062689","32.37885665893555","29942000","GOOGL","Alphabet Inc. (GOOGL) Historical Data"
"2015-09-15 00:00:00-04:00","32.58926663895632","33.19171701014727","32.42203121364822","33.00413513183594","35546000","GOOGL","Alphabet Inc. (GOOGL) Historical Data"
"2015-09-16 00:00:00-04:00","33.027946673690735","33.15300123364897","32.861703238231875","33.026458740234375","26252000","GOOGL","Alphabet Inc. (GOOGL) Historical Data"
"2015-09-17 00:00:00-04:00","33.12422127213587","33.84378290395401","33.000654638559894","33.3316535949707","47752000","GOOGL","Alphabet Inc. (GOOGL) Historical Data"
"2015-09-18 00:00:00-04:00","33.00363572842365","33.2408456900797","32.75402253253485","32.79819107055664","72544000","GOOGL","Alphabet Inc. (GOOGL) Historical Data"
"2015-09-21 00:00:00-04:00","33.02596468089905","33.19915560197183","32.65328086846901","33.09891128540039","39094000","GOOGL","Alphabet Inc. (GOOGL) Historical Data"
"2015-09-22 00:00:00-04:00","32.62698478683987","32.69397966926155","32.00964748486843","32.41508483886719","54362000","GOOGL","Alphabet Inc. (GOOGL) Historical Data"
"2015-09-23 00:00:00-04:00","32.400193539469","32.7664258702772","32.292505764245156","32.41954803466797","29160000","GOOGL","Alphabet Inc. (GOOGL) Historical Data"
"2015-09-24 00:00:00-04:00","32.20517664662378","32.59225150744781","31.867726088401763","32.49994659423828","38692000","GOOGL","Alphabet Inc. (GOOGL) Historical Data"
"2015-09-25 00:00:00-04:00","32.6820639789857","32.6820639789857","31.74315705404557","31.767473220825195","48480000","GOOGL","Alphabet Inc. (GOOGL) Historical Data"
"2015-09-28 00:00:00-04:00","31.71288599202819","31.901463595584158","30.66033953743914","30.978435516357422","47646000","GOOGL","Alphabet Inc. (GOOGL) Historical Data"
"2015-09-29 00:00:00-04:00","31.040467991405453","31.496025580997067","30.66976994799176","30.897052764892578","42130000","GOOGL","Alphabet Inc. (GOOGL) Historical Data"
"2015-09-30 00:00:00-04:00","31.354594520372288","31.725790437737036","31.22160050771168","31.67914390563965","52954000","GOOGL","Alphabet Inc. (GOOGL) Historical Data"
"2015-10-01 00:00:00-04:00","31.657804709254776","31.950594481792614","31.31936225187009","31.859281539916992","42506000","GOOGL","Alphabet Inc. (GOOGL) Historical Data"
"2015-10-02 00:00:00-04:00","31.66127428083231","32.60365302130808","31.437465222072603","32.60315704345703","48788000","GOOGL","Alphabet Inc. (GOOGL) Historical Data"
"2015-10-05 00:00:00-04:00","32.83193499560347","33.39914819811848","32.54758064140068","33.3321533203125","37960000","GOOGL","Alphabet Inc. (GOOGL) Historical Data"
"2015-10-06 00:00:00-04:00","33.216522571807786","33.685479094380334","32.90537408567345","33.33016586303711","42774000","GOOGL","Alphabet Inc. (GOOGL) Historical Data"
"2015-10-07 00:00:00-04:00","33.61600356034712","33.68250245164468","32.65873604281736","33.248779296875","44354000","GOOGL","Alphabet Inc. (GOOGL) Historical Data"
"2015-10-08 00:00:00-04:00","33.2214934859041","33.34258025776431","32.47910156002587","33.099910736083984","39308000","GOOGL","Alphabet Inc. (GOOGL) Historical Data"
"2015-10-09 00:00:00-04:00","33.12422406036488","33.45174741332424","32.869647317985795","33.31031799316406","32124000","GOOGL","Alphabet Inc. (GOOGL) Historical Data"
"2015-10-12 00:00:00-04:00","33.20858622019141","33.644789314657274","33.11181752516438","33.56787109375","26684000","GOOGL","Alphabet Inc. (GOOGL) Historical Data"
"2015-10-13 00:00:00-04:00","33.460192690197836","34.164867601793226","33.403121147782706","33.90235137939453","42446000","GOOGL","Alphabet Inc. (GOOGL) Historical Data"
"2015-10-14 00:00:00-04:00","33.93013255751556","34.24326495582343","33.69044274212037","33.765377044677734","31292000","GOOGL","Alphabet Inc. (GOOGL) Historical Data"
"2015-10-15 00:00:00-04:00","34.00556836859976","34.44772701590473","33.96289154989511","34.39115524291992","47156000","GOOGL","Alphabet Inc. (GOOGL) Historical Data"
"2015-10-16 00:00:00-04:00","34.509262594682745","34.549955501942556","34.19662612120126","34.50529098510742","36316000","GOOGL","Alphabet Inc. (GOOGL) Historical Data"
"2015-10-19 00:00:00-04:00","34.439780589871695","34.74944113070617","34.35095133888369","34.735050201416016","30172000","GOOGL","Alphabet Inc. (GOOGL) Historical Data"
"2015-10-20 00:00:00-04:00","34.632826116230504","34.638285659118345","33.431401077098116","33.745033264160156","52434000","GOOGL","Alphabet Inc. (GOOGL) Historical Data"
"2015-10-21 00:00:00-04:00","33.90432929623116","33.98819499296056","33.28352020596818","33.33810806274414","31952000","GOOGL","Alphabet Inc. (GOOGL) Historical Data"
"2015-10-22 00:00:00-04:00","33.51874259561277","34.14451525353218","33.33314463900608","33.801605224609375","88632000","GOOGL","Alphabet Inc. (GOOGL) Historical Data"
"2015-10-23 00:00:00-04:00","37.22176570069745","37.34285246587916","35.62780999430651","35.6967887878418","126726000","GOOGL","Alphabet Inc. (GOOGL) Historical Data"
"2015-10-26 00:00:00-04:00","35.73102584097521","36.4719297018128","35.73102584097521","36.281864166259766","48776000","GOOGL","Alphabet Inc. (GOOGL) Historical Data"
"2015-10-27 00:00:00-04:00","36.05607343125019","36.52205416079346","35.93548643094994","36.36623001098633","38778000","GOOGL","Alphabet Inc. (GOOGL) Historical Data"
"2015-10-28 00:00:00-04:00","36.375157571642276","36.592017250053274","36.09080326201105","36.56968688964844","39604000","GOOGL","Alphabet Inc. (GOOGL) Historical Data"
"2015-10-29 00:00:00-04:00","36.55529770318083","37.05948758220971","36.482347312405736","36.96321487426758","36520000","GOOGL","Alphabet Inc. (GOOGL) Historical Data"
"2015-10-30 00:00:00-04:00","36.998447219477676","37.03566448757477","36.55033313835504","36.59300994873047","39984000","GOOGL","Alphabet Inc. (GOOGL) Historical Data"
"2015-11-02 00:00:00-05:00","36.45108581129445","37.12846661643491","36.2982375527312","37.106632232666016","39914000","GOOGL","Alphabet Inc. (GOOGL) Historical Data"
"2015-11-03 00:00:00-05:00","36.991997582369684","37.30314607480245","36.780097667248654","37.16022872924805","36306000","GOOGL","Alphabet Inc. (GOOGL) Historical Data"
"2015-11-04 00:00:00-05:00","37.213824285230444","37.71007478990221","37.179086901347056","37.482295989990234","41840000","GOOGL","Alphabet Inc. (GOOGL) Historical Data"
"2015-11-05 00:00:00-05:00","37.6559785012239","38.0301540336404","37.589483394769","37.74828338623047","45486000","GOOGL","Alphabet Inc. (GOOGL) Historical Data"
"2015-11-06 00:00:00-05:00","37.68476572199348","37.86490412672247","37.46839821629869","37.794437408447266","33544000","GOOGL","Alphabet Inc. (GOOGL) Historical Data"
"2015-11-09 00:00:00-05:00","37.64158784582532","37.87879777209568","37.17461901933125","37.45549392700195","35538000","GOOGL","Alphabet Inc. (GOOGL) Historical Data"
"2015-11-10 00:00:00-05:00","37.391478856445374","37.74480817884704","37.139881785395815","37.628684997558594","29798000","GOOGL","Alphabet Inc. (GOOGL) Historical Data"
"2015-11-11 00:00:00-05:00","37.83314551155051","38.165632441469555","37.70263138633507","37.97557067871094","41866000","GOOGL","Alphabet Inc. (GOOGL) Historical Data"
"2015-11-12 00:00:00-05:00","37.72396558975158","38.00286037201333","37.50958578909172","37.5428352355957","35452000","GOOGL","Alphabet Inc. (GOOGL) Historical Data"
"2015-11-13 00:00:00-05:00","37.41926515802914","37.48328036979907","36.69622795539566","36.72600555419922","48188000","GOOGL","Alphabet Inc. (GOOGL) Historical Data"
"2015-11-16 00:00:00-05:00","36.73295428178053","37.303639237389675","36.441156520099184","37.2396240234375","50704000","GOOGL","Alphabet Inc. (GOOGL) Historical Data"
"2015-11-17 00:00:00-05:00","37.341362344406825","37.46443301410853","36.92351799812337","37.01929473876953","38864000","GOOGL","Alphabet Inc. (GOOGL) Historical Data"
"2015-11-18 00:00:00-05:00","37.197449321077265","37.769626090524056","37.08926556043931","37.71553421020508","36266000","GOOGL","Alphabet Inc. (GOOGL) Historical Data"
"2015-11-19 00:00:00-05:00","37.70411580304644","37.87532281719481","37.57757329898008","37.712059020996094","28078000","GOOGL","Alphabet Inc. (GOOGL) Historical Data"
"2015-11-20 00:00:00-05:00","38.17654741775388","38.67378982538205","37.918498848634584","38.558658599853516","55478000","GOOGL","Alphabet Inc. (GOOGL) Historical Data"
"2015-11-23 00:00:00-05:00","38.581986664320496","38.85145030994505","38.38546962775917","38.54377365112305","34648000","GOOGL","Alphabet Inc. (GOOGL) Historical Data"
"2015-11-24 00:00:00-05:00","38.35817600056143","38.50854059295471","37.62124373334218","38.19292449951172","47880000","GOOGL","Alphabet Inc. (GOOGL) Historical Data"
"2015-11-25 00:00:00-05:00","38.295151346189805","38.36016230734735","38.039086682747474","38.174564361572266","23612000","GOOGL","Alphabet Inc. (GOOGL) Historical Data"
"2015-11-27 00:00:00-05:00","38.1695983913245","38.40978417578421","38.06240660189492","38.309043884277344","14434000","GOOGL","Alphabet Inc. (GOOGL) Historical Data"
"2015-11-30 00:00:00-05:00","38.304082542033804","38.46089862651932","37.77061481137449","37.856468200683594","33586000","GOOGL","Alphabet Inc. (GOOGL) Historical Data"
"2015-12-01 00:00:00-05:00","38.05943752359612","38.95566584206893","38.01030920670793","38.8956184387207","40398000","GOOGL","Alphabet Inc. (GOOGL) Historical Data"
"2015-12-02 00:00:00-05:00","38.96806963136928","39.355144399320814","38.53037483087038","38.60084533691406","46876000","GOOGL","Alphabet Inc. (GOOGL) Historical Data"
"2015-12-03 00:00:00-05:00","38.73532915316572","38.929858502318396","37.83662097609839","38.12196350097656","41950000","GOOGL","Alphabet Inc. (GOOGL) Historical Data"
"2015-12-04 00:00:00-05:00","38.19689472082552","38.82762712082141","37.98847043502684","38.668331146240234","49800000","GOOGL","Alphabet Inc. (GOOGL) Historical Data"
"2015-12-07 00:00:00-05:00","38.710514408403206","38.757162833223155","38.04851643098514","38.35966873168945","36626000","GOOGL","Alphabet Inc. (GOOGL) Historical Data"
"2015-12-08 00:00:00-05:00","37.93834244808723","38.64053723475253","37.84008583584065","38.46635437011719","31082000","GOOGL","Alphabet Inc. (GOOGL) Historical Data"
"2015-12-09 00:00:00-05:00","38.26587526855723","38.51350453360641","37.31853100110351","37.84157943725586","46550000","GOOGL","Alphabet Inc. (GOOGL) Historical Data"
"2015-12-10 00:00:00-05:00","37.89318487063096","38.01625551503295","37.46690520152789","37.71701431274414","32458000","GOOGL","Alphabet Inc. (GOOGL) Historical Data"
"2015-12-11 00:00:00-05:00","37.169157311698804","37.587993545638916","37.151786729630395","37.2396240234375","43184000","GOOGL","Alphabet Inc. (GOOGL) Historical Data"
"2015-12-14 00:00:00-05:00","37.281313795347444","37.920981399703884","36.536938065215146","37.84108352661133","53864000","GOOGL","Alphabet Inc. (GOOGL) Historical Data"
"2015-12-15 00:00:00-05:00","38.101616526371046","38.447006447791104","37.61578913805301","37.719505310058594","49386000","GOOGL","Alphabet Inc. (GOOGL) Historical Data"
"2015-12-16 00:00:00-05:00","38.04107237726127","38.781976261495615","37.56864397393786","38.53831481933594","53120000","GOOGL","Alphabet Inc. (GOOGL) Historical Data"
"2015-12-17 00:00:00-05:00","38.765096066228054","38.786434470597825","38.17654455847705","38.20284652709961","36510000","GOOGL","Alphabet Inc. (GOOGL) Historical Data"
"2015-12-18 00:00:00-05:00","38.07382867759426","38.41673872805929","37.54581663678754","37.558719635009766","67794000","GOOGL","Alphabet Inc. (GOOGL) Historical Data"
"2015-12-21 00:00:00-05:00","37.86638963006958","38.03015318243674","37.424727045387485","37.75473403930664","34848000","GOOGL","Alphabet Inc. (GOOGL) Historical Data"
"2015-12-22 00:00:00-05:00","37.926937514968174","38.22815889974222","37.77458900689977","38.06886291503906","36338000","GOOGL","Alphabet Inc. (GOOGL) Historical Data"
"2015-12-23 00:00:00-05:00","38.24552811525875","38.30557551334191","37.59841706950993","38.13734436035156","30594000","GOOGL","Alphabet Inc. (GOOGL) Historical Data"
"2015-12-24 00:00:00-05:00","38.137846322882744","38.17159175435185","37.93289763037904","38.004852294921875","10412000","GOOGL","Alphabet Inc. (GOOGL) Historical Data"
"2015-12-28 00:00:00-05:00","38.21128499666828","38.84747692836857","38.09863744591142","38.818695068359375","31156000","GOOGL","Alphabet Inc. (GOOGL) Historical Data"
"2015-12-29 00:00:00-05:00","39.0544170123401","39.63503297706872","39.01521582751535","39.400306701660156","38430000","GOOGL","Alphabet Inc. (GOOGL) Historical Data"
"2015-12-30 00:00:00-05:00","39.400307662286544","39.5243702908027","39.06484107294103","39.21867752075195","28566000","GOOGL","Alphabet Inc. (GOOGL) Historical Data"
"2015-12-31 00:00:00-05:00","39.095603035943086","39.12091305153029","38.57454231863726","38.60878372192383","32752000","GOOGL","Alphabet Inc. (GOOGL) Historical Data"
"2016-01-04 00:00:00-05:00","37.824210024536455","37.824210024536455","37.09670516636444","37.6872444152832","67382000","GOOGL","Alphabet Inc. (GOOGL) Historical Data"
"2016-01-05 00:00:00-05:00","37.91850429630336","38.17158933715828","37.49917199841078","37.79096603393555","45216000","GOOGL","Alphabet Inc. (GOOGL) Historical Data"
"2016-01-06 00:00:00-05:00","37.237143339296075","37.999381728755125","37.11953223427161","37.68178176879883","48206000","GOOGL","Alphabet Inc. (GOOGL) Historical Data"
"2016-01-07 00:00:00-05:00","37.04460287523442","37.4822938876151","36.488305000305836","36.772159576416016","63132000","GOOGL","Alphabet Inc. (GOOGL) Historical Data"
"2016-01-08 00:00:00-05:00","37.10960710009006","37.22473832224059","36.172686032042485","36.27144241333008","47506000","GOOGL","Alphabet Inc. (GOOGL) Historical Data"
"2016-01-11 00:00:00-05:00","36.3230555921978","36.47838375713797","35.70820200349906","36.37863540649414","50896000","GOOGL","Alphabet Inc. (GOOGL) Historical Data"
"2016-01-12 00:00:00-05:00","36.759754768498375","37.13641023577878","36.54537494336249","36.98753356933594","46816000","GOOGL","Alphabet Inc. (GOOGL) Historical Data"
"2016-01-13 00:00:00-05:00","37.18602679191631","37.367656892959275","35.5702371139286","35.70869064331055","51728000","GOOGL","Alphabet Inc. (GOOGL) Historical Data"
"2016-01-14 00:00:00-05:00","35.950367474118316","36.71707350544237","34.985656484787164","36.29526138305664","55558000","GOOGL","Alphabet Inc. (GOOGL) Historical Data"
"2016-01-15 00:00:00-05:00","35.23328456634881","35.93647133507565","34.8124644135605","35.25809860229492","76676000","GOOGL","Alphabet Inc. (GOOGL) Historical Data"
"2016-01-19 00:00:00-05:00","35.73747950188986","35.99553188244211","35.22634209198821","35.68437957763672","48724000","GOOGL","Alphabet Inc. (GOOGL) Historical Data"
"2016-01-20 00:00:00-05:00","35.03031313302352","36.07492186747487","34.131109185136495","35.6585693359375","82440000","GOOGL","Alphabet Inc. (GOOGL) Historical Data"
"2016-01-21 00:00:00-05:00","35.738467791993244","36.606906079066235","35.288865762887305","36.061031341552734","51938000","GOOGL","Alphabet Inc. (GOOGL) Historical Data"
"2016-01-22 00:00:00-05:00","36.82178530689106","37.147328540145075","36.74735076132707","36.99348831176758","47146000","GOOGL","Alphabet Inc. (GOOGL) Historical Data"
"2016-01-25 00:00:00-05:00","36.91309916017457","37.34086685622891","36.35034975078268","36.40592956542969","45340000","GOOGL","Alphabet Inc. (GOOGL) Historical Data"
"2016-01-26 00:00:00-05:00","36.48482672498681","36.69573086881797","36.075913859887805","36.41435623168945","30940000","GOOGL","Alphabet Inc. (GOOGL) Historical Data"
"2016-01-27 00:00:00-05:00","36.51857486468166","36.51857486468166","35.40499094304119","35.60994338989258","42428000","GOOGL","Alphabet Inc. (GOOGL) Historical Data"
"2016-01-28 00:00:00-05:00","36.632716069974045","37.27635151969848","36.2560606047953","37.13442611694336","62104000","GOOGL","Alphabet Inc. (GOOGL) Historical Data"
"2016-01-29 00:00:00-05:00","37.16718219763568","37.96862575760717","36.93096418491758","37.78203582763672","75808000","GOOGL","Alphabet Inc. (GOOGL) Historical Data"
"2016-02-01 00:00:00-05:00","38.273814549313805","38.587942710930236","37.78351958612073","38.2495002746582","111522000","GOOGL","Alphabet Inc. (GOOGL) Historical Data"
"2016-02-02 00:00:00-05:00","39.72485147600155","40.213658489846225","38.737310318741926","38.7526969909668","135846000","GOOGL","Alphabet Inc. (GOOGL) Historical Data"
"2016-02-03 00:00:00-05:00","39.01918442769843","39.27475313841228","36.53693991263758","37.18802261352539","131114000","GOOGL","Alphabet Inc. (GOOGL) Historical Data"
"2016-02-04 00:00:00-05:00","36.95031306975174","36.982570561419266","35.859059542656034","36.2277717590332","104922000","GOOGL","Alphabet Inc. (GOOGL) Historical Data"
"2016-02-05 00:00:00-05:00","36.002972136236856","36.06351172363947","34.74447943373265","34.92412185668945","109556000","GOOGL","Alphabet Inc. (GOOGL) Historical Data"
"2016-02-08 00:00:00-05:00","34.126147732686995","34.961836286392035","33.84477307843579","34.9439697265625","89410000","GOOGL","Alphabet Inc. (GOOGL) Historical Data"
"2016-02-09 00:00:00-05:00","34.38767703291656","35.77767590682536","34.16684571478804","34.788150787353516","84300000","GOOGL","Alphabet Inc. (GOOGL) Historical Data"
"2016-02-10 00:00:00-05:00","35.32260675498803","35.889819827203176","35.005006809883476","35.077457427978516","60314000","GOOGL","Alphabet Inc. (GOOGL) Historical Data"
"2016-02-11 00:00:00-05:00","34.55591149495455","35.348919647227845","34.30034276929891","35.05315399169922","65004000","GOOGL","Alphabet Inc. (GOOGL) Historical Data"
"2016-02-12 00:00:00-05:00","35.34346046883848","35.53153833537288","34.815944381709144","35.0794563293457","46538000","GOOGL","Alphabet Inc. (GOOGL) Historical Data"
"2016-02-16 00:00:00-05:00","35.663039121631215","35.872955130987954","35.24271491113473","35.612918853759766","43444000","GOOGL","Alphabet Inc. (GOOGL) Historical Data"
"2016-02-17 00:00:00-05:00","36.07740219516523","36.412868703958615","35.561801094019586","36.324039459228516","49154000","GOOGL","Alphabet Inc. (GOOGL) Historical Data"
"2016-02-18 00:00:00-05:00","36.42279846482288","36.524030947870976","35.50919972559641","35.60646438598633","47276000","GOOGL","Alphabet Inc. (GOOGL) Historical Data"
"2016-02-19 00:00:00-05:00","35.526563290486344","35.930016610755615","35.38860574385648","35.83473587036133","34918000","GOOGL","Alphabet Inc. (GOOGL) Historical Data"
"2016-02-22 00:00:00-05:00","36.20196452286451","36.466964351124304","35.90123914520035","36.17913818359375","37516000","GOOGL","Alphabet Inc. (GOOGL) Historical Data"
"2016-02-23 00:00:00-05:00","36.03274165832613","36.27093972886918","35.51515285729935","35.595542907714844","41332000","GOOGL","Alphabet Inc. (GOOGL) Historical Data"
"2016-02-24 00:00:00-05:00","35.26405492416314","35.79057900104926","34.83777895976725","35.774696350097656","37092000","GOOGL","Alphabet Inc. (GOOGL) Historical Data"
"2016-02-25 00:00:00-05:00","35.875432714687015","36.20196408081207","35.394069181854505","36.182613372802734","36146000","GOOGL","Alphabet Inc. (GOOGL) Historical Data"
"2016-02-26 00:00:00-05:00","36.40493751031585","36.53197600456511","35.82630923720041","35.971214294433594","42474000","GOOGL","Alphabet Inc. (GOOGL) Historical Data"
"2016-02-29 00:00:00-05:00","35.77965336810352","36.25605330157172","35.57321301832496","35.592071533203125","45068000","GOOGL","Alphabet Inc. (GOOGL) Historical Data"
"2016-03-01 00:00:00-05:00","35.79454925862444","36.83816633116372","35.66254719352592","36.83022689819336","60112000","GOOGL","Alphabet Inc. (GOOGL) Historical Data"
"2016-03-02 00:00:00-05:00","36.864958898642634","36.87736213117078","36.387563173386724","36.69672775268555","36292000","GOOGL","Alphabet Inc. (GOOGL) Historical Data"
"2016-03-03 00:00:00-05:00","36.696729581586425","36.77215986668217","36.207922555156095","36.3051872253418","40534000","GOOGL","Alphabet Inc. (GOOGL) Historical Data"
"2016-03-04 00:00:00-05:00","36.46448832473148","36.47441166882942","36.00892694411916","36.237205505371094","48516000","GOOGL","Alphabet Inc. (GOOGL) Historical Data"
"2016-03-07 00:00:00-05:00","35.98559984271134","36.08782806796287","34.99260299897056","35.37273025512695","61690000","GOOGL","Alphabet Inc. (GOOGL) Historical Data"
"2016-03-08 00:00:00-05:00","35.15388572215254","35.84168966543364","34.93603406638649","35.408958435058594","52530000","GOOGL","Alphabet Inc. (GOOGL) Historical Data"
"2016-03-09 00:00:00-05:00","35.49034690094924","36.039697336594756","35.36578829544877","35.99850845336914","39544000","GOOGL","Alphabet Inc. (GOOGL) Historical Data"
"2016-03-10 00:00:00-05:00","36.11660967136832","36.5508287971323","35.89329849255441","36.33396911621094","44616000","GOOGL","Alphabet Inc. (GOOGL) Historical Data"
"2016-03-11 00:00:00-05:00","36.72005308164717","36.96569462909776","36.55876941518836","36.96420669555664","35380000","GOOGL","Alphabet Inc. (GOOGL) Historical Data"
"2016-03-14 00:00:00-04:00","36.96917341270694","37.43019053998108","36.90416244829631","37.23069763183594","32824000","GOOGL","Alphabet Inc. (GOOGL) Historical Data"
"2016-03-15 00:00:00-04:00","37.02127923653466","37.36816088720215","36.86347118063561","37.247074127197266","29832000","GOOGL","Alphabet Inc. (GOOGL) Historical Data"
"2016-03-16 00:00:00-04:00","37.17163777940017","37.66540831926003","37.04509528299452","37.584022521972656","29306000","GOOGL","Alphabet Inc. (GOOGL) Historical Data"
"2016-03-17 00:00:00-04:00","37.59842140533947","37.98003667270107","37.58403047302959","37.639610290527344","44564000","GOOGL","Alphabet Inc. (GOOGL) Historical Data"
"2016-03-18 00:00:00-04:00","37.7959236914242","37.82122991989948","37.30910061096213","37.48725509643555","56222000","GOOGL","Alphabet Inc. (GOOGL) Historical Data"
"2016-03-21 00:00:00-04:00","37.41282234245714","37.8807869761281","37.28181223558975","37.82223129272461","28774000","GOOGL","Alphabet Inc. (GOOGL) Historical Data"
"2016-03-22 00:00:00-04:00","37.637619957109884","37.96315937349524","37.609830053102485","37.71751403808594","22096000","GOOGL","Alphabet Inc. (GOOGL) Historical Data"
"2016-03-23 00:00:00-04:00","37.881274719167514","37.982510984404776","37.51801829715515","37.59394454956055","24678000","GOOGL","Alphabet Inc. (GOOGL) Historical Data"
"2016-03-24 00:00:00-04:00","37.27833853827925","37.59395085443817","37.24360115508138","37.4589729309082","31116000","GOOGL","Alphabet Inc. (GOOGL) Historical Data"
"2016-03-28 00:00:00-04:00","37.524970793595514","37.630674659384916","37.32002213272256","37.38155746459961","21676000","GOOGL","Alphabet Inc. (GOOGL) Historical Data"
"2016-03-29 00:00:00-04:00","37.40140208535203","38.07134322257798","37.13392615162235","38.00732421875","40062000","GOOGL","Alphabet Inc. (GOOGL) Historical Data"
"2016-03-30 00:00:00-04:00","38.1224547519491","38.574044471150266","38.091193003471254","38.12890625","40396000","GOOGL","Alphabet Inc. (GOOGL) Historical Data"
"2016-03-31 00:00:00-04:00","38.12891120788648","38.16563250350385","37.628193114475955","37.858951568603516","32554000","GOOGL","Alphabet Inc. (GOOGL) Historical Data"
"2016-04-01 00:00:00-04:00","37.57410288152156","38.213270710505526","37.476834425802885","38.19491195678711","31674000","GOOGL","Alphabet Inc. (GOOGL) Historical Data"
"2016-04-04 00:00:00-04:00","38.18696786380617","38.33237267312875","37.80386471471298","37.9691162109375","26924000","GOOGL","Alphabet Inc. (GOOGL) Historical Data"
"2016-04-05 00:00:00-04:00","37.62223910144288","37.857461342495476","37.49668476269407","37.644073486328125","24478000","GOOGL","Alphabet Inc. (GOOGL) Historical Data"
"2016-04-06 00:00:00-04:00","37.60784350560307","38.13287961678415","37.531421267245825","38.115509033203125","25312000","GOOGL","Alphabet Inc. (GOOGL) Historical Data"
"2016-04-07 00:00:00-04:00","37.97904163283596","38.17952649911455","37.590974897734576","37.72099304199219","25498000","GOOGL","Alphabet Inc. (GOOGL) Historical Data"
"2016-04-08 00:00:00-04:00","38.006328284792666","38.06885556242887","37.50511810810261","37.68872833251953","23434000","GOOGL","Alphabet Inc. (GOOGL) Historical Data"
"2016-04-11 00:00:00-04:00","37.985494696082064","38.07333200632389","37.583037013263265","37.592960357666016","31774000","GOOGL","Alphabet Inc. (GOOGL) Historical Data"
"2016-04-12 00:00:00-04:00","37.63712666570268","37.959190474029974","37.29669653122249","37.92941665649414","27388000","GOOGL","Alphabet Inc. (GOOGL) Historical Data"
"2016-04-13 00:00:00-04:00","38.22667033995892","38.49662996850048","37.94281575837545","38.30607223510742","35426000","GOOGL","Alphabet Inc. (GOOGL) Historical Data"
"2016-04-14 00:00:00-04:00","38.477279461348076","38.68818364752694","38.37107961533215","38.47876739501953","26992000","GOOGL","Alphabet Inc. (GOOGL) Historical Data"
"2016-04-15 00:00:00-04:00","38.48422739645302","38.75369105173666","38.4559377259045","38.70753860473633","31712000","GOOGL","Alphabet Inc. (GOOGL) Historical Data"
"2016-04-18 00:00:00-04:00","38.716965490459344","39.131833958236626","38.58893504514366","39.08865737915039","33540000","GOOGL","Alphabet Inc. (GOOGL) Historical Data"
"2016-04-19 00:00:00-04:00","39.22860084163421","39.250931203936716","38.22468484675957","38.52144241333008","43952000","GOOGL","Alphabet Inc. (GOOGL) Historical Data"
"2016-04-20 00:00:00-04:00","38.66585251141412","38.690666549805485","38.27431015647353","38.455440521240234","34262000","GOOGL","Alphabet Inc. (GOOGL) Historical Data"
"2016-04-21 00:00:00-04:00","38.5740486148809","38.79090832442027","38.288206330743826","38.70753860473633","77628000","GOOGL","Alphabet Inc. (GOOGL) Historical Data"
"2016-04-22 00:00:00-04:00","36.91656680205609","37.413313231947384","36.2446455376091","36.61186981201172","140798000","GOOGL","Alphabet Inc. (GOOGL) Historical Data"
"2016-04-25 00:00:00-04:00","36.4917766059682","36.9647009259917","36.479369588197805","36.83220291137695","49442000","GOOGL","Alphabet Inc. (GOOGL) Historical Data"
"2016-04-26 00:00:00-04:00","36.94187751942796","36.99993721811807","35.74591208995123","35.99652099609375","55864000","GOOGL","Alphabet Inc. (GOOGL) Historical Data"
"2016-04-27 00:00:00-04:00","35.994039927794645","36.08485310247026","35.18812884738829","35.802490234375","66262000","GOOGL","Alphabet Inc. (GOOGL) Historical Data"
"2016-04-28 00:00:00-04:00","35.893303492597134","36.18956510082308","34.8963349082586","34.9886360168457","62590000","GOOGL","Alphabet Inc. (GOOGL) Historical Data"
"2016-04-29 00:00:00-04:00","34.9419882876707","35.33849040191123","34.92511368228933","35.128578186035156","58278000","GOOGL","Alphabet Inc. (GOOGL) Historical Data"
"2016-05-02 00:00:00-04:00","35.32906625697301","35.50225719682701","35.05315110016992","35.452632904052734","33476000","GOOGL","Alphabet Inc. (GOOGL) Historical Data"
"2016-05-03 00:00:00-04:00","35.35784889935185","35.40102169426937","35.10128823331741","35.1563720703125","38620000","GOOGL","Alphabet Inc. (GOOGL) Historical Data"
"2016-05-04 00:00:00-04:00","35.07349829084855","35.48439138120511","34.93851657701335","35.30177307128906","34172000","GOOGL","Alphabet Inc. (GOOGL) Historical Data"
"2016-05-05 00:00:00-04:00","35.48190878330955","35.60845129080285","35.206489619631846","35.4675178527832","29668000","GOOGL","Alphabet Inc. (GOOGL) Historical Data"
"2016-05-06 00:00:00-04:00","35.34296341649924","36.027291808216624","35.33055639600851","35.98709487915039","39952000","GOOGL","Alphabet Inc. (GOOGL) Historical Data"
"2016-05-09 00:00:00-04:00","36.062518518497015","36.439173934663245","35.90371852935042","36.183109283447266","38074000","GOOGL","Alphabet Inc. (GOOGL) Historical Data"
"2016-05-10 00:00:00-04:00","36.472425274308534","36.722534418331186","36.30618182282669","36.691768646240234","32634000","GOOGL","Alphabet Inc. (GOOGL) Historical Data"
"2016-05-11 00:00:00-04:00","36.74834845523617","36.7622434107232","36.12207971627804","36.25358581542969","29834000","GOOGL","Alphabet Inc. (GOOGL) Historical Data"
"2016-05-12 00:00:00-04:00","36.32553757674062","36.492776793272625","35.94193839760929","36.13051223754883","27094000","GOOGL","Alphabet Inc. (GOOGL) Historical Data"
"2016-05-13 00:00:00-04:00","36.05855200370958","36.290298604769085","35.904215809532324","35.969722747802734","25244000","GOOGL","Alphabet Inc. (GOOGL) Historical Data"
"2016-05-16 00:00:00-04:00","35.944411425153625","36.35927606547364","35.73003162913223","36.24116897583008","22538000","GOOGL","Alphabet Inc. (GOOGL) Historical Data"
"2016-05-17 00:00:00-04:00","36.278890892855266","36.51659303766892","35.63078785303237","35.739463806152344","33404000","GOOGL","Alphabet Inc. (GOOGL) Historical Data"
"2016-05-18 00:00:00-04:00","35.65559159954055","36.00644100679405","35.48289666695266","35.818363189697266","32536000","GOOGL","Alphabet Inc. (GOOGL) Historical Data"
"2016-05-19 00:00:00-04:00","35.645672242814435","35.75484795221574","35.24916632942593","35.497291564941406","30598000","GOOGL","Alphabet Inc. (GOOGL) Historical Data"
"2016-05-20 00:00:00-04:00","35.55435955798808","36.112141518444105","35.48240112663658","35.81488800048828","34798000","GOOGL","Alphabet Inc. (GOOGL) Historical Data"
"2016-05-23 00:00:00-04:00","35.72904458549902","35.90372346173018","35.578184007171274","35.59356689453125","24816000","GOOGL","Alphabet Inc. (GOOGL) Historical Data"
"2016-05-24 00:00:00-04:00","35.72259319919181","36.43471146817612","35.712666068799244","36.376651763916016","37884000","GOOGL","Alphabet Inc. (GOOGL) Historical Data"
"2016-05-25 00:00:00-04:00","36.4744136705193","36.71707939028969","36.35531460435371","36.62825012207031","32216000","GOOGL","Alphabet Inc. (GOOGL) Historical Data"
"2016-05-26 00:00:00-04:00","36.52403416988524","36.77712297201267","36.375161299173726","36.570186614990234","27202000","GOOGL","Alphabet Inc. (GOOGL) Historical Data"
"2016-05-27 00:00:00-04:00","36.59897138235444","37.11507237120219","36.57415734222013","37.09968948364258","34802000","GOOGL","Alphabet Inc. (GOOGL) Historical Data"
"2016-05-31 00:00:00-04:00","37.15725268861202","37.39148298848767","36.998948655728036","37.161720275878906","42484000","GOOGL","Alphabet Inc. (GOOGL) Historical Data"
"2016-06-01 00:00:00-04:00","37.1428566650963","37.28676974672431","36.93790423427973","37.14236068725586","20788000","GOOGL","Alphabet Inc. (GOOGL) Historical Data"
"2016-06-02 00:00:00-04:00","37.02524614883594","37.0847975654609","36.57365642480011","36.93443298339844","33916000","GOOGL","Alphabet Inc. (GOOGL) Historical Data"
"2016-06-03 00:00:00-04:00","36.79647679788827","36.79647679788827","36.420317339719354","36.517086029052734","24608000","GOOGL","Alphabet Inc. (GOOGL) Historical Data"
"2016-06-06 00:00:00-04:00","36.648095758086136","36.648095758086136","36.14142597629198","36.2292594909668","29992000","GOOGL","Alphabet Inc. (GOOGL) Historical Data"
"2016-06-07 00:00:00-04:00","36.38855636242383","36.55926359960229","36.2659816905898","36.280372619628906","24314000","GOOGL","Alphabet Inc. (GOOGL) Historical Data"
"2016-06-08 00:00:00-04:00","36.69772012136151","36.911603949159","36.512621940075825","36.86793518066406","32314000","GOOGL","Alphabet Inc. (GOOGL) Historical Data"
"2016-06-09 00:00:00-04:00","36.57713578763428","36.91756214481762","36.54884990302641","36.847591400146484","19180000","GOOGL","Alphabet Inc. (GOOGL) Historical Data"
"2016-06-10 00:00:00-04:00","36.521555770108435","36.70467005218769","36.25159613700398","36.38459014892578","29050000","GOOGL","Alphabet Inc. (GOOGL) Historical Data"
"2016-06-13 00:00:00-04:00","36.21735945619332","36.672917106375735","36.21735945619332","36.31958770751953","23354000","GOOGL","Alphabet Inc. (GOOGL) Historical Data"
"2016-06-14 00:00:00-04:00","36.19204051909414","36.52403142556194","36.052595024595355","36.3875617980957","26584000","GOOGL","Alphabet Inc. (GOOGL) Historical Data"
"2016-06-15 00:00:00-04:00","36.47043864948237","36.58110229443643","36.29129219601864","36.334964752197266","23234000","GOOGL","Alphabet Inc. (GOOGL) Historical Data"
"2016-06-16 00:00:00-04:00","36.125047080754804","36.24563784997621","35.50870561856141","35.940940856933594","45002000","GOOGL","Alphabet Inc. (GOOGL) Historical Data"
"2016-06-17 00:00:00-04:00","35.799012305008986","35.799012305008986","34.79311239929035","34.94844055175781","82262000","GOOGL","Alphabet Inc. (GOOGL) Historical Data"
"2016-06-20 00:00:00-04:00","35.2491689516405","35.52508411290436","35.00600726285172","35.0417366027832","45654000","GOOGL","Alphabet Inc. (GOOGL) Historical Data"
"2016-06-21 00:00:00-04:00","35.23625946149615","35.500763296017745","34.968783546156665","35.178199768066406","30318000","GOOGL","Alphabet Inc. (GOOGL) Historical Data"
"2016-06-22 00:00:00-04:00","35.43476530285658","35.44270473513689","35.02932798994833","35.25710678100586","29058000","GOOGL","Alphabet Inc. (GOOGL) Historical Data"
"2016-06-23 00:00:00-04:00","35.26108022540139","35.4759560304029","34.74994280463064","35.475460052490234","42500000","GOOGL","Alphabet Inc. (GOOGL) Historical Data"
"2016-06-24 00:00:00-04:00","34.24971190464095","34.98565207220133","33.98868371803593","34.003074645996094","95436000","GOOGL","Alphabet Inc. (GOOGL) Historical Data"
"2016-06-27 00:00:00-04:00","33.86860010113485","33.91028496073053","33.380785019414105","33.801605224609375","58146000","GOOGL","Alphabet Inc. (GOOGL) Historical Data"
"2016-06-28 00:00:00-04:00","34.30926966236989","34.37725649246694","33.98571414010763","34.303810119628906","38246000","GOOGL","Alphabet Inc. (GOOGL) Historical Data"
"2016-06-29 00:00:00-04:00","34.45268404715995","34.71271651961875","34.374274115670566","34.49883270263672","43124000","GOOGL","Alphabet Inc. (GOOGL) Historical Data"
"2016-06-30 00:00:00-04:00","34.6209180565255","34.92462313975083","34.484448403029226","34.91271209716797","42250000","GOOGL","Alphabet Inc. (GOOGL) Historical Data"
"2016-07-01 00:00:00-04:00","34.99062043748875","35.359332645496195","34.92263361064311","35.24618911743164","30984000","GOOGL","Alphabet Inc. (GOOGL) Historical Data"
"2016-07-05 00:00:00-04:00","34.9861534269257","35.140485835922306","34.69435942841312","34.98019790649414","28440000","GOOGL","Alphabet Inc. (GOOGL) Historical Data"
"2016-07-06 00:00:00-04:00","34.72959668732177","35.38266330533006","34.687911825710025","35.182674407958984","28902000","GOOGL","Alphabet Inc. (GOOGL) Historical Data"
"2016-07-07 00:00:00-04:00","35.23924203564414","35.24221790279893","34.770781482468266","35.097808837890625","21174000","GOOGL","Alphabet Inc. (GOOGL) Historical Data"
"2016-07-08 00:00:00-04:00","35.26157252518358","35.62582093790213","35.13998979962691","35.61986541748047","29946000","GOOGL","Alphabet Inc. (GOOGL) Historical Data"
"2016-07-11 00:00:00-04:00","35.701258433709256","36.17319092896763","35.67396450148102","36.08734130859375","28822000","GOOGL","Alphabet Inc. (GOOGL) Historical Data"
"2016-07-12 00:00:00-04:00","36.3215636845513","36.5041819726617","36.102220318805394","36.3508415222168","26468000","GOOGL","Alphabet Inc. (GOOGL) Historical Data"
"2016-07-13 00:00:00-04:00","36.500214816525784","36.500214816525784","36.17765126018955","36.200477600097656","20436000","GOOGL","Alphabet Inc. (GOOGL) Historical Data"
"2016-07-14 00:00:00-04:00","36.421801870581575","36.53097756857131","36.25555843449365","36.51410675048828","21408000","GOOGL","Alphabet Inc. (GOOGL) Historical Data"
"2016-07-15 00:00:00-04:00","36.772160266630515","36.772160266630515","36.45654416993109","36.50567626953125","32342000","GOOGL","Alphabet Inc. (GOOGL) Historical Data"
"2016-07-18 00:00:00-04:00","36.618815969382744","37.473855255432206","36.549341211486535","37.37758255004883","38698000","GOOGL","Alphabet Inc. (GOOGL) Historical Data"
"2016-07-19 00:00:00-04:00","37.21233351393926","37.54581237379083","37.143850707206795","37.38800811767578","30436000","GOOGL","Alphabet Inc. (GOOGL) Historical Data"
"2016-07-20 00:00:00-04:00","37.419768610029756","37.74679978175306","37.419768610029756","37.570133209228516","22502000","GOOGL","Alphabet Inc. (GOOGL) Historical Data"
"2016-07-21 00:00:00-04:00","37.56615610793469","37.623227633478145","37.29421259823522","37.43762969970703","19062000","GOOGL","Alphabet Inc. (GOOGL) Historical Data"
"2016-07-22 00:00:00-04:00","37.58204516795567","37.68774525565149","37.35079073151822","37.6793098449707","20920000","GOOGL","Alphabet Inc. (GOOGL) Historical Data"
"2016-07-25 00:00:00-04:00","37.59990415364283","37.706103994637665","37.42075770528802","37.59196472167969","21466000","GOOGL","Alphabet Inc. (GOOGL) Historical Data"
"2016-07-26 00:00:00-04:00","37.59196769058156","37.67831706544286","37.35525750223135","37.598419189453125","23792000","GOOGL","Alphabet Inc. (GOOGL) Historical Data"
"2016-07-27 00:00:00-04:00","37.66392467239359","37.93586821198578","37.51306410076188","37.81279754638672","32172000","GOOGL","Alphabet Inc. (GOOGL) Historical Data"
"2016-07-28 00:00:00-04:00","38.153728975750795","38.16018047527097","37.66988165610245","38.004852294921875","73464000","GOOGL","Alphabet Inc. (GOOGL) Historical Data"
"2016-07-29 00:00:00-04:00","39.58639862865845","39.895559434781816","39.203787663469804","39.270286560058594","101810000","GOOGL","Alphabet Inc. (GOOGL) Historical Data"
"2016-08-01 00:00:00-04:00","39.038534655865156","40.07172847201896","38.957644831751125","39.74668502807617","60594000","GOOGL","Alphabet Inc. (GOOGL) Historical Data"
"2016-08-02 00:00:00-04:00","39.56753630113983","39.81516553779431","39.42858678680272","39.705989837646484","39928000","GOOGL","Alphabet Inc. (GOOGL) Historical Data"
"2016-08-03 00:00:00-04:00","39.52485966609494","39.677208154709525","39.353652661568205","39.64643859863281","29206000","GOOGL","Alphabet Inc. (GOOGL) Historical Data"
"2016-08-04 00:00:00-04:00","39.612700246767346","39.70996492459635","39.398320415988366","39.56357192993164","21520000","GOOGL","Alphabet Inc. (GOOGL) Historical Data"
"2016-08-05 00:00:00-04:00","39.70549527226197","40.05832861288158","39.59135600365888","40.04393768310547","36146000","GOOGL","Alphabet Inc. (GOOGL) Historical Data"
"2016-08-08 00:00:00-04:00","39.997788695830934","40.07719059147321","39.78390485601482","39.95957946777344","24426000","GOOGL","Alphabet Inc. (GOOGL) Historical Data"
"2016-08-09 00:00:00-04:00","39.92284737003179","40.36153405833834","39.90150896619902","40.07122802734375","32154000","GOOGL","Alphabet Inc. (GOOGL) Historical Data"
"2016-08-10 00:00:00-04:00","40.04989447611076","40.23995622241922","40.022104571371635","40.12135314941406","18370000","GOOGL","Alphabet Inc. (GOOGL) Historical Data"
"2016-08-11 00:00:00-04:00","40.21961166919068","40.388834781018886","39.99778839867648","40.106964111328125","25646000","GOOGL","Alphabet Inc. (GOOGL) Historical Data"
"2016-08-12 00:00:00-04:00","39.952635374796046","40.056847532084184","39.88067692751473","40.04990005493164","17946000","GOOGL","Alphabet Inc. (GOOGL) Historical Data"
"2016-08-15 00:00:00-04:00","40.05783514271895","40.26377954529082","39.90002709706038","39.99580383300781","18596000","GOOGL","Alphabet Inc. (GOOGL) Historical Data"
"2016-08-16 00:00:00-04:00","39.87372570749242","39.91144274340356","39.55116213506504","39.75909423828125","21158000","GOOGL","Alphabet Inc. (GOOGL) Historical Data"
"2016-08-17 00:00:00-04:00","39.70003791868389","39.97942869228269","39.51642388031734","39.9690055847168","21322000","GOOGL","Alphabet Inc. (GOOGL) Historical Data"
"2016-08-18 00:00:00-04:00","39.966031872791405","40.09704197469958","39.780929890816125","39.836509704589844","17292000","GOOGL","Alphabet Inc. (GOOGL) Historical Data"
"2016-08-19 00:00:00-04:00","39.68961425481412","39.7610767148754","39.54520897326724","39.68266677856445","22416000","GOOGL","Alphabet Inc. (GOOGL) Historical Data"
"2016-08-22 00:00:00-04:00","39.626093543419316","39.66529851012099","39.41866121935832","39.54867935180664","17056000","GOOGL","Alphabet Inc. (GOOGL) Historical Data"
"2016-08-23 00:00:00-04:00","39.72385269680849","39.74965868840932","39.50103749556139","39.53081130981445","18350000","GOOGL","Alphabet Inc. (GOOGL) Historical Data"
"2016-08-24 00:00:00-04:00","39.54421453019754","39.62361642485331","39.2415014324812","39.38243865966797","25672000","GOOGL","Alphabet Inc. (GOOGL) Historical Data"
"2016-08-25 00:00:00-04:00","39.30303648492487","39.438018190441454","39.06632630848028","39.2682991027832","24054000","GOOGL","Alphabet Inc. (GOOGL) Historical Data"
"2016-08-26 00:00:00-04:00","39.32735729276794","39.670267337207996","39.17451280066732","39.363582611083984","24978000","GOOGL","Alphabet Inc. (GOOGL) Historical Data"
"2016-08-29 00:00:00-04:00","39.35514171663045","39.626589256355444","39.21966404264613","39.49260330200195","15474000","GOOGL","Alphabet Inc. (GOOGL) Historical Data"
"2016-08-30 00:00:00-04:00","39.346705010586184","39.60078574511991","39.177481918143755","39.29906463623047","23348000","GOOGL","Alphabet Inc. (GOOGL) Historical Data"
"2016-08-31 00:00:00-04:00","39.183935449675836","39.281696092613316","39.06483640065046","39.19634246826172","21428000","GOOGL","Alphabet Inc. (GOOGL) Historical Data"
"2016-09-01 00:00:00-04:00","39.302043884929844","39.3472043740191","39.02166494298614","39.27326202392578","26070000","GOOGL","Alphabet Inc. (GOOGL) Historical Data"
"2016-09-02 00:00:00-04:00","39.465313954956045","39.55612713063201","39.36556560482018","39.54471206665039","26998000","GOOGL","Alphabet Inc. (GOOGL) Historical Data"
"2016-09-06 00:00:00-04:00","39.62014215915034","40.240455284688544","39.473253192283245","40.0980339050293","39790000","GOOGL","Alphabet Inc. (GOOGL) Historical Data"
"2016-09-07 00:00:00-04:00","40.09356651957852","40.22606455577588","39.88464623910628","40.0965461730957","22906000","GOOGL","Alphabet Inc. (GOOGL) Historical Data"
"2016-09-08 00:00:00-04:00","39.95907996294997","40.117879954127496","39.75015592048381","39.84096908569336","23554000","GOOGL","Alphabet Inc. (GOOGL) Historical Data"
"2016-09-09 00:00:00-04:00","39.63899833518388","39.786883035206195","39.10701852680097","39.12835693359375","37752000","GOOGL","Alphabet Inc. (GOOGL) Historical Data"
"2016-09-12 00:00:00-04:00","38.93184121214883","39.70847057554531","38.88122118363669","39.6414794921875","37274000","GOOGL","Alphabet Inc. (GOOGL) Historical Data"
"2016-09-13 00:00:00-04:00","39.40277873377451","39.49111200215033","38.92240719269239","39.140262603759766","36180000","GOOGL","Alphabet Inc. (GOOGL) Historical Data"
"2016-09-14 00:00:00-04:00","39.081211071931776","39.517913893274326","39.081211071931776","39.22661209106445","25842000","GOOGL","Alphabet Inc. (GOOGL) Historical Data"
"2016-09-15 00:00:00-04:00","39.20428778400882","39.88117271831821","39.13729290246255","39.76108169555664","31144000","GOOGL","Alphabet Inc. (GOOGL) Historical Data"
"2016-09-16 00:00:00-04:00","39.65140453409231","39.65140453409231","39.38342883090761","39.59929656982422","42612000","GOOGL","Alphabet Inc. (GOOGL) Historical Data"
"2016-09-19 00:00:00-04:00","39.75511459417424","39.898035704478275","39.38044691676352","39.47126007080078","22990000","GOOGL","Alphabet Inc. (GOOGL) Historical Data"
"2016-09-20 00:00:00-04:00","39.70003651669637","39.836506149440616","39.61368715023783","39.689117431640625","20984000","GOOGL","Alphabet Inc. (GOOGL) Historical Data"
"2016-09-21 00:00:00-04:00","39.76256773011647","39.99332618393556","39.50302741333109","39.94965362548828","26970000","GOOGL","Alphabet Inc. (GOOGL) Historical Data"
"2016-09-22 00:00:00-04:00","40.196288436832035","40.645890488382086","40.082648925777185","40.49155807495117","35186000","GOOGL","Alphabet Inc. (GOOGL) Historical Data"
"2016-09-23 00:00:00-04:00","40.45135997646666","40.543661077902705","40.33176494828004","40.44242858886719","28234000","GOOGL","Alphabet Inc. (GOOGL) Historical Data"
"2016-09-26 00:00:00-04:00","40.187348275483494","40.200251269623934","39.72235965301929","39.83153533935547","29454000","GOOGL","Alphabet Inc. (GOOGL) Historical Data"
"2016-09-27 00:00:00-04:00","39.790850811853275","40.36947904221922","39.790850811853275","40.232513427734375","27346000","GOOGL","Alphabet Inc. (GOOGL) Historical Data"
"2016-09-28 00:00:00-04:00","39.902506952979145","40.20869567824468","39.83799575392633","40.19926452636719","29406000","GOOGL","Alphabet Inc. (GOOGL) Historical Data"
"2016-09-29 00:00:00-04:00","40.05883351149204","40.39032852019267","39.742721391689386","39.8310546875","27000000","GOOGL","Alphabet Inc. (GOOGL) Historical Data"
"2016-09-30 00:00:00-04:00","39.87868580693293","40.101501013469054","39.77447366848317","39.901512145996094","33204000","GOOGL","Alphabet Inc. (GOOGL) Historical Data"
"2016-10-03 00:00:00-04:00","39.826578944823616","39.87570725530058","39.51295056512413","39.718894958496094","29784000","GOOGL","Alphabet Inc. (GOOGL) Historical Data"
"2016-10-04 00:00:00-04:00","39.9481612150694","40.02259953976899","39.683661148855165","39.8384895324707","25174000","GOOGL","Alphabet Inc. (GOOGL) Historical Data"
"2016-10-05 00:00:00-04:00","39.99779189556535","40.121854527863064","39.7352756987994","39.76108169555664","24276000","GOOGL","Alphabet Inc. (GOOGL) Historical Data"
"2016-10-06 00:00:00-04:00","39.90250667541786","40.04493183353091","39.725347921671634","39.852882385253906","21998000","GOOGL","Alphabet Inc. (GOOGL) Historical Data"
"2016-10-07 00:00:00-04:00","39.994315777435084","39.99481175531273","39.54223004891363","39.73527145385742","23262000","GOOGL","Alphabet Inc. (GOOGL) Historical Data"
"2016-10-10 00:00:00-04:00","39.89505966071338","40.56251709420887","39.81119397418558","40.403221130371094","29922000","GOOGL","Alphabet Inc. (GOOGL) Historical Data"
"2016-10-11 00:00:00-04:00","40.40322057139471","40.685587183047","40.06577013253769","40.17494583129883","34432000","GOOGL","Alphabet Inc. (GOOGL) Historical Data"
"2016-10-12 00:00:00-04:00","40.29355364759973","40.4196001794308","40.124334323432066","40.28412628173828","18158000","GOOGL","Alphabet Inc. (GOOGL) Historical Data"
"2016-10-13 00:00:00-04:00","40.001264173264374","40.025578448100006","39.63155619702256","39.90250778198242","27380000","GOOGL","Alphabet Inc. (GOOGL) Historical Data"
"2016-10-14 00:00:00-04:00","40.06974741680068","40.20075751665259","39.815170671603966","39.928314208984375","22238000","GOOGL","Alphabet Inc. (GOOGL) Historical Data"
"2016-10-17 00:00:00-04:00","39.99729364904683","40.36948152483003","39.89010563074342","40.03947448730469","21128000","GOOGL","Alphabet Inc. (GOOGL) Historical Data"
"2016-10-18 00:00:00-04:00","40.40521073222805","41.12973600705416","40.36154196040538","40.766483306884766","45786000","GOOGL","Alphabet Inc. (GOOGL) Historical Data"
"2016-10-19 00:00:00-04:00","40.83545773945552","41.178863714771445","40.83545773945552","41.0319709777832","30002000","GOOGL","Alphabet Inc. (GOOGL) Historical Data"
"2016-10-20 00:00:00-04:00","41.06769993282552","41.11286041920532","40.719830160100656","40.7734260559082","27878000","GOOGL","Alphabet Inc. (GOOGL) Historical Data"
"2016-10-21 00:00:00-04:00","40.69253944892191","40.905431329349284","40.608673753681884","40.89401626586914","32316000","GOOGL","Alphabet Inc. (GOOGL) Historical Data"
"2016-10-24 00:00:00-04:00","41.19325767882507","41.58281233923913","41.14114971222664","41.473636627197266","28952000","GOOGL","Alphabet Inc. (GOOGL) Historical Data"
"2016-10-25 00:00:00-04:00","41.6105956476895","41.6105956476895","40.95554526538859","41.11682891845703","37814000","GOOGL","Alphabet Inc. (GOOGL) Historical Data"
"2016-10-26 00:00:00-04:00","41.04587013414104","41.07515176062275","40.51141040816944","40.7967529296875","35898000","GOOGL","Alphabet Inc. (GOOGL) Historical Data"
"2016-10-27 00:00:00-04:00","40.84191003872041","41.019068786181144","40.42505768673343","40.561031341552734","59470000","GOOGL","Alphabet Inc. (GOOGL) Historical Data"
"2016-10-28 00:00:00-04:00","41.18581673495188","41.63541882161264","40.54366542073676","40.67070770263672","87098000","GOOGL","Alphabet Inc. (GOOGL) Historical Data"
"2016-10-31 00:00:00-04:00","40.813127187784964","40.823054317799844","40.097041122760764","40.19132614135742","44854000","GOOGL","Alphabet Inc. (GOOGL) Historical Data"
"2016-11-01 00:00:00-04:00","40.23945693806719","40.39280116548648","39.61368436890236","39.97197723388672","47118000","GOOGL","Alphabet Inc. (GOOGL) Historical Data"
"2016-11-02 00:00:00-04:00","40.03550856481578","40.03550856481578","38.95566618143892","39.12538528442383","47014000","GOOGL","Alphabet Inc. (GOOGL) Historical Data"
"2016-11-03 00:00:00-04:00","38.93085080427274","39.2037900978715","38.639552755858325","38.816219329833984","43504000","GOOGL","Alphabet Inc. (GOOGL) Historical Data"
"2016-11-04 00:00:00-04:00","38.275792232242736","39.12835157583197","38.26090532592255","38.76211929321289","39412000","GOOGL","Alphabet Inc. (GOOGL) Historical Data"
"2016-11-07 00:00:00-05:00","39.44943579679491","39.948166198139184","39.347703533218564","39.80078125","39852000","GOOGL","Alphabet Inc. (GOOGL) Historical Data"
"2016-11-08 00:00:00-05:00","39.80077743122523","40.49602103004838","39.68117861597495","40.2945442199707","35382000","GOOGL","Alphabet Inc. (GOOGL) Historical Data"
"2016-11-09 00:00:00-05:00","39.79084618306013","40.28114107599666","39.30501887654253","39.97743606567383","61970000","GOOGL","Alphabet Inc. (GOOGL) Historical Data"
"2016-11-10 00:00:00-05:00","40.19628416441805","40.19926003135776","38.12344518339161","38.721923828125","118192000","GOOGL","Alphabet Inc. (GOOGL) Historical Data"
"2016-11-11 00:00:00-05:00","38.549231127786086","38.57304942295509","37.98995741521665","38.29813003540039","71852000","GOOGL","Alphabet Inc. (GOOGL) Historical Data"
"2016-11-14 00:00:00-05:00","38.298628520048524","38.29962047581752","36.90069024300515","37.378578186035156","73766000","GOOGL","Alphabet Inc. (GOOGL) Historical Data"
"2016-11-15 00:00:00-05:00","37.98648243293769","38.71944684458934","37.974079200334565","38.467350006103516","58878000","GOOGL","Alphabet Inc. (GOOGL) Historical Data"
"2016-11-16 00:00:00-05:00","38.23213067257995","38.881225655855275","38.029165915615934","38.706546783447266","35968000","GOOGL","Alphabet Inc. (GOOGL) Historical Data"
"2016-11-17 00:00:00-05:00","38.83159541945174","39.149195385809875","38.70008936085455","39.013221740722656","30674000","GOOGL","Alphabet Inc. (GOOGL) Historical Data"
"2016-11-18 00:00:00-05:00","39.063347327242795","39.267799994654","38.47677970064302","38.507545471191406","36126000","GOOGL","Alphabet Inc. (GOOGL) Historical Data"
"2016-11-21 00:00:00-05:00","38.61324904356612","39.032581309353134","38.523923804782555","38.94573974609375","32616000","GOOGL","Alphabet Inc. (GOOGL) Historical Data"
"2016-11-22 00:00:00-05:00","39.15367057449837","39.39087674663414","38.89313829582923","38.955665588378906","27884000","GOOGL","Alphabet Inc. (GOOGL) Historical Data"
"2016-11-23 00:00:00-05:00","39.17996581678805","39.17996581678805","38.34278930902145","38.65790939331055","26260000","GOOGL","Alphabet Inc. (GOOGL) Historical Data"
"2016-11-25 00:00:00-05:00","38.837059277296895","38.85145020792031","38.61771590062323","38.71895217895508","12270000","GOOGL","Alphabet Inc. (GOOGL) Historical Data"
"2016-11-28 00:00:00-05:00","38.62565344589951","39.68713313158166","38.61324642739143","38.99486541748047","51508000","GOOGL","Alphabet Inc. (GOOGL) Historical Data"
"2016-11-29 00:00:00-05:00","39.12338712352837","39.5233648182351","38.97252658035238","39.17599105834961","31240000","GOOGL","Alphabet Inc. (GOOGL) Historical Data"
"2016-11-30 00:00:00-05:00","39.15912852164099","39.27872355867141","38.36760837343348","38.503082275390625","45582000","GOOGL","Alphabet Inc. (GOOGL) Historical Data"
"2016-12-01 00:00:00-05:00","38.635583087431","38.63806297685768","37.385525725757915","37.92991256713867","57342000","GOOGL","Alphabet Inc. (GOOGL) Historical Data"
"2016-12-02 00:00:00-05:00","37.80932473476723","38.2361004442691","37.66541164332212","37.936363220214844","34376000","GOOGL","Alphabet Inc. (GOOGL) Historical Data"
"2016-12-05 00:00:00-05:00","38.21128448861968","38.70753493652383","38.060919906264076","38.61920166015625","33770000","GOOGL","Alphabet Inc. (GOOGL) Historical Data"
"2016-12-06 00:00:00-05:00","38.71696031343343","38.96955311114852","38.3760380299774","38.51796340942383","34682000","GOOGL","Alphabet Inc. (GOOGL) Historical Data"
"2016-12-07 00:00:00-05:00","38.705056464199906","39.303035398386605","38.386460726976026","39.276737213134766","40588000","GOOGL","Alphabet Inc. (GOOGL) Historical Data"
"2016-12-08 00:00:00-05:00","39.35018236538926","39.65041558282734","39.10007320456806","39.460350036621094","32250000","GOOGL","Alphabet Inc. (GOOGL) Historical Data"
"2016-12-09 00:00:00-05:00","39.66530096986102","40.193808941970715","39.60326965993606","40.16899490356445","38090000","GOOGL","Alphabet Inc. (GOOGL) Historical Data"
"2016-12-12 00:00:00-05:00","39.93923087169484","40.26328236335778","39.92483994144819","40.09207534790039","32572000","GOOGL","Alphabet Inc. (GOOGL) Historical Data"
"2016-12-13 00:00:00-05:00","40.314891655608136","40.90592691181696","40.292561292836965","40.46128463745117","42564000","GOOGL","Alphabet Inc. (GOOGL) Historical Data"
"2016-12-14 00:00:00-05:00","40.49006894588856","40.903941647693976","40.33424481733955","40.58782958984375","35994000","GOOGL","Alphabet Inc. (GOOGL) Historical Data"
"2016-12-15 00:00:00-05:00","40.561526957518716","40.84141369647383","40.29553517063618","40.47666931152344","35394000","GOOGL","Alphabet Inc. (GOOGL) Historical Data"
"2016-12-16 00:00:00-05:00","40.60867105289414","40.65283579804835","40.102989453491496","40.18834686279297","51978000","GOOGL","Alphabet Inc. (GOOGL) Historical Data"
"2016-12-19 00:00:00-05:00","40.16055489285455","40.50495280725989","39.92334497979842","40.32034683227539","25272000","GOOGL","Alphabet Inc. (GOOGL) Historical Data"
"2016-12-20 00:00:00-05:00","40.36352109473915","40.51835326157836","40.2459099826058","40.4543342590332","25438000","GOOGL","Alphabet Inc. (GOOGL) Historical Data"
"2016-12-21 00:00:00-05:00","40.48014073835432","40.48014073835432","39.953124520746776","40.30546188354492","29192000","GOOGL","Alphabet Inc. (GOOGL) Historical Data"
"2016-12-22 00:00:00-05:00","40.151622805432","40.24938344032839","39.99927053602994","40.18040466308594","22632000","GOOGL","Alphabet Inc. (GOOGL) Historical Data"
"2016-12-23 00:00:00-05:00","40.09753171856805","40.24442066269139","39.95361864139527","40.08710861206055","15310000","GOOGL","Alphabet Inc. (GOOGL) Historical Data"
"2016-12-27 00:00:00-05:00","40.13077875351724","40.49403519672804","39.987861413183495","40.19281005859375","19520000","GOOGL","Alphabet Inc. (GOOGL) Historical Data"
"2016-12-28 00:00:00-05:00","40.36154163847913","40.36154163847913","39.82112639364336","39.92682647705078","24296000","GOOGL","Alphabet Inc. (GOOGL) Historical Data"
"2016-12-29 00:00:00-05:00","39.81566642926072","39.98538173439257","39.607738109925165","39.842960357666016","21148000","GOOGL","Alphabet Inc. (GOOGL) Historical Data"
"2016-12-30 00:00:00-05:00","39.85933838638653","39.863309995928184","39.18493334079483","39.325374603271484","34718000","GOOGL","Alphabet Inc. (GOOGL) Historical Data"
"2017-01-03 00:00:00-05:00","39.73080209555945","40.26774545030832","39.545703917091544","40.0975341796875","39180000","GOOGL","Alphabet Inc. (GOOGL) Historical Data"
"2017-01-04 00:00:00-05:00","40.19082879563864","40.366503401669846","39.903998354295574","40.08562469482422","30306000","GOOGL","Alphabet Inc. (GOOGL) Historical Data"
"2017-01-05 00:00:00-05:00","40.07222584262852","40.38188641152178","39.993819691175254","40.34615707397461","26810000","GOOGL","Alphabet Inc. (GOOGL) Historical Data"
"2017-01-06 00:00:00-05:00","40.44391838306494","41.13718188276882","40.27072744913276","40.951087951660156","40342000","GOOGL","Alphabet Inc. (GOOGL) Historical Data"
"2017-01-09 00:00:00-05:00","41.0086502746762","41.210127085503736","40.772932060539","41.04884719848633","28178000","GOOGL","Alphabet Inc. (GOOGL) Historical Data"
"2017-01-10 00:00:00-05:00","41.04338763405684","41.159510818527565","40.848362321700826","40.99078369140625","23948000","GOOGL","Alphabet Inc. (GOOGL) Historical Data"
"2017-01-11 00:00:00-05:00","41.021058888553455","41.18382671550217","40.76549019150774","41.18184280395508","26508000","GOOGL","Alphabet Inc. (GOOGL) Historical Data"
"2017-01-12 00:00:00-05:00","41.10839096968114","41.20764332521419","40.742654652897116","41.165462493896484","26990000","GOOGL","Alphabet Inc. (GOOGL) Historical Data"
"2017-01-13 00:00:00-05:00","41.23841516790077","41.41954553755068","41.16497257868924","41.23543930053711","25804000","GOOGL","Alphabet Inc. (GOOGL) Historical Data"
"2017-01-17 00:00:00-05:00","41.18878684829836","41.19771823560679","40.851336394965074","41.062740325927734","28818000","GOOGL","Alphabet Inc. (GOOGL) Historical Data"
"2017-01-18 00:00:00-05:00","41.17886096363709","41.17935694145192","40.89500263776526","41.14015197753906","20554000","GOOGL","Alphabet Inc. (GOOGL) Historical Data"
"2017-01-19 00:00:00-05:00","41.139163600564935","41.33766454038061","40.889054460886065","40.90939712524414","21410000","GOOGL","Alphabet Inc. (GOOGL) Historical Data"
"2017-01-20 00:00:00-05:00","41.14362936622756","41.15107660663391","40.92081414245824","41.09797668457031","26124000","GOOGL","Alphabet Inc. (GOOGL) Historical Data"
"2017-01-23 00:00:00-05:00","41.2686923032131","41.9599681780758","41.124283215735005","41.904884338378906","49148000","GOOGL","Alphabet Inc. (GOOGL) Historical Data"
"2017-01-24 00:00:00-05:00","42.03142032387728","42.256719213077204","41.79818200283484","42.15796661376953","33768000","GOOGL","Alphabet Inc. (GOOGL) Historical Data"
"2017-01-25 00:00:00-05:00","42.357458610615055","42.61749108882122","42.16838503962544","42.60062026977539","33108000","GOOGL","Alphabet Inc. (GOOGL) Historical Data"
"2017-01-26 00:00:00-05:00","42.63039602473197","42.72716471495005","42.20709594878447","42.527671813964844","69866000","GOOGL","Alphabet Inc. (GOOGL) Historical Data"
"2017-01-27 00:00:00-05:00","42.627921621445374","43.024919776931355","41.779333662763165","41.93465805053711","75050000","GOOGL","Alphabet Inc. (GOOGL) Historical Data"
"2017-01-30 00:00:00-05:00","41.53914494795873","41.547580358366034","40.74365318616884","40.882606506347656","70338000","GOOGL","Alphabet Inc. (GOOGL) Historical Data"
"2017-01-31 00:00:00-05:00","40.667727740416986","40.844890292997185","40.36501462672483","40.701969146728516","40404000","GOOGL","Alphabet Inc. (GOOGL) Historical Data"
"2017-02-01 00:00:00-05:00","40.891036827172215","40.891036827172215","40.307941048389026","40.456321716308594","45020000","GOOGL","Alphabet Inc. (GOOGL) Historical Data"
"2017-02-02 00:00:00-05:00","40.444413859380475","40.91882995126663","40.29802087738559","40.6061897277832","33784000","GOOGL","Alphabet Inc. (GOOGL) Historical Data"
"2017-02-03 00:00:00-05:00","40.84786652297752","40.996739391700366","40.660280877807196","40.69898986816406","30562000","GOOGL","Alphabet Inc. (GOOGL) Historical Data"
"2017-02-06 00:00:00-05:00","40.73819276571827","40.811139369718404","40.40917772268014","40.77293014526367","27018000","GOOGL","Alphabet Inc. (GOOGL) Historical Data"
"2017-02-07 00:00:00-05:00","40.965483151325905","41.28407514649871","40.85581144998814","41.15058135986328","33332000","GOOGL","Alphabet Inc. (GOOGL) Historical Data"
"2017-02-08 00:00:00-05:00","41.215088300547556","41.39969428117468","40.946120654169825","41.182830810546875","26044000","GOOGL","Alphabet Inc. (GOOGL) Historical Data"
"2017-02-09 00:00:00-05:00","41.27463856907488","41.287045588029244","41.01510205722818","41.19176483154297","23884000","GOOGL","Alphabet Inc. (GOOGL) Historical Data"
"2017-02-10 00:00:00-05:00","41.335185069080474","41.543609373344424","41.21410209588038","41.429473876953125","28302000","GOOGL","Alphabet Inc. (GOOGL) Historical Data"
"2017-02-13 00:00:00-05:00","41.570895600475346","41.77138422105831","41.49894095617691","41.633426666259766","25914000","GOOGL","Alphabet Inc. (GOOGL) Historical Data"
"2017-02-14 00:00:00-05:00","41.67361662837458","41.78428025048154","41.478095373016984","41.686519622802734","27266000","GOOGL","Alphabet Inc. (GOOGL) Historical Data"
"2017-02-15 00:00:00-05:00","41.62598247577518","41.77287521421095","41.49745606225699","41.55204391479492","27144000","GOOGL","Alphabet Inc. (GOOGL) Historical Data"
"2017-02-16 00:00:00-05:00","41.61059851762846","41.81852681532986","41.54906319064616","41.792724609375","20102000","GOOGL","Alphabet Inc. (GOOGL) Historical Data"
"2017-02-17 00:00:00-05:00","41.75004976411493","42.029440556270586","41.67412349712995","42.01008605957031","29224000","GOOGL","Alphabet Inc. (GOOGL) Historical Data"
"2017-02-21 00:00:00-05:00","42.081542255291","42.29046250632525","42.01007980012941","42.14506149291992","25206000","GOOGL","Alphabet Inc. (GOOGL) Historical Data"
"2017-02-22 00:00:00-05:00","42.08204367146442","42.36937010447496","42.01802466163737","42.248783111572266","24488000","GOOGL","Alphabet Inc. (GOOGL) Historical Data"
"2017-02-23 00:00:00-05:00","42.23489049377656","42.31131274138539","41.80910669560517","42.230918884277344","27734000","GOOGL","Alphabet Inc. (GOOGL) Historical Data"
"2017-02-24 00:00:00-05:00","42.064669515959515","42.09990287422303","41.83192717418725","42.072608947753906","26924000","GOOGL","Alphabet Inc. (GOOGL) Historical Data"
"2017-02-27 00:00:00-05:00","41.93068290579729","42.21453746500001","41.834410197870355","42.164913177490234","20206000","GOOGL","Alphabet Inc. (GOOGL) Historical Data"
"2017-02-28 00:00:00-05:00","42.04978228999186","42.12322865919275","41.756496577131536","41.9296875","27662000","GOOGL","Alphabet Inc. (GOOGL) Historical Data"
"2017-03-01 00:00:00-05:00","42.24977806116953","42.57829718567798","42.13266290525827","42.516265869140625","36374000","GOOGL","Alphabet Inc. (GOOGL) Historical Data"
"2017-03-02 00:00:00-05:00","42.49441922527507","42.50335439848353","42.11776759972527","42.17384338378906","25018000","GOOGL","Alphabet Inc. (GOOGL) Historical Data"
"2017-03-03 00:00:00-05:00","42.12868408530492","42.22198092615547","41.918771872526854","42.1356315612793","20100000","GOOGL","Alphabet Inc. (GOOGL) Historical Data"
"2017-03-06 00:00:00-05:00","42.02546424922019","42.12868443399256","41.74309762117766","42.04581069946289","20958000","GOOGL","Alphabet Inc. (GOOGL) Historical Data"
"2017-03-07 00:00:00-05:00","42.04531614208958","42.346541296992676","41.95897055967206","42.23835754394531","20774000","GOOGL","Alphabet Inc. (GOOGL) Historical Data"
"2017-03-08 00:00:00-05:00","42.33612103714739","42.525194628762826","42.243323950091295","42.3619270324707","20576000","GOOGL","Alphabet Inc. (GOOGL) Historical Data"
"2017-03-09 00:00:00-05:00","42.36441382013088","42.71277963822278","42.313793781571896","42.57035446166992","26954000","GOOGL","Alphabet Inc. (GOOGL) Historical Data"
"2017-03-10 00:00:00-05:00","42.81152421968965","42.887450477189084","42.55893519659828","42.74750900268555","26732000","GOOGL","Alphabet Inc. (GOOGL) Historical Data"
"2017-03-13 00:00:00-04:00","42.71873317478979","43.03136963625567","42.718237196873325","42.90482711791992","23332000","GOOGL","Alphabet Inc. (GOOGL) Historical Data"
"2017-03-14 00:00:00-04:00","42.86363339999027","43.0536989311068","42.68399097612587","42.9708251953125","21234000","GOOGL","Alphabet Inc. (GOOGL) Historical Data"
"2017-03-15 00:00:00-04:00","43.07156078228258","43.16783349042689","42.74204975761626","43.09389114379883","26658000","GOOGL","Alphabet Inc. (GOOGL) Historical Data"
"2017-03-16 00:00:00-04:00","43.200091949022436","43.308275700168785","43.05071931886995","43.173789978027344","22090000","GOOGL","Alphabet Inc. (GOOGL) Historical Data"
"2017-03-17 00:00:00-04:00","43.35640808375141","43.393133161851445","43.09289996924788","43.29140090942383","37366000","GOOGL","Alphabet Inc. (GOOGL) Historical Data"
"2017-03-20 00:00:00-04:00","43.14798234227901","43.19065915324346","42.90928827314721","43.070072174072266","30844000","GOOGL","Alphabet Inc. (GOOGL) Historical Data"
"2017-03-21 00:00:00-04:00","43.17676163555211","43.345984721917276","42.06664970815466","42.188232421875","50760000","GOOGL","Alphabet Inc. (GOOGL) Historical Data"
"2017-03-22 00:00:00-04:00","42.15548499471337","42.44678681434154","42.03241432992479","42.17136764526367","27334000","GOOGL","Alphabet Inc. (GOOGL) Historical Data"
"2017-03-23 00:00:00-04:00","41.75402057720973","41.76890748635961","41.337667954548785","41.66767120361328","65754000","GOOGL","Alphabet Inc. (GOOGL) Historical Data"
"2017-03-24 00:00:00-04:00","41.78428926311717","41.88354163163041","41.14412947013777","41.44386291503906","42114000","GOOGL","Alphabet Inc. (GOOGL) Historical Data"
"2017-03-27 00:00:00-04:00","41.09399878344672","41.75351675190468","40.9059209706443","41.61109161376953","38692000","GOOGL","Alphabet Inc. (GOOGL) Historical Data"
"2017-03-28 00:00:00-04:00","41.66965254633351","41.95301111313809","41.30143255257137","41.71630096435547","30384000","GOOGL","Alphabet Inc. (GOOGL) Historical Data"
"2017-03-29 00:00:00-04:00","41.821505897164364","42.26018882548904","41.753519073099476","42.174835205078125","29146000","GOOGL","Alphabet Inc. (GOOGL) Historical Data"
"2017-03-30 00:00:00-04:00","42.279549687182545","42.280541642998536","42.02100511175235","42.155487060546875","18988000","GOOGL","Alphabet Inc. (GOOGL) Historical Data"
"2017-03-31 00:00:00-04:00","42.02397287198642","42.15945053655165","41.945070752836564","42.07210922241211","28820000","GOOGL","Alphabet Inc. (GOOGL) Historical Data"
"2017-04-03 00:00:00-04:00","42.1192639288651","42.62792148168965","42.05872054612897","42.516265869140625","39388000","GOOGL","Alphabet Inc. (GOOGL) Historical Data"
"2017-04-04 00:00:00-04:00","42.08204342192","42.330168669016004","42.05772536066973","42.30883026123047","26970000","GOOGL","Alphabet Inc. (GOOGL) Historical Data"
"2017-04-05 00:00:00-04:00","42.4150196006081","42.7068135728249","42.05821467345507","42.127193450927734","37104000","GOOGL","Alphabet Inc. (GOOGL) Historical Data"
"2017-04-06 00:00:00-04:00","42.15647322871163","42.35944174794427","41.88353775923895","41.93812561035156","30672000","GOOGL","Alphabet Inc. (GOOGL) Historical Data"
"2017-04-07 00:00:00-04:00","41.93316250320609","41.9768312701363","41.55105132734069","41.789249420166016","22232000","GOOGL","Alphabet Inc. (GOOGL) Historical Data"
"2017-04-10 00:00:00-04:00","41.76145830421071","42.01951064771954","41.72424103644036","41.7693977355957","20924000","GOOGL","Alphabet Inc. (GOOGL) Historical Data"
"2017-04-11 00:00:00-04:00","41.769409617319184","41.91481067103526","41.41707216653614","41.67909240722656","19486000","GOOGL","Alphabet Inc. (GOOGL) Historical Data"
"2017-04-12 00:00:00-04:00","41.60861541652074","41.8696436369159","41.56544262705152","41.75749206542969","22716000","GOOGL","Alphabet Inc. (GOOGL) Historical Data"
"2017-04-13 00:00:00-04:00","41.7366427202831","41.87013647365477","41.57834250410502","41.693965911865234","21474000","GOOGL","Alphabet Inc. (GOOGL) Historical Data"
"2017-04-17 00:00:00-04:00","41.753522903252176","42.46117732575149","41.73615231922237","42.43586730957031","20982000","GOOGL","Alphabet Inc. (GOOGL) Historical Data"
"2017-04-18 00:00:00-04:00","42.30733691002721","42.54801869331661","42.2433216891391","42.379295349121094","18724000","GOOGL","Alphabet Inc. (GOOGL) Historical Data"
"2017-04-19 00:00:00-04:00","42.54802134197697","42.6874668557753","42.356467859174096","42.50435256958008","21606000","GOOGL","Alphabet Inc. (GOOGL) Historical Data"
"2017-04-20 00:00:00-04:00","42.66463631982733","42.872564625316954","42.553476702041586","42.68151092529297","23776000","GOOGL","Alphabet Inc. (GOOGL) Historical Data"
"2017-04-21 00:00:00-04:00","42.70830479570462","42.79862577062806","42.56489147372589","42.625431060791016","23458000","GOOGL","Alphabet Inc. (GOOGL) Historical Data"
"2017-04-24 00:00:00-04:00","43.096374823312495","43.66805555194461","42.980747620740054","43.616939544677734","33930000","GOOGL","Alphabet Inc. (GOOGL) Historical Data"
"2017-04-25 00:00:00-04:00","43.78219512803599","44.2779496449808","43.63431420703074","44.10873031616211","40760000","GOOGL","Alphabet Inc. (GOOGL) Historical Data"
"2017-04-26 00:00:00-04:00","44.23527086405299","44.31467275702346","43.92561029643131","44.12361526489258","26466000","GOOGL","Alphabet Inc. (GOOGL) Historical Data"
"2017-04-27 00:00:00-04:00","44.16628852333417","44.33401989750991","44.02634705224293","44.23774719238281","46846000","GOOGL","Alphabet Inc. (GOOGL) Historical Data"
"2017-04-28 00:00:00-04:00","46.10167182248549","46.4440820900862","45.81483758202033","45.87935256958008","76918000","GOOGL","Alphabet Inc. (GOOGL) Historical Data"
"2017-05-01 00:00:00-04:00","45.86098553034263","46.4401097113339","45.69474208486865","46.29123306274414","46556000","GOOGL","Alphabet Inc. (GOOGL) Historical Data"
"2017-05-02 00:00:00-04:00","46.313573706626876","46.79592926952118","46.20092235564057","46.50313949584961","35026000","GOOGL","Alphabet Inc. (GOOGL) Historical Data"
"2017-05-03 00:00:00-04:00","46.45152971264238","47.153720838295705","46.40984485237989","47.06687927246094","36496000","GOOGL","Alphabet Inc. (GOOGL) Historical Data"
"2017-05-04 00:00:00-04:00","47.158185702399734","47.59736842959079","47.0132806556512","47.37802505493164","38752000","GOOGL","Alphabet Inc. (GOOGL) Historical Data"
"2017-05-05 00:00:00-04:00","47.477275880911044","47.56263329824186","47.04950819673691","47.157691955566406","32310000","GOOGL","Alphabet Inc. (GOOGL) Historical Data"
"2017-05-08 00:00:00-04:00","47.01725309770915","47.68917440011859","47.014769422210726","47.57503890991211","37534000","GOOGL","Alphabet Inc. (GOOGL) Historical Data"
"2017-05-09 00:00:00-04:00","47.706042786816546","47.7492155734266","47.36214085520635","47.47677230834961","33758000","GOOGL","Alphabet Inc. (GOOGL) Historical Data"
"2017-05-10 00:00:00-04:00","47.45246260358555","47.476776877223294","47.13585456579633","47.38397979736328","22920000","GOOGL","Alphabet Inc. (GOOGL) Historical Data"
"2017-05-11 00:00:00-04:00","47.20781378123086","47.540304501105375","47.07481976493561","47.43608856201172","20622000","GOOGL","Alphabet Inc. (GOOGL) Historical Data"
"2017-05-12 00:00:00-04:00","47.5333542891766","47.539802001668946","47.246024078515006","47.398868560791016","24298000","GOOGL","Alphabet Inc. (GOOGL) Historical Data"
"2017-05-15 00:00:00-04:00","47.40631591256237","47.77403621766561","47.28374121549761","47.601341247558594","26754000","GOOGL","Alphabet Inc. (GOOGL) Historical Data"
"2017-05-16 00:00:00-04:00","47.8162162181547","47.93283159665836","47.65741621748658","47.86881637573242","22030000","GOOGL","Alphabet Inc. (GOOGL) Historical Data"
"2017-05-17 00:00:00-04:00","47.62515616874931","47.68917138623922","46.650518046111664","46.75522994995117","48982000","GOOGL","Alphabet Inc. (GOOGL) Historical Data"
"2017-05-18 00:00:00-04:00","46.80633753220968","47.35122025887239","46.71056081134706","47.168601989746094","36010000","GOOGL","Alphabet Inc. (GOOGL) Historical Data"
"2017-05-19 00:00:00-04:00","47.28373669498251","47.61821130278275","47.243043792492934","47.374549865722656","27206000","GOOGL","Alphabet Inc. (GOOGL) Historical Data"
"2017-05-22 00:00:00-04:00","47.49116868009444","47.8792391845147","47.46933429537857","47.842018127441406","27748000","GOOGL","Alphabet Inc. (GOOGL) Historical Data"
"2017-05-23 00:00:00-04:00","48.134307826405326","48.360098894756774","47.86335248663909","48.1635856628418","30908000","GOOGL","Alphabet Inc. (GOOGL) Historical Data"
"2017-05-24 00:00:00-04:00","48.39732736133703","48.53925276477097","48.217188942461085","48.513946533203125","22660000","GOOGL","Alphabet Inc. (GOOGL) Historical Data"
"2017-05-25 00:00:00-04:00","48.582920196436895","49.41562915476303","48.52436073468418","49.22109603881836","39082000","GOOGL","Alphabet Inc. (GOOGL) Historical Data"
"2017-05-26 00:00:00-04:00","49.22804579399912","49.445901237505566","48.997787117442726","49.291072845458984","32728000","GOOGL","Alphabet Inc. (GOOGL) Historical Data"
"2017-05-30 00:00:00-04:00","49.252859979540474","49.50694073938105","49.19628821251165","49.43498229980469","30324000","GOOGL","Alphabet Inc. (GOOGL) Historical Data"
"2017-05-31 00:00:00-04:00","49.43697198540054","49.60519935961232","48.71591855745543","48.98439025878906","34482000","GOOGL","Alphabet Inc. (GOOGL) Historical Data"
"2017-06-01 00:00:00-04:00","49.17643570727521","49.28461945806462","48.69656009093499","49.04393768310547","26128000","GOOGL","Alphabet Inc. (GOOGL) Historical Data"
"2017-06-02 00:00:00-04:00","49.058826951613746","49.45036930865034","48.98339666636543","49.43250274658203","34710000","GOOGL","Alphabet Inc. (GOOGL) Historical Data"
"2017-06-05 00:00:00-04:00","49.520339072768635","49.992271484562316","49.39925232202065","49.81759262084961","27578000","GOOGL","Alphabet Inc. (GOOGL) Historical Data"
"2017-06-06 00:00:00-04:00","49.789304046112","50.0523161762549","49.36699594712542","49.460289001464844","31042000","GOOGL","Alphabet Inc. (GOOGL) Historical Data"
"2017-06-07 00:00:00-04:00","49.57988315554893","49.81907698658337","49.42009121166414","49.69948196411133","27482000","GOOGL","Alphabet Inc. (GOOGL) Historical Data"
"2017-06-08 00:00:00-04:00","49.83496062990177","49.902947461120334","49.4573170101493","49.83744430541992","33758000","GOOGL","Alphabet Inc. (GOOGL) Historical Data"
"2017-06-09 00:00:00-04:00","49.89749316106592","49.897989138965876","47.31103277630268","48.14225387573242","72958000","GOOGL","Alphabet Inc. (GOOGL) Historical Data"
"2017-06-12 00:00:00-04:00","47.57652937497774","48.037050541631245","46.488747598423146","47.7298698425293","84042000","GOOGL","Alphabet Inc. (GOOGL) Historical Data"
"2017-06-13 00:00:00-04:00","48.23753216399073","48.52883019214543","47.739789971222606","48.161109924316406","40108000","GOOGL","Alphabet Inc. (GOOGL) Historical Data"
"2017-06-14 00:00:00-04:00","48.40923280364804","48.6176570835201","47.615725034402175","48.0335693359375","30110000","GOOGL","Alphabet Inc. (GOOGL) Historical Data"
"2017-06-15 00:00:00-04:00","47.04553313870927","47.673785592975555","46.66590187148568","47.64897155761719","48552000","GOOGL","Alphabet Inc. (GOOGL) Historical Data"
"2017-06-16 00:00:00-04:00","47.53633036033255","47.6375666404689","47.07928484519663","47.571563720703125","51184000","GOOGL","Alphabet Inc. (GOOGL) Historical Data"
"2017-06-19 00:00:00-04:00","48.11892506137631","48.59780873424229","48.046970409023714","48.39533996582031","29376000","GOOGL","Alphabet Inc. (GOOGL) Historical Data"
"2017-06-20 00:00:00-04:00","48.39980239152941","48.6717497013078","48.04696904390916","48.08617401123047","25946000","GOOGL","Alphabet Inc. (GOOGL) Historical Data"
"2017-06-21 00:00:00-04:00","48.17549395676722","48.610209036318466","48.108995070195846","48.56256866455078","23232000","GOOGL","Alphabet Inc. (GOOGL) Historical Data"
"2017-06-22 00:00:00-04:00","48.477216464930635","48.65735865136736","48.30055369567204","48.464813232421875","20190000","GOOGL","Alphabet Inc. (GOOGL) Historical Data"
"2017-06-23 00:00:00-04:00","48.40923653512779","48.96106683451977","48.35762454598657","48.93476486206055","31280000","GOOGL","Alphabet Inc. (GOOGL) Historical Data"
"2017-06-26 00:00:00-04:00","49.12879403624945","49.32679899354548","48.152667987737004","48.24000930786133","30358000","GOOGL","Alphabet Inc. (GOOGL) Historical Data"
"2017-06-27 00:00:00-04:00","47.71944452202506","47.99833551486356","46.999383128579524","47.049007415771484","48872000","GOOGL","Alphabet Inc. (GOOGL) Historical Data"
"2017-06-28 00:00:00-04:00","47.17654919401256","47.800830118697014","46.45698372447624","47.69016647338867","54912000","GOOGL","Alphabet Inc. (GOOGL) Historical Data"
"2017-06-29 00:00:00-04:00","47.21078913788872","47.226172023960025","46.13144286001968","46.53936004638672","64134000","GOOGL","Alphabet Inc. (GOOGL) Historical Data"
"2017-06-30 00:00:00-04:00","46.84555228724542","46.89567255825816","46.13194230680851","46.13541793823242","45754000","GOOGL","Alphabet Inc. (GOOGL) Historical Data"
"2017-07-03 00:00:00-04:00","46.31108282492581","46.361702853437265","45.42229810592332","45.62824249267578","33896000","GOOGL","Alphabet Inc. (GOOGL) Historical Data"
"2017-07-05 00:00:00-04:00","45.86346903704223","46.463435693270874","45.587057909915366","46.26344680786133","41882000","GOOGL","Alphabet Inc. (GOOGL) Historical Data"
"2017-07-06 00:00:00-04:00","45.90316925530482","46.455991500775355","45.647600561797674","46.036659240722656","40298000","GOOGL","Alphabet Inc. (GOOGL) Historical Data"
"2017-07-07 00:00:00-04:00","46.20042502670777","46.87880164410643","46.14087360344202","46.687744140625","33266000","GOOGL","Alphabet Inc. (GOOGL) Historical Data"
"2017-07-10 00:00:00-04:00","46.74431810498376","47.299128100765195","46.74431810498376","47.193424224853516","29030000","GOOGL","Alphabet Inc. (GOOGL) Historical Data"
"2017-07-11 00:00:00-04:00","47.169604681257134","47.38646439846364","46.90162895018833","47.318973541259766","29224000","GOOGL","Alphabet Inc. (GOOGL) Historical Data"
"2017-07-12 00:00:00-04:00","47.68271786221216","48.117928942045616","47.493152107047464","48.02016830444336","32042000","GOOGL","Alphabet Inc. (GOOGL) Historical Data"
"2017-07-13 00:00:00-04:00","48.175996136913994","48.56803445929512","47.878246614600265","48.079227447509766","30492000","GOOGL","Alphabet Inc. (GOOGL) Historical Data"
"2017-07-14 00:00:00-04:00","48.334800818602595","48.51047165293816","48.14374331061589","48.479209899902344","21592000","GOOGL","Alphabet Inc. (GOOGL) Historical Data"
"2017-07-17 00:00:00-04:00","48.44992680298946","48.79878854424115","48.17599557974904","48.43206024169922","33210000","GOOGL","Alphabet Inc. (GOOGL) Historical Data"
"2017-07-18 00:00:00-04:00","48.30303491759887","49.17097726036958","48.237531763888754","48.977439880371094","28266000","GOOGL","Alphabet Inc. (GOOGL) Historical Data"
"2017-07-19 00:00:00-04:00","49.129296429171724","49.406699525092435","48.980419761852744","49.26626205444336","28242000","GOOGL","Alphabet Inc. (GOOGL) Historical Data"
"2017-07-20 00:00:00-04:00","49.47616659937202","49.55953630855649","48.8618090789253","49.23747253417969","28368000","GOOGL","Alphabet Inc. (GOOGL) Historical Data"
"2017-07-21 00:00:00-04:00","49.079173018907035","49.38238209117647","48.83948319000982","49.319358825683594","29266000","GOOGL","Alphabet Inc. (GOOGL) Historical Data"
"2017-07-24 00:00:00-04:00","49.33226319593974","49.9322298586571","49.14219765232108","49.54118347167969","79690000","GOOGL","Alphabet Inc. (GOOGL) Historical Data"
"2017-07-25 00:00:00-04:00","48.17103138870945","48.47026883727376","47.82861736411109","48.088157653808594","118672000","GOOGL","Alphabet Inc. (GOOGL) Historical Data"
"2017-07-26 00:00:00-04:00","48.27425292612219","48.332312625528374","47.65145995228316","47.9035530090332","44432000","GOOGL","Alphabet Inc. (GOOGL) Historical Data"
"2017-07-27 00:00:00-04:00","48.095601938273454","48.11247654391243","46.501646453008206","47.26835250854492","74358000","GOOGL","Alphabet Inc. (GOOGL) Historical Data"
"2017-07-28 00:00:00-04:00","47.04404958365928","47.728873861858474","46.9110517937302","47.55717086791992","36276000","GOOGL","Alphabet Inc. (GOOGL) Historical Data"
"2017-07-31 00:00:00-04:00","47.640048163224336","47.699103608517916","46.73339677016054","46.92048645019531","45670000","GOOGL","Alphabet Inc. (GOOGL) Historical Data"
"2017-08-01 00:00:00-04:00","47.0351148046934","47.36660975438522","46.89368538985332","46.97308349609375","28052000","GOOGL","Alphabet Inc. (GOOGL) Historical Data"
"2017-08-02 00:00:00-04:00","47.06290149048355","47.09913058907893","46.27634500557477","47.026676177978516","40788000","GOOGL","Alphabet Inc. (GOOGL) Historical Data"
"2017-08-03 00:00:00-04:00","47.09913263430074","47.143793358053344","46.61975299724924","46.66242980957031","22478000","GOOGL","Alphabet Inc. (GOOGL) Historical Data"
"2017-08-04 00:00:00-04:00","46.843562552511514","47.02171705092121","46.63762193437322","46.93487548828125","25092000","GOOGL","Alphabet Inc. (GOOGL) Historical Data"
"2017-08-07 00:00:00-04:00","47.02072915778932","47.09219162613531","46.82123623489562","46.932891845703125","28916000","GOOGL","Alphabet Inc. (GOOGL) Historical Data"
"2017-08-08 00:00:00-04:00","46.86043994461183","47.26736521233886","46.77061872324248","46.85547637939453","30102000","GOOGL","Alphabet Inc. (GOOGL) Historical Data"
"2017-08-09 00:00:00-04:00","46.57062232617494","46.83413042679429","46.34581942696124","46.651512145996094","28018000","GOOGL","Alphabet Inc. (GOOGL) Historical Data"
"2017-08-10 00:00:00-04:00","46.39942363001695","46.46393483463812","45.743381139076064","45.83320236206055","54148000","GOOGL","Alphabet Inc. (GOOGL) Historical Data"
"2017-08-11 00:00:00-04:00","45.83915367368673","46.3180335642897","45.71558703292893","46.15576171875","32334000","GOOGL","Alphabet Inc. (GOOGL) Historical Data"
"2017-08-14 00:00:00-04:00","46.60138793592993","46.69914857390887","46.37410514833401","46.59444046020508","23012000","GOOGL","Alphabet Inc. (GOOGL) Historical Data"
"2017-08-15 00:00:00-04:00","46.69865432601505","46.79989059865185","46.48080268131924","46.55226135253906","22130000","GOOGL","Alphabet Inc. (GOOGL) Historical Data"
"2017-08-16 00:00:00-04:00","46.70957125226715","47.138826809779","46.64952386044926","46.859439849853516","26906000","GOOGL","Alphabet Inc. (GOOGL) Historical Data"
"2017-08-17 00:00:00-04:00","46.7939381604659","46.83661497486895","46.034179553024906","46.03517150878906","33914000","GOOGL","Alphabet Inc. (GOOGL) Historical Data"
"2017-08-18 00:00:00-04:00","46.00142427318592","46.20190912629163","45.82624943543366","45.96172332763672","26748000","GOOGL","Alphabet Inc. (GOOGL) Historical Data"
"2017-08-21 00:00:00-04:00","45.941384772990816","46.06445165745796","45.58557173698597","45.698219299316406","26024000","GOOGL","Alphabet Inc. (GOOGL) Historical Data"
"2017-08-22 00:00:00-04:00","46.000431248134696","46.744806922470865","45.96122628135944","46.66739273071289","35502000","GOOGL","Alphabet Inc. (GOOGL) Historical Data"
"2017-08-23 00:00:00-04:00","46.498674252495405","46.91701461020696","46.411336701391356","46.77558517456055","22690000","GOOGL","Alphabet Inc. (GOOGL) Historical Data"
"2017-08-24 00:00:00-04:00","46.83165609407696","46.96067849552437","46.18801687615159","46.49321365356445","25892000","GOOGL","Alphabet Inc. (GOOGL) Historical Data"
"2017-08-25 00:00:00-04:00","46.608340792297135","46.68377107831637","46.15625884016076","46.176109313964844","23746000","GOOGL","Alphabet Inc. (GOOGL) Historical Data"
"2017-08-28 00:00:00-04:00","46.244588485793926","46.39197341493008","45.95825025095941","46.058494567871094","20988000","GOOGL","Alphabet Inc. (GOOGL) Historical Data"
"2017-08-29 00:00:00-04:00","45.652564985174116","46.55772463302447","45.62080346980942","46.43663787841797","23172000","GOOGL","Alphabet Inc. (GOOGL) Historical Data"
"2017-08-30 00:00:00-04:00","46.432668303021586","46.938346137692044","46.35227445491065","46.82768249511719","22406000","GOOGL","Alphabet Inc. (GOOGL) Historical Data"
"2017-08-31 00:00:00-04:00","46.96018494273795","47.50109997367631","46.95770505315194","47.40383529663086","33866000","GOOGL","Alphabet Inc. (GOOGL) Historical Data"
"2017-09-01 00:00:00-04:00","47.51449339200041","47.55717020443395","47.157688434535075","47.24254608154297","20858000","GOOGL","Alphabet Inc. (GOOGL) Historical Data"
"2017-09-05 00:00:00-04:00","46.987969186022546","47.2127720964175","46.42919144524409","46.72098922729492","29148000","GOOGL","Alphabet Inc. (GOOGL) Historical Data"
"2017-09-06 00:00:00-04:00","46.83959259897241","46.870854348551845","46.28428669963663","46.74778747558594","27830000","GOOGL","Alphabet Inc. (GOOGL) Historical Data"
"2017-09-07 00:00:00-04:00","46.85844942007741","47.16860594579651","46.52496679139255","47.13833236694336","22332000","GOOGL","Alphabet Inc. (GOOGL) Historical Data"
"2017-09-08 00:00:00-04:00","47.1289068512032","47.178531140047454","46.64803927648587","46.71751403808594","19998000","GOOGL","Alphabet Inc. (GOOGL) Historical Data"
"2017-09-11 00:00:00-04:00","47.00483960993582","47.27678310913622","46.6971629916374","46.81080627441406","26748000","GOOGL","Alphabet Inc. (GOOGL) Historical Data"
"2017-09-12 00:00:00-04:00","46.990949481105986","47.049009179940434","46.52348087888303","46.9775505065918","25696000","GOOGL","Alphabet Inc. (GOOGL) Historical Data"
"2017-09-13 00:00:00-04:00","46.920480957237665","47.28522533617417","46.88276392446798","47.165626525878906","21908000","GOOGL","Alphabet Inc. (GOOGL) Historical Data"
"2017-09-14 00:00:00-04:00","46.94528970073551","47.046029991411984","46.56615440428135","46.65399169921875","28548000","GOOGL","Alphabet Inc. (GOOGL) Historical Data"
"2017-09-15 00:00:00-04:00","46.652008791571085","46.73438654606956","46.21332207136566","46.4138069152832","39886000","GOOGL","Alphabet Inc. (GOOGL) Historical Data"
"2017-09-18 00:00:00-04:00","46.39991755941593","46.4917226900335","45.92302155757706","46.13888931274414","29474000","GOOGL","Alphabet Inc. (GOOGL) Historical Data"
"2017-09-19 00:00:00-04:00","46.32051506686896","46.54531418905626","45.985544497834866","46.49171829223633","24854000","GOOGL","Alphabet Inc. (GOOGL) Historical Data"
"2017-09-20 00:00:00-04:00","46.5348977415989","47.14379578047466","46.523482678099995","47.0217170715332","40080000","GOOGL","Alphabet Inc. (GOOGL) Historical Data"
"2017-09-21 00:00:00-04:00","47.05099862982551","47.28274524202069","46.616779458784144","47.022212982177734","27414000","GOOGL","Alphabet Inc. (GOOGL) Historical Data"
"2017-09-22 00:00:00-04:00","46.78501189471896","47.14380081946071","46.68923514772174","46.809326171875","21496000","GOOGL","Alphabet Inc. (GOOGL) Historical Data"
"2017-09-25 00:00:00-04:00","46.62025390229481","46.63514081178571","45.87885400648442","46.36369323730469","37468000","GOOGL","Alphabet Inc. (GOOGL) Historical Data"
"2017-09-26 00:00:00-04:00","46.48328679251417","46.8500151193324","46.40537661608518","46.5200080871582","33454000","GOOGL","Alphabet Inc. (GOOGL) Historical Data"
"2017-09-27 00:00:00-04:00","46.78352226244843","47.909513292070834","46.74431729035093","47.63508605957031","46692000","GOOGL","Alphabet Inc. (GOOGL) Historical Data"
"2017-09-28 00:00:00-04:00","47.45395421011204","47.94672908024382","47.41921682644762","47.878746032714844","28018000","GOOGL","Alphabet Inc. (GOOGL) Historical Data"
"2017-09-29 00:00:00-04:00","47.9377930383633","48.42461612640098","47.9377930383633","48.320899963378906","40622000","GOOGL","Alphabet Inc. (GOOGL) Historical Data"
"2017-10-02 00:00:00-04:00","48.416675441604816","48.5203916019427","47.73681097508973","48.0107421875","30782000","GOOGL","Alphabet Inc. (GOOGL) Historical Data"
"2017-10-03 00:00:00-04:00","48.015206469392695","48.257379957979765","47.77452848652746","48.2395133972168","21666000","GOOGL","Alphabet Inc. (GOOGL) Historical Data"
"2017-10-04 00:00:00-04:00","48.22363473292049","48.35464482078487","47.91843798169234","47.97650146484375","21156000","GOOGL","Alphabet Inc. (GOOGL) Historical Data"
"2017-10-05 00:00:00-04:00","48.27475281688531","48.95560933140772","48.14969823411217","48.89010238647461","35618000","GOOGL","Alphabet Inc. (GOOGL) Historical Data"
"2017-10-06 00:00:00-04:00","48.6325481014122","49.340202543174605","48.55860574846172","49.30943298339844","31060000","GOOGL","Alphabet Inc. (GOOGL) Historical Data"
"2017-10-09 00:00:00-04:00","49.37692107258531","49.64787264414547","49.203234167739055","49.243431091308594","25910000","GOOGL","Alphabet Inc. (GOOGL) Historical Data"
"2017-10-10 00:00:00-04:00","49.391810670282275","49.49949845019626","48.6876318609449","49.019622802734375","23268000","GOOGL","Alphabet Inc. (GOOGL) Historical Data"
"2017-10-11 00:00:00-04:00","49.0811525111357","50.00070677491517","49.02656466059747","49.905426025390625","36300000","GOOGL","Alphabet Inc. (GOOGL) Historical Data"
"2017-10-12 00:00:00-04:00","49.81560481813796","50.1977159858152","49.679631169627086","49.905426025390625","30614000","GOOGL","Alphabet Inc. (GOOGL) Historical Data"
"2017-10-13 00:00:00-04:00","50.07713362911123","50.35751257519346","49.975401372258496","50.01559829711914","26552000","GOOGL","Alphabet Inc. (GOOGL) Historical Data"
"2017-10-16 00:00:00-04:00","50.102941432657275","50.22055256700061","49.70048373340533","50.089046478271484","21420000","GOOGL","Alphabet Inc. (GOOGL) Historical Data"
"2017-10-17 00:00:00-04:00","49.994254751436536","50.34758405662642","49.925275972236825","50.17091751098633","20260000","GOOGL","Alphabet Inc. (GOOGL) Historical Data"
"2017-10-18 00:00:00-04:00","50.17340512014817","50.434429564257954","49.88905078577245","50.25727081298828","25596000","GOOGL","Alphabet Inc. (GOOGL) Historical Data"
"2017-10-19 00:00:00-04:00","49.86076725923442","49.98830551315165","49.49106306703262","49.71635818481445","34284000","GOOGL","Alphabet Inc. (GOOGL) Historical Data"
"2017-10-20 00:00:00-04:00","49.974908395415305","50.05430650805293","49.73769844114107","49.876651763916016","32120000","GOOGL","Alphabet Inc. (GOOGL) Historical Data"
"2017-10-23 00:00:00-04:00","49.8821012198322","49.912374798986946","48.78638014398963","48.907466888427734","32786000","GOOGL","Alphabet Inc. (GOOGL) Historical Data"
"2017-10-24 00:00:00-04:00","48.95511092107929","49.09207653905142","48.48764229958939","49.053863525390625","28902000","GOOGL","Alphabet Inc. (GOOGL) Historical Data"
"2017-10-25 00:00:00-04:00","48.94369559147272","49.3486369224814","48.51940355088725","49.20125198364258","30574000","GOOGL","Alphabet Inc. (GOOGL) Historical Data"
"2017-10-26 00:00:00-04:00","49.549118183641085","49.94810396498932","49.152116313676444","49.19926071166992","47396000","GOOGL","Alphabet Inc. (GOOGL) Historical Data"
"2017-10-27 00:00:00-04:00","51.162927318854706","52.78219286366731","50.95747889494824","51.295921325683594","103682000","GOOGL","Alphabet Inc. (GOOGL) Historical Data"
"2017-10-30 00:00:00-04:00","51.07211007918639","51.601609961020664","50.73317169757723","51.26912307739258","46804000","GOOGL","Alphabet Inc. (GOOGL) Historical Data"
"2017-10-31 00:00:00-04:00","51.26267597007089","51.65967408142236","50.930185271874535","51.2646598815918","30326000","GOOGL","Alphabet Inc. (GOOGL) Historical Data"
"2017-11-01 00:00:00-04:00","51.427434023526644","52.000106771021215","51.31230278610582","51.739078521728516","43262000","GOOGL","Alphabet Inc. (GOOGL) Historical Data"
"2017-11-02 00:00:00-04:00","51.609546320831406","51.88397349238687","51.04729300471804","51.75742721557617","26694000","GOOGL","Alphabet Inc. (GOOGL) Historical Data"
"2017-11-03 00:00:00-04:00","51.74651579191872","52.13905007475341","51.49342700543893","52.10580062866211","27770000","GOOGL","Alphabet Inc. (GOOGL) Historical Data"
"2017-11-06 00:00:00-05:00","52.06164156462021","52.23483250380962","51.70930037926595","51.743045806884766","18294000","GOOGL","Alphabet Inc. (GOOGL) Historical Data"
"2017-11-07 00:00:00-05:00","52.08892564155223","52.27551932057107","51.75892243055798","52.22489929199219","26104000","GOOGL","Alphabet Inc. (GOOGL) Historical Data"
"2017-11-08 00:00:00-05:00","52.108779631309304","52.73604019981871","51.959906760843886","52.51769256591797","24276000","GOOGL","Alphabet Inc. (GOOGL) Historical Data"
"2017-11-09 00:00:00-05:00","52.00705138585244","52.14996873634093","51.404105088900465","51.99315643310547","35892000","GOOGL","Alphabet Inc. (GOOGL) Historical Data"
"2017-11-10 00:00:00-05:00","51.802103123523395","51.939068750545616","51.67059703968356","51.81599807739258","19442000","GOOGL","Alphabet Inc. (GOOGL) Historical Data"
"2017-11-13 00:00:00-05:00","51.649750966860445","52.04377321267855","51.573328725968764","51.66960144042969","18814000","GOOGL","Alphabet Inc. (GOOGL) Historical Data"
"2017-11-14 00:00:00-05:00","51.49690362323988","51.72418642175443","51.080547251487864","51.69143295288086","21012000","GOOGL","Alphabet Inc. (GOOGL) Historical Data"
"2017-11-15 00:00:00-05:00","51.36192165694365","51.59168434353382","51.15150967877325","51.43189239501953","18106000","GOOGL","Alphabet Inc. (GOOGL) Historical Data"
"2017-11-16 00:00:00-05:00","51.54802088589228","52.193644030714886","51.510803612685386","52.03037643432617","23768000","GOOGL","Alphabet Inc. (GOOGL) Historical Data"
"2017-11-17 00:00:00-05:00","52.096373549841466","52.15592118033546","51.298897961474125","51.40608596801758","26712000","GOOGL","Alphabet Inc. (GOOGL) Historical Data"
"2017-11-20 00:00:00-05:00","51.41154591875335","51.545535660609886","51.2467904057093","51.34505081176758","17526000","GOOGL","Alphabet Inc. (GOOGL) Historical Data"
"2017-11-21 00:00:00-05:00","51.61203562266244","52.125656704610606","51.56737489523608","52.12118911743164","22206000","GOOGL","Alphabet Inc. (GOOGL) Historical Data"
"2017-11-22 00:00:00-05:00","52.16386682481524","52.37576675998986","51.969833452571024","52.20158386230469","14538000","GOOGL","Alphabet Inc. (GOOGL) Historical Data"
"2017-11-24 00:00:00-05:00","52.32415907473876","52.606029758531534","52.20158438081687","52.42985916137695","16492000","GOOGL","Alphabet Inc. (GOOGL) Historical Data"
"2017-11-27 00:00:00-05:00","52.53159337464919","53.24966719354816","52.34301575051076","53.198551177978516","35430000","GOOGL","Alphabet Inc. (GOOGL) Historical Data"
"2017-11-28 00:00:00-05:00","53.29680356950394","53.595049062712235","52.33159658736446","52.76581573486328","36424000","GOOGL","Alphabet Inc. (GOOGL) Historical Data"
"2017-11-29 00:00:00-05:00","52.412983451889076","52.541513664144034","51.0964309354443","51.48003387451172","55866000","GOOGL","Alphabet Inc. (GOOGL) Historical Data"
"2017-11-30 00:00:00-05:00","51.607076405235695","51.815500707675014","51.117277401457855","51.419986724853516","45092000","GOOGL","Alphabet Inc. (GOOGL) Historical Data"
"2017-12-01 00:00:00-05:00","51.134140471762","51.473078847326335","50.46370717415714","50.869144439697266","37762000","GOOGL","Alphabet Inc. (GOOGL) Historical Data"
"2017-12-04 00:00:00-05:00","51.00462036816599","51.18029496499004","50.08258618899026","50.21409225463867","38778000","GOOGL","Alphabet Inc. (GOOGL) Historical Data"
"2017-12-05 00:00:00-05:00","50.170426520421735","51.445294117772754","49.74017896190089","50.59769821166992","38998000","GOOGL","Alphabet Inc. (GOOGL) Historical Data"
"2017-12-06 00:00:00-05:00","50.444848430425395","51.58920178969037","50.384801038586986","51.248775482177734","28710000","GOOGL","Alphabet Inc. (GOOGL) Historical Data"
"2017-12-07 00:00:00-05:00","51.41502182585161","52.05270168945246","51.37978846771622","51.83683395385742","30866000","GOOGL","Alphabet Inc. (GOOGL) Historical Data"
"2017-12-08 00:00:00-05:00","52.196125633274534","52.42489639523366","51.90085596917304","52.075538635253906","31170000","GOOGL","Alphabet Inc. (GOOGL) Historical Data"
"2017-12-11 00:00:00-05:00","52.16138659924124","52.40405230745998","51.814508739827055","52.204063415527344","23254000","GOOGL","Alphabet Inc. (GOOGL) Historical Data"
"2017-12-12 00:00:00-05:00","52.10630073768928","52.726613841709394","51.85172399748962","52.04526138305664","33882000","GOOGL","Alphabet Inc. (GOOGL) Historical Data"
"2017-12-13 00:00:00-05:00","52.20952293046763","52.378246283905405","51.93658363979962","52.1752815246582","27680000","GOOGL","Alphabet Inc. (GOOGL) Historical Data"
"2017-12-14 00:00:00-05:00","52.37874456276735","52.95389718238637","52.284951736355865","52.47700119018555","30962000","GOOGL","Alphabet Inc. (GOOGL) Historical Data"
"2017-12-15 00:00:00-05:00","52.79013424313065","53.359335134872346","52.60701996130887","53.19805145263672","63760000","GOOGL","Alphabet Inc. (GOOGL) Historical Data"
"2017-12-18 00:00:00-05:00","53.4188813914985","53.91711957040014","53.11716403688669","53.8476448059082","30292000","GOOGL","Alphabet Inc. (GOOGL) Historical Data"
"2017-12-19 00:00:00-05:00","53.74492084914787","53.84168954201535","53.21144930757319","53.58413314819336","26350000","GOOGL","Alphabet Inc. (GOOGL) Historical Data"
"2017-12-20 00:00:00-05:00","53.64071113647225","53.65609402379042","53.029329392188195","53.27547073364258","28728000","GOOGL","Alphabet Inc. (GOOGL) Historical Data"
"2017-12-21 00:00:00-05:00","53.36627482485503","53.47197489254829","53.049170835685004","53.14097595214844","25640000","GOOGL","Alphabet Inc. (GOOGL) Historical Data"
"2017-12-22 00:00:00-05:00","53.098800464990056","53.18415409225254","52.98168532339537","53.04222869873047","17788000","GOOGL","Alphabet Inc. (GOOGL) Historical Data"
"2017-12-26 00:00:00-05:00","53.03131014770581","53.04222923320552","52.535059671069966","52.89285659790039","18376000","GOOGL","Alphabet Inc. (GOOGL) Historical Data"
"2017-12-27 00:00:00-05:00","52.93008015210925","53.01295389475057","52.52215915162223","52.61247634887695","22324000","GOOGL","Alphabet Inc. (GOOGL) Historical Data"
"2017-12-28 00:00:00-05:00","52.714205801835746","52.84273600720423","52.27403111683675","52.40156936645508","19884000","GOOGL","Alphabet Inc. (GOOGL) Historical Data"
"2017-12-29 00:00:00-05:00","52.37874054780052","52.505779027442706","52.240283219299755","52.275020599365234","23606000","GOOGL","Alphabet Inc. (GOOGL) Historical Data"
"2018-01-02 00:00:00-05:00","52.25617025270984","53.39556020053394","52.25617025270984","53.25809860229492","31766000","GOOGL","Alphabet Inc. (GOOGL) Historical Data"
"2018-01-03 00:00:00-05:00","53.29383061133403","54.3940194302641","53.269020357157316","54.1667366027832","31318000","GOOGL","Alphabet Inc. (GOOGL) Historical Data"
"2018-01-04 00:00:00-05:00","54.44313914405325","54.7900169585257","54.30270169360927","54.37713623046875","26052000","GOOGL","Alphabet Inc. (GOOGL) Historical Data"
"2018-01-05 00:00:00-05:00","54.75875973348972","55.26146171123271","54.67687795009025","55.09819412231445","30250000","GOOGL","Alphabet Inc. (GOOGL) Historical Data"
"2018-01-08 00:00:00-05:00","55.133428626287504","55.53836996467042","55.08380433455561","55.292724609375","24644000","GOOGL","Alphabet Inc. (GOOGL) Historical Data"
"2018-01-09 00:00:00-05:00","55.50263843382941","55.50263843382941","54.99447692283552","55.22225570678711","26808000","GOOGL","Alphabet Inc. (GOOGL) Historical Data"
"2018-01-10 00:00:00-05:00","54.93492751056001","55.2217617465006","54.78506268002627","55.09075164794922","20734000","GOOGL","Alphabet Inc. (GOOGL) Historical Data"
"2018-01-11 00:00:00-05:00","55.19843842798299","55.324484959266414","54.90912430783334","55.1855354309082","22424000","GOOGL","Alphabet Inc. (GOOGL) Historical Data"
"2018-01-12 00:00:00-05:00","55.088763822884715","56.14081235967413","54.985047659986655","56.108558654785156","38586000","GOOGL","Alphabet Inc. (GOOGL) Historical Data"
"2018-01-16 00:00:00-05:00","56.587938010459986","57.01322579553875","55.9105571605299","56.11104202270508","36462000","GOOGL","Alphabet Inc. (GOOGL) Historical Data"
"2018-01-17 00:00:00-05:00","56.39191940730114","56.538808365710146","55.7532437778964","56.52789306640625","27830000","GOOGL","Alphabet Inc. (GOOGL) Historical Data"
"2018-01-18 00:00:00-05:00","56.54030144045413","56.60183677715808","55.80138520817931","56.3725700378418","27498000","GOOGL","Alphabet Inc. (GOOGL) Historical Data"
"2018-01-19 00:00:00-05:00","56.47479875667284","56.76014129190576","56.20037152182837","56.746246337890625","30552000","GOOGL","Alphabet Inc. (GOOGL) Historical Data"
"2018-01-22 00:00:00-05:00","56.762124043174204","57.90647752409935","56.662871675936096","57.7714958190918","29550000","GOOGL","Alphabet Inc. (GOOGL) Historical Data"
"2018-01-23 00:00:00-05:00","58.09206590711238","58.483608222147026","57.92483051222768","58.36748504638672","39138000","GOOGL","Alphabet Inc. (GOOGL) Historical Data"
"2018-01-24 00:00:00-05:00","58.80468510693005","58.90740931133954","57.932275229255815","58.12531661987305","37128000","GOOGL","Alphabet Inc. (GOOGL) Historical Data"
"2018-01-25 00:00:00-05:00","58.59279081058267","58.80568269348987","58.15261611382517","58.663753509521484","29984000","GOOGL","Alphabet Inc. (GOOGL) Historical Data"
"2018-01-26 00:00:00-05:00","58.93123606528734","58.93272399902344","57.96354908408981","58.93272399902344","42170000","GOOGL","Alphabet Inc. (GOOGL) Historical Data"
"2018-01-29 00:00:00-05:00","58.954557786460356","59.45080826013059","58.75903270702499","58.879127502441406","31494000","GOOGL","Alphabet Inc. (GOOGL) Historical Data"
"2018-01-30 00:00:00-05:00","58.44441068350131","58.9510804641053","58.28511092397453","58.427040100097656","37338000","GOOGL","Alphabet Inc. (GOOGL) Historical Data"
"2018-01-31 00:00:00-05:00","58.74662673993285","58.871189124546724","58.16551860611946","58.667724609375","36022000","GOOGL","Alphabet Inc. (GOOGL) Historical Data"
"2018-02-01 00:00:00-05:00","58.35855649396602","58.92726136028972","58.029541444345845","58.63645553588867","73514000","GOOGL","Alphabet Inc. (GOOGL) Historical Data"
"2018-02-02 00:00:00-05:00","55.94827290136698","56.140818339864445","55.14186582970479","55.54035568237305","117842000","GOOGL","Alphabet Inc. (GOOGL) Historical Data"
"2018-02-05 00:00:00-05:00","54.61782187208808","55.33143180962722","52.440774316330746","52.721153259277344","83550000","GOOGL","Alphabet Inc. (GOOGL) Historical Data"
"2018-02-06 00:00:00-05:00","51.31130538623033","53.961280974732674","51.11429238235661","53.81488800048828","76630000","GOOGL","Alphabet Inc. (GOOGL) Historical Data"
"2018-02-07 00:00:00-05:00","53.84168814584848","53.91910234091689","52.335566149712285","52.37477111816406","51942000","GOOGL","Alphabet Inc. (GOOGL) Historical Data"
"2018-02-08 00:00:00-05:00","52.59610438690052","52.79758122258156","49.85829107627344","50.00766372680664","66792000","GOOGL","Alphabet Inc. (GOOGL) Historical Data"
"2018-02-09 00:00:00-05:00","50.9093405758253","52.19165157410531","49.47616901467817","51.92119598388672","98360000","GOOGL","Alphabet Inc. (GOOGL) Historical Data"
"2018-02-12 00:00:00-05:00","52.43730013636036","52.878962767049636","51.8824939696113","52.33259201049805","56240000","GOOGL","Alphabet Inc. (GOOGL) Historical Data"
"2018-02-13 00:00:00-05:00","52.106300080249994","52.66309393318882","51.953455599699886","52.31174850463867","31586000","GOOGL","Alphabet Inc. (GOOGL) Historical Data"
"2018-02-14 00:00:00-05:00","52.3206809627639","53.370249682886836","52.09637780222555","53.2327880859375","41304000","GOOGL","Alphabet Inc. (GOOGL) Historical Data"
"2018-02-15 00:00:00-05:00","53.76625629569793","54.294764243227036","52.96133723775234","54.158790588378906","37396000","GOOGL","Alphabet Inc. (GOOGL) Historical Data"
"2018-02-16 00:00:00-05:00","54.259034663539495","54.99993855138818","54.168221490455714","54.36424255371094","39948000","GOOGL","Alphabet Inc. (GOOGL) Historical Data"
"2018-02-20 00:00:00-05:00","54.2282657694196","55.39594152717007","54.09130015779495","54.76570510864258","33754000","GOOGL","Alphabet Inc. (GOOGL) Historical Data"
"2018-02-21 00:00:00-05:00","55.03913900524265","56.38397726499764","54.96023309408838","55.269893646240234","41486000","GOOGL","Alphabet Inc. (GOOGL) Historical Data"
"2018-02-22 00:00:00-05:00","55.53886734773108","55.85100782313011","54.84312393182753","55.07884216308594","28010000","GOOGL","Alphabet Inc. (GOOGL) Historical Data"
"2018-02-23 00:00:00-05:00","55.513560774913074","56.02668591580059","55.00639494141923","55.98152542114258","25292000","GOOGL","Alphabet Inc. (GOOGL) Historical Data"
"2018-02-26 00:00:00-05:00","56.168601178902755","56.78097480128656","56.04354661241557","56.75616455078125","30912000","GOOGL","Alphabet Inc. (GOOGL) Historical Data"
"2018-02-27 00:00:00-05:00","56.75616735890439","56.78346128607395","55.4207564112541","55.456485748291016","42964000","GOOGL","Alphabet Inc. (GOOGL) Historical Data"
"2018-02-28 00:00:00-05:00","55.679294042363516","55.959676733320485","54.73642129977466","54.782073974609375","49292000","GOOGL","Alphabet Inc. (GOOGL) Historical Data"
"2018-03-01 00:00:00-05:00","55.06097854323342","55.146828152317056","52.964317175280286","53.16877365112305","55338000","GOOGL","Alphabet Inc. (GOOGL) Historical Data"
"2018-03-02 00:00:00-05:00","52.50230528478262","53.936968598314685","52.11175868044733","53.800498962402344","50162000","GOOGL","Alphabet Inc. (GOOGL) Historical Data"
"2018-03-05 00:00:00-05:00","53.50225291516991","54.64610659754565","53.21144708473962","54.3275146484375","28648000","GOOGL","Alphabet Inc. (GOOGL) Historical Data"
"2018-03-06 00:00:00-05:00","54.691768832050045","54.866947475012594","54.3146173803499","54.63221740722656","23382000","GOOGL","Alphabet Inc. (GOOGL) Historical Data"
"2018-03-07 00:00:00-05:00","54.23123954061141","55.39147558559538","54.08683048055281","55.33390808105469","30748000","GOOGL","Alphabet Inc. (GOOGL) Historical Data"
"2018-03-08 00:00:00-05:00","55.44110183180892","56.14776048568789","55.44110183180892","56.045536041259766","33862000","GOOGL","Alphabet Inc. (GOOGL) Historical Data"
"2018-03-09 00:00:00-05:00","56.54774295920812","57.61468229140072","56.28919838719283","57.60674285888672","42662000","GOOGL","Alphabet Inc. (GOOGL) Historical Data"
"2018-03-12 00:00:00-04:00","57.81566048237289","58.46624715991599","57.52535440754589","57.85933303833008","44306000","GOOGL","Alphabet Inc. (GOOGL) Historical Data"
"2018-03-13 00:00:00-04:00","58.15211684765045","58.458305561520525","56.30308866796422","56.568084716796875","43140000","GOOGL","Alphabet Inc. (GOOGL) Historical Data"
"2018-03-14 00:00:00-04:00","56.860373397551975","57.55313703766073","56.68916639878866","57.01371383666992","41870000","GOOGL","Alphabet Inc. (GOOGL) Historical Data"
"2018-03-15 00:00:00-04:00","57.04746330353441","57.68911477146329","56.35717950356119","57.09907150268555","33382000","GOOGL","Alphabet Inc. (GOOGL) Historical Data"
"2018-03-16 00:00:00-04:00","57.33430394062387","57.406754575910874","56.14379794872815","56.295650482177734","58656000","GOOGL","Alphabet Inc. (GOOGL) Historical Data"
"2018-03-19 00:00:00-04:00","55.468891977817584","55.548786060621794","54.03770431650665","54.591026306152344","63656000","GOOGL","Alphabet Inc. (GOOGL) Historical Data"
"2018-03-20 00:00:00-04:00","54.50814607512431","54.862967105645666","53.715138090385246","54.37912368774414","54598000","GOOGL","Alphabet Inc. (GOOGL) Historical Data"
"2018-03-21 00:00:00-04:00","54.21884366396185","55.01929521895213","53.95285184678439","54.2898063659668","44898000","GOOGL","Alphabet Inc. (GOOGL) Historical Data"
"2018-03-22 00:00:00-04:00","53.59554237358972","53.78957571607382","52.08842854679746","52.26261520385742","69312000","GOOGL","Alphabet Inc. (GOOGL) Historical Data"
"2018-03-23 00:00:00-04:00","52.17428353085247","52.939005648036364","50.85921909488901","50.942588806152344","49880000","GOOGL","Alphabet Inc. (GOOGL) Historical Data"
"2018-03-26 00:00:00-04:00","52.13607040179566","52.566321717256976","50.150076671372986","52.309261322021484","65984000","GOOGL","Alphabet Inc. (GOOGL) Historical Data"
"2018-03-27 00:00:00-04:00","52.79609052042724","52.827852036652054","49.506943016228995","49.96944808959961","60816000","GOOGL","Alphabet Inc. (GOOGL) Historical Data"
"2018-03-28 00:00:00-04:00","49.71982732209981","50.865172637845205","48.83104262826339","49.88209915161133","77698000","GOOGL","Alphabet Inc. (GOOGL) Historical Data"
"2018-03-29 00:00:00-04:00","50.18134200018211","52.009527688259304","49.82552900995121","51.468116760253906","69338000","GOOGL","Alphabet Inc. (GOOGL) Historical Data"
"2018-04-02 00:00:00-04:00","50.99568784301467","51.58672305151779","49.33970113683525","50.251808166503906","65068000","GOOGL","Alphabet Inc. (GOOGL) Historical Data"
"2018-04-03 00:00:00-04:00","50.42649335644149","50.86567610781931","49.488580216950425","50.55204391479492","51322000","GOOGL","Alphabet Inc. (GOOGL) Historical Data"
"2018-04-04 00:00:00-04:00","49.537213120812204","51.249775610183725","49.45185948793269","51.09941101074219","50724000","GOOGL","Alphabet Inc. (GOOGL) Historical Data"
"2018-04-05 00:00:00-04:00","51.92715645467816","51.943035319833584","50.81605236379516","51.24481201171875","35836000","GOOGL","Alphabet Inc. (GOOGL) Historical Data"
"2018-04-06 00:00:00-04:00","50.77138701791852","51.411550611883996","49.93520614397591","50.11882019042969","40134000","GOOGL","Alphabet Inc. (GOOGL) Historical Data"
"2018-04-09 00:00:00-04:00","50.61953704573269","51.837832983258025","50.57785218370761","50.62202072143555","33220000","GOOGL","Alphabet Inc. (GOOGL) Historical Data"
"2018-04-10 00:00:00-04:00","51.12670264682606","51.67009753042963","50.38977037811584","51.436363220214844","36620000","GOOGL","Alphabet Inc. (GOOGL) Historical Data"
"2018-04-11 00:00:00-04:00","51.213042632389204","51.405092062848084","50.57784269060613","50.86864471435547","34060000","GOOGL","Alphabet Inc. (GOOGL) Historical Data"
"2018-04-12 00:00:00-04:00","51.18674869899539","51.84080342477513","50.91778103567387","51.475563049316406","32896000","GOOGL","Alphabet Inc. (GOOGL) Historical Data"
"2018-04-13 00:00:00-04:00","51.951967353092115","52.254180681132055","51.121242272639556","51.41353225708008","25410000","GOOGL","Alphabet Inc. (GOOGL) Historical Data"
"2018-04-16 00:00:00-04:00","51.885471573778354","52.1772655978723","51.308331238358484","51.91276550292969","29776000","GOOGL","Alphabet Inc. (GOOGL) Historical Data"
"2018-04-17 00:00:00-04:00","52.66210537979809","53.84318022826406","52.45814487586732","53.56329345703125","54584000","GOOGL","Alphabet Inc. (GOOGL) Historical Data"
"2018-04-18 00:00:00-04:00","53.5459220284732","53.69429891878459","53.12460586736447","53.36627960205078","31126000","GOOGL","Alphabet Inc. (GOOGL) Historical Data"
"2018-04-19 00:00:00-04:00","53.050171211161896","54.46398840232525","53.050171211161896","54.06401062011719","39884000","GOOGL","Alphabet Inc. (GOOGL) Historical Data"
"2018-04-20 00:00:00-04:00","53.80694528220942","54.32701399614067","53.203007097234256","53.46205139160156","42434000","GOOGL","Alphabet Inc. (GOOGL) Historical Data"
"2018-04-23 00:00:00-04:00","53.74293392362876","53.99205491089215","52.93404698665616","53.287872314453125","69590000","GOOGL","Alphabet Inc. (GOOGL) Historical Data"
"2018-04-24 00:00:00-04:00","52.56285283583598","52.825369021078025","50.26323043790111","50.74856185913086","128220000","GOOGL","Alphabet Inc. (GOOGL) Historical Data"
"2018-04-25 00:00:00-04:00","51.10138527973529","51.41501741716847","50.46916122674733","50.76592254638672","57860000","GOOGL","Alphabet Inc. (GOOGL) Historical Data"
"2018-04-26 00:00:00-04:00","51.27358920536428","52.20654249096749","50.63987715748192","51.77430725097656","50926000","GOOGL","Alphabet Inc. (GOOGL) Historical Data"
"2018-04-27 00:00:00-04:00","51.88497186815947","52.19066082381925","50.99420318654068","51.185752868652344","40746000","GOOGL","Alphabet Inc. (GOOGL) Historical Data"
"2018-04-30 00:00:00-04:00","51.333141552859146","51.5291588217463","50.53318604113238","50.547080993652344","34492000","GOOGL","Alphabet Inc. (GOOGL) Historical Data"
"2018-05-01 00:00:00-04:00","50.43393040958253","51.69589490391238","50.15156379055698","51.64726257324219","35326000","GOOGL","Alphabet Inc. (GOOGL) Historical Data"
"2018-05-02 00:00:00-04:00","51.31230005016539","51.80755857112997","50.77436471513222","50.917781829833984","34698000","GOOGL","Alphabet Inc. (GOOGL) Historical Data"
"2018-05-03 00:00:00-04:00","50.88403856416642","51.14804267801984","50.016592148829915","50.9301872253418","39282000","GOOGL","Alphabet Inc. (GOOGL) Historical Data"
"2018-05-04 00:00:00-04:00","50.59819179187933","52.1995944899327","50.5207775994612","52.155921936035156","36892000","GOOGL","Alphabet Inc. (GOOGL) Historical Data"
"2018-05-07 00:00:00-04:00","52.29934493286772","52.85067927939502","52.11970249067856","52.57575607299805","34400000","GOOGL","Alphabet Inc. (GOOGL) Historical Data"
"2018-05-08 00:00:00-04:00","52.831818800559255","52.86209238246906","52.187687389366474","52.5325813293457","26030000","GOOGL","Alphabet Inc. (GOOGL) Historical Data"
"2018-05-09 00:00:00-04:00","52.80601328926523","54.28980110521576","52.707256903428735","54.03919219970703","47160000","GOOGL","Alphabet Inc. (GOOGL) Historical Data"
"2018-05-10 00:00:00-04:00","54.3394283533808","55.05452624445205","54.283848541119106","54.85900115966797","36414000","GOOGL","Alphabet Inc. (GOOGL) Historical Data"
"2018-05-11 00:00:00-04:00","54.607902223686914","55.03467796260331","54.44959819079562","54.755287170410156","30504000","GOOGL","Alphabet Inc. (GOOGL) Historical Data"
"2018-05-14 00:00:00-04:00","54.86396120149185","55.48824587965997","54.825751976060964","54.915077209472656","39338000","GOOGL","Alphabet Inc. (GOOGL) Historical Data"
"2018-05-15 00:00:00-04:00","54.4337140839432","54.543881746468614","53.53450622248291","53.83672332763672","35738000","GOOGL","Alphabet Inc. (GOOGL) Historical Data"
"2018-05-16 00:00:00-04:00","53.847639852220205","54.308656930960375","53.6759368683171","53.798011779785156","25628000","GOOGL","Alphabet Inc. (GOOGL) Historical Data"
"2018-05-17 00:00:00-04:00","53.667508459563784","54.14092883207688","53.41739551168557","53.6575813293457","25738000","GOOGL","Alphabet Inc. (GOOGL) Historical Data"
"2018-05-18 00:00:00-04:00","52.9002944356798","53.28389731580695","52.834791287908104","53.080928802490234","35482000","GOOGL","Alphabet Inc. (GOOGL) Historical Data"
"2018-05-21 00:00:00-04:00","53.54542329649362","54.25506157797582","53.495799009653055","53.794044494628906","25180000","GOOGL","Alphabet Inc. (GOOGL) Historical Data"
"2018-05-22 00:00:00-04:00","54.08137024650402","54.180618812047115","53.21094434939097","53.362300872802734","22226000","GOOGL","Alphabet Inc. (GOOGL) Historical Data"
"2018-05-23 00:00:00-04:00","53.09879966095015","53.99205201080423","52.94793909581521","53.89081573486328","23740000","GOOGL","Alphabet Inc. (GOOGL) Historical Data"
"2018-05-24 00:00:00-04:00","53.937463655345056","53.948378954377326","53.212938438795966","53.86550521850586","20604000","GOOGL","Alphabet Inc. (GOOGL) Historical Data"
"2018-05-25 00:00:00-04:00","53.9200943680781","54.0699629796909","53.72407709774085","53.79751968383789","22224000","GOOGL","Alphabet Inc. (GOOGL) Historical Data"
"2018-05-29 00:00:00-04:00","53.39655132530935","53.66155117370792","52.75539579079797","53.00302505493164","36076000","GOOGL","Alphabet Inc. (GOOGL) Historical Data"
"2018-05-30 00:00:00-04:00","53.27149652325068","53.544931780637256","52.927594545512974","53.46950149536133","28686000","GOOGL","Alphabet Inc. (GOOGL) Historical Data"
"2018-05-31 00:00:00-04:00","53.69429876604806","55.083801581642845","53.495801609040726","54.58755111694336","79368000","GOOGL","Alphabet Inc. (GOOGL) Historical Data"
"2018-06-01 00:00:00-04:00","55.226231276525375","56.48124847173207","55.183550673891844","56.324432373046875","63202000","GOOGL","Alphabet Inc. (GOOGL) Historical Data"
"2018-06-04 00:00:00-04:00","56.49811615122291","57.45885937837239","56.4236778223204","57.21966552734375","44754000","GOOGL","Alphabet Inc. (GOOGL) Historical Data"
"2018-06-05 00:00:00-04:00","57.30006109053783","57.619645014579035","56.94276012999267","57.119422912597656","32964000","GOOGL","Alphabet Inc. (GOOGL) Historical Data"
"2018-06-06 00:00:00-04:00","57.20626426653391","57.30253697655367","56.38993392889462","56.91744613647461","34934000","GOOGL","Alphabet Inc. (GOOGL) Historical Data"
"2018-06-07 00:00:00-04:00","56.799840420019244","56.863855644801475","55.88376165416387","56.295650482177734","36108000","GOOGL","Alphabet Inc. (GOOGL) Historical Data"
"2018-06-08 00:00:00-04:00","56.136350399231766","56.51201009610915","55.74034046530058","56.21078872680664","27284000","GOOGL","Alphabet Inc. (GOOGL) Historical Data"
"2018-06-11 00:00:00-04:00","56.22220001073345","56.95665237088891","56.145777771667234","56.61721420288086","24796000","GOOGL","Alphabet Inc. (GOOGL) Historical Data"
"2018-06-12 00:00:00-04:00","56.6231680188592","57.00677092234482","56.6231680188592","56.978981018066406","26092000","GOOGL","Alphabet Inc. (GOOGL) Historical Data"
"2018-06-13 00:00:00-04:00","57.18194867586223","57.34869189613274","56.74028605200182","56.782466888427734","34302000","GOOGL","Alphabet Inc. (GOOGL) Historical Data"
"2018-06-14 00:00:00-04:00","57.17847256040723","57.862304852280296","57.09857469445111","57.57051086425781","35422000","GOOGL","Alphabet Inc. (GOOGL) Historical Data"
"2018-06-15 00:00:00-04:00","57.5610775555466","57.75908250447119","57.251916782394005","57.52882385253906","44438000","GOOGL","Alphabet Inc. (GOOGL) Historical Data"
"2018-06-18 00:00:00-04:00","57.202294283493984","58.762508160811514","57.11842858976017","58.73521423339844","33038000","GOOGL","Alphabet Inc. (GOOGL) Historical Data"
"2018-06-19 00:00:00-04:00","58.06676613316014","58.69700258155135","57.64495397925193","58.492549896240234","47282000","GOOGL","Alphabet Inc. (GOOGL) Historical Data"
"2018-06-20 00:00:00-04:00","58.72131988665136","59.623999626000824","58.6582966212323","58.75952911376953","51686000","GOOGL","Alphabet Inc. (GOOGL) Historical Data"
"2018-06-21 00:00:00-04:00","58.83098770064752","59.070177749541266","57.737746517315756","58.033512115478516","44966000","GOOGL","Alphabet Inc. (GOOGL) Historical Data"
"2018-06-22 00:00:00-04:00","58.13524916841904","58.30943205905109","57.5476857463178","58.02607345581055","34220000","GOOGL","Alphabet Inc. (GOOGL) Historical Data"
"2018-06-25 00:00:00-04:00","57.31692830151886","57.36605661258628","55.575088121601105","56.53682327270508","57682000","GOOGL","Alphabet Inc. (GOOGL) Historical Data"
"2018-06-26 00:00:00-04:00","56.77800632802937","56.91348023298712","56.026683089486795","56.20632553100586","34688000","GOOGL","Alphabet Inc. (GOOGL) Historical Data"
"2018-06-27 00:00:00-04:00","56.37405615934633","56.88072976850631","55.41629254092233","55.42820358276367","34538000","GOOGL","Alphabet Inc. (GOOGL) Historical Data"
"2018-06-28 00:00:00-04:00","55.20240185432963","56.27480059885861","54.888773484742146","55.916507720947266","29726000","GOOGL","Alphabet Inc. (GOOGL) Historical Data"
"2018-06-29 00:00:00-04:00","56.19093446015546","56.64004049854666","55.92841831292961","56.036102294921875","31562000","GOOGL","Alphabet Inc. (GOOGL) Historical Data"
"2018-07-02 00:00:00-04:00","55.349297647265566","56.720933907593775","54.91507848869472","56.67726135253906","23216000","GOOGL","Alphabet Inc. (GOOGL) Historical Data"
"2018-07-03 00:00:00-04:00","57.040022322930085","57.06433659696129","55.30364165172733","55.39544677734375","16448000","GOOGL","Alphabet Inc. (GOOGL) Historical Data"
"2018-07-05 00:00:00-04:00","55.80832480232201","56.77799935679493","55.73487843376797","56.636566162109375","28594000","GOOGL","Alphabet Inc. (GOOGL) Historical Data"
"2018-07-06 00:00:00-04:00","56.66038996246997","57.37647977280669","56.435587049351156","57.320899963378906","21820000","GOOGL","Alphabet Inc. (GOOGL) Historical Data"
"2018-07-09 00:00:00-04:00","57.56505038114294","57.95857661209418","57.42758879881518","57.92631912231445","21584000","GOOGL","Alphabet Inc. (GOOGL) Historical Data"
"2018-07-10 00:00:00-04:00","58.060809575937924","58.23499246278271","57.69209356495777","57.919376373291016","21334000","GOOGL","Alphabet Inc. (GOOGL) Historical Data"
"2018-07-11 00:00:00-04:00","57.347690444613676","58.57938513276473","57.33528721273383","58.13375473022461","33252000","GOOGL","Alphabet Inc. (GOOGL) Historical Data"
"2018-07-12 00:00:00-04:00","58.30248596491433","59.648812292166795","58.2151446355385","59.612586975097656","44148000","GOOGL","Alphabet Inc. (GOOGL) Historical Data"
"2018-07-13 00:00:00-04:00","59.68900389007117","60.06813920593165","59.316320072410456","59.7693977355957","32612000","GOOGL","Alphabet Inc. (GOOGL) Historical Data"
"2018-07-16 00:00:00-04:00","59.739122271371045","59.98228771169153","59.222525384285305","59.376861572265625","26784000","GOOGL","Alphabet Inc. (GOOGL) Historical Data"
"2018-07-17 00:00:00-04:00","58.69352788722529","60.481020740249086","58.656802808962865","60.19915008544922","40162000","GOOGL","Alphabet Inc. (GOOGL) Historical Data"
"2018-07-18 00:00:00-04:00","59.97335632772588","60.621459318789775","59.77634710269954","60.19071578979492","38948000","GOOGL","Alphabet Inc. (GOOGL) Historical Data"
"2018-07-19 00:00:00-04:00","59.88006171313066","60.36787675934529","59.43740715456968","59.505393981933594","38338000","GOOGL","Alphabet Inc. (GOOGL) Historical Data"
"2018-07-20 00:00:00-04:00","59.5123417714929","60.084518489559265","59.38083191678865","59.44485092163086","37938000","GOOGL","Alphabet Inc. (GOOGL) Historical Data"
"2018-07-23 00:00:00-04:00","59.334681704918964","60.29939269211473","59.15354756632844","60.09592819213867","65446000","GOOGL","Alphabet Inc. (GOOGL) Historical Data"
"2018-07-24 00:00:00-04:00","63.073432741314164","63.27193368263465","61.74050548921416","62.435752868652344","107600000","GOOGL","Alphabet Inc. (GOOGL) Historical Data"
"2018-07-25 00:00:00-04:00","62.16132421765145","63.4327161104275","61.98416168678937","63.318580627441406","51104000","GOOGL","Alphabet Inc. (GOOGL) Historical Data"
"2018-07-26 00:00:00-04:00","62.88387180576298","63.88729188851827","62.676439460901314","63.79300308227539","54686000","GOOGL","Alphabet Inc. (GOOGL) Historical Data"
"2018-07-27 00:00:00-04:00","63.97264446474513","64.08777191306355","61.75787601301977","62.17472839355469","48362000","GOOGL","Alphabet Inc. (GOOGL) Historical Data"
"2018-07-30 00:00:00-04:00","61.78566222653327","62.17472467751857","60.749492537052284","61.04079055786133","43896000","GOOGL","Alphabet Inc. (GOOGL) Historical Data"
"2018-07-31 00:00:00-04:00","61.12366360109108","61.59510380491476","60.35348571191414","60.900848388671875","39382000","GOOGL","Alphabet Inc. (GOOGL) Historical Data"
"2018-08-01 00:00:00-04:00","61.49089606736952","61.827846788339166","60.78770921326239","61.187191009521484","36994000","GOOGL","Alphabet Inc. (GOOGL) Historical Data"
"2018-08-02 00:00:00-04:00","60.46811807908729","61.75390472318255","60.446283694807484","61.59113311767578","34704000","GOOGL","Alphabet Inc. (GOOGL) Historical Data"
"2018-08-03 00:00:00-04:00","61.79211807702051","61.858616976120445","61.0100290831596","61.44375228881836","21264000","GOOGL","Alphabet Inc. (GOOGL) Historical Data"
"2018-08-06 00:00:00-04:00","61.61495485292469","61.65713568765559","61.065108495658905","61.419429779052734","22114000","GOOGL","Alphabet Inc. (GOOGL) Historical Data"
"2018-08-07 00:00:00-04:00","62.131055673270545","62.82928274626681","62.1206363514822","62.32112121582031","42506000","GOOGL","Alphabet Inc. (GOOGL) Historical Data"
"2018-08-08 00:00:00-04:00","62.3647847498049","63.10916042064244","62.136509998412244","62.59355926513672","34344000","GOOGL","Alphabet Inc. (GOOGL) Historical Data"
"2018-08-09 00:00:00-04:00","62.663036504089156","63.12107395854261","62.53252238899547","62.74888610839844","27326000","GOOGL","Alphabet Inc. (GOOGL) Historical Data"
"2018-08-10 00:00:00-04:00","62.48686750920722","62.587111832515546","61.89037649252938","62.15586853027344","26602000","GOOGL","Alphabet Inc. (GOOGL) Historical Data"
"2018-08-13 00:00:00-04:00","62.09086368915397","62.823824372478335","61.883927322299485","61.96382141113281","27500000","GOOGL","Alphabet Inc. (GOOGL) Historical Data"
"2018-08-14 00:00:00-04:00","62.155374011571254","62.556839719929016","61.51223455635257","62.43526077270508","28080000","GOOGL","Alphabet Inc. (GOOGL) Historical Data"
"2018-08-15 00:00:00-04:00","61.74745792622604","62.12956914544251","60.8522215999579","61.14897918701172","37052000","GOOGL","Alphabet Inc. (GOOGL) Historical Data"
"2018-08-16 00:00:00-04:00","61.63381440833147","61.71867584838752","60.52419826363136","60.74403762817383","32176000","GOOGL","Alphabet Inc. (GOOGL) Historical Data"
"2018-08-17 00:00:00-04:00","60.64378954260102","60.887447174296234","59.74855333082807","60.33660888671875","33092000","GOOGL","Alphabet Inc. (GOOGL) Historical Data"
"2018-08-20 00:00:00-04:00","60.57530896994104","60.835841215995266","59.98179384989175","60.63932418823242","22218000","GOOGL","Alphabet Inc. (GOOGL) Historical Data"
"2018-08-21 00:00:00-04:00","60.692423155818","61.17577060671646","60.29591726151543","60.414024353027344","23082000","GOOGL","Alphabet Inc. (GOOGL) Historical Data"
"2018-08-22 00:00:00-04:00","60.25572259168166","60.86660830823275","60.20609830233034","60.62940216064453","22296000","GOOGL","Alphabet Inc. (GOOGL) Historical Data"
"2018-08-23 00:00:00-04:00","60.53659749191266","61.29536407312525","60.51029552224222","60.60011672973633","24666000","GOOGL","Alphabet Inc. (GOOGL) Historical Data"
"2018-08-24 00:00:00-04:00","60.840311543641825","61.40603682006108","60.6130287200367","61.373783111572266","24454000","GOOGL","Alphabet Inc. (GOOGL) Historical Data"
"2018-08-27 00:00:00-04:00","61.74049871808475","62.42185107048877","61.56879574449103","62.34244918823242","28580000","GOOGL","Alphabet Inc. (GOOGL) Historical Data"
"2018-08-28 00:00:00-04:00","62.324093441166944","62.35684691047061","61.682441959984544","61.82585906982422","27330000","GOOGL","Alphabet Inc. (GOOGL) Historical Data"
"2018-08-29 00:00:00-04:00","62.279436137263346","62.883374403694425","62.170260424315934","62.75831604003906","36926000","GOOGL","Alphabet Inc. (GOOGL) Historical Data"
"2018-08-30 00:00:00-04:00","62.696286459497806","62.99850358999853","61.89285904912853","62.25164794921875","30104000","GOOGL","Alphabet Inc. (GOOGL) Historical Data"
"2018-08-31 00:00:00-04:00","62.14098311581647","62.15785393635514","60.82790246798003","61.128135681152344","42308000","GOOGL","Alphabet Inc. (GOOGL) Historical Data"
"2018-09-04 00:00:00-04:00","60.66760687255668","60.933102669270944","59.8755908550669","60.11130905151367","41458000","GOOGL","Alphabet Inc. (GOOGL) Historical Data"
"2018-09-05 00:00:00-04:00","60.00759617210228","60.28797889122363","58.326299385269934","59.505393981933594","53988000","GOOGL","Alphabet Inc. (GOOGL) Historical Data"
"2018-09-06 00:00:00-04:00","59.4790912603225","59.4999336883402","57.744198598070476","58.755558013916016","46854000","GOOGL","Alphabet Inc. (GOOGL) Historical Data"
"2018-09-07 00:00:00-04:00","58.16055471304496","58.98185243735843","58.02508081574689","58.43796157836914","32658000","GOOGL","Alphabet Inc. (GOOGL) Historical Data"
"2018-09-10 00:00:00-04:00","58.7659821220933","58.888060833037734","58.09157713064064","58.312408447265625","27670000","GOOGL","Alphabet Inc. (GOOGL) Historical Data"
"2018-09-11 00:00:00-04:00","58.11588952558452","59.10045097732192","57.86032085101732","59.053306579589844","29254000","GOOGL","Alphabet Inc. (GOOGL) Historical Data"
"2018-09-12 00:00:00-04:00","58.65680609849579","59.088049407654154","57.87074550815637","58.140708923339844","35716000","GOOGL","Alphabet Inc. (GOOGL) Historical Data"
"2018-09-13 00:00:00-04:00","58.542670541225995","58.94761187745826","58.02259797135822","58.663753509521484","40068000","GOOGL","Alphabet Inc. (GOOGL) Historical Data"
"2018-09-14 00:00:00-04:00","58.9545559226918","58.9545559226918","58.235982442682584","58.45730972290039","24176000","GOOGL","Alphabet Inc. (GOOGL) Historical Data"
"2018-09-17 00:00:00-04:00","58.44689042269163","58.64787125247181","57.48863090914022","57.556617736816406","34096000","GOOGL","Alphabet Inc. (GOOGL) Historical Data"
"2018-09-18 00:00:00-04:00","57.697053530585144","58.62355529006376","57.63601418079308","57.917884826660156","32314000","GOOGL","Alphabet Inc. (GOOGL) Historical Data"
"2018-09-19 00:00:00-04:00","58.00969668275123","58.37245338284922","57.49657160778667","58.2732048034668","25962000","GOOGL","Alphabet Inc. (GOOGL) Historical Data"
"2018-09-20 00:00:00-04:00","58.590806472463655","59.252308457504725","58.37146309251431","59.131717681884766","29244000","GOOGL","Alphabet Inc. (GOOGL) Historical Data"
"2018-09-21 00:00:00-04:00","59.29796204904034","59.38033981225615","58.163535668290564","58.16651153564453","91222000","GOOGL","Alphabet Inc. (GOOGL) Historical Data"
"2018-09-24 00:00:00-04:00","57.53577268577425","58.81510397636205","57.14323840953058","58.53571701049805","31150000","GOOGL","Alphabet Inc. (GOOGL) Historical Data"
"2018-09-25 00:00:00-04:00","58.768468921650665","59.3942378242741","58.26427518636129","59.24685287475586","33152000","GOOGL","Alphabet Inc. (GOOGL) Historical Data"
"2018-09-26 00:00:00-04:00","59.236920788581685","59.909338018891724","58.82552798991805","59.255279541015625","37650000","GOOGL","Alphabet Inc. (GOOGL) Historical Data"
"2018-09-27 00:00:00-04:00","59.55005807542937","60.38673490724158","59.45328938250042","59.91529846191406","36274000","GOOGL","Alphabet Inc. (GOOGL) Historical Data"
"2018-09-28 00:00:00-04:00","59.75302464821123","59.96939216775572","59.44237210838228","59.901405334472656","35612000","GOOGL","Alphabet Inc. (GOOGL) Historical Data"
"2018-10-01 00:00:00-04:00","60.19518138123791","60.75097946474196","59.708358294227565","59.97335433959961","33164000","GOOGL","Alphabet Inc. (GOOGL) Historical Data"
"2018-10-02 00:00:00-04:00","59.8810514216668","60.76686026949454","59.53318165218405","59.9291877746582","40180000","GOOGL","Alphabet Inc. (GOOGL) Historical Data"
"2018-10-03 00:00:00-04:00","60.14555666318422","60.25374041879871","59.6567496374838","60.12223434448242","26246000","GOOGL","Alphabet Inc. (GOOGL) Historical Data"
"2018-10-04 00:00:00-04:00","59.799674206536594","59.84284700124705","57.75611649048401","58.41215896606445","46576000","GOOGL","Alphabet Inc. (GOOGL) Historical Data"
"2018-10-05 00:00:00-04:00","58.35905055407577","58.65680005865001","57.28317997159755","57.95361328125","31852000","GOOGL","Alphabet Inc. (GOOGL) Historical Data"
"2018-10-08 00:00:00-04:00","57.5650519194436","58.352104402378345","56.34427627272418","57.36258316040039","46190000","GOOGL","Alphabet Inc. (GOOGL) Historical Data"
"2018-10-09 00:00:00-04:00","57.133813836283075","57.641975370596384","56.779492529239974","56.82911682128906","33690000","GOOGL","Alphabet Inc. (GOOGL) Historical Data"
"2018-10-10 00:00:00-04:00","56.39390010618958","56.424669663036354","54.166232652440264","54.198490142822266","58980000","GOOGL","Alphabet Inc. (GOOGL) Historical Data"
"2018-10-11 00:00:00-04:00","53.547412886533635","55.38453393886742","53.391092769622325","54.12802505493164","67696000","GOOGL","Alphabet Inc. (GOOGL) Historical Data"
"2018-10-12 00:00:00-04:00","55.56218897171443","55.86936966423178","54.340917228377016","55.60685348510742","49370000","GOOGL","Alphabet Inc. (GOOGL) Historical Data"
"2018-10-15 00:00:00-04:00","55.48080669913585","55.6693805237119","54.499221011714134","54.708641052246094","30074000","GOOGL","Alphabet Inc. (GOOGL) Historical Data"
"2018-10-16 00:00:00-04:00","55.25649462708818","56.39241262856869","55.170645026111025","56.22914505004883","38378000","GOOGL","Alphabet Inc. (GOOGL) Historical Data"
"2018-10-17 00:00:00-04:00","56.5725524894266","56.91992629729388","55.28230204951744","55.95670700073242","35652000","GOOGL","Alphabet Inc. (GOOGL) Historical Data"
"2018-10-18 00:00:00-04:00","56.07630082458417","56.19291998316856","53.909672693570016","54.48383331298828","46152000","GOOGL","Alphabet Inc. (GOOGL) Historical Data"
"2018-10-19 00:00:00-04:00","54.77166169889283","55.62719702430532","54.44016674849358","54.844608306884766","41286000","GOOGL","Alphabet Inc. (GOOGL) Historical Data"
"2018-10-22 00:00:00-04:00","55.208358568020756","55.66391611788438","54.58754952735813","55.15178680419922","27116000","GOOGL","Alphabet Inc. (GOOGL) Historical Data"
"2018-10-23 00:00:00-04:00","54.155317844664424","55.48080548899434","53.54592382682703","55.32746124267578","37686000","GOOGL","Alphabet Inc. (GOOGL) Historical Data"
"2018-10-24 00:00:00-04:00","55.33192779918826","55.41232164802744","52.357400825226385","52.45962905883789","49286000","GOOGL","Alphabet Inc. (GOOGL) Historical Data"
"2018-10-25 00:00:00-04:00","53.6099366056621","55.4718677869976","53.374218394302666","54.76570510864258","72956000","GOOGL","Alphabet Inc. (GOOGL) Historical Data"
"2018-10-26 00:00:00-04:00","52.02342416355418","55.43117444083791","51.720711082397315","53.78114318847656","106438000","GOOGL","Alphabet Inc. (GOOGL) Historical Data"
"2018-10-29 00:00:00-04:00","54.4158501143808","55.025743896294486","49.98234923945792","51.34852600097656","81290000","GOOGL","Alphabet Inc. (GOOGL) Historical Data"
"2018-10-30 00:00:00-04:00","50.618051691444826","52.15096808396464","50.318318209146035","52.08198928833008","59768000","GOOGL","Alphabet Inc. (GOOGL) Historical Data"
"2018-10-31 00:00:00-04:00","53.00947855952461","54.98455722661835","53.00947855952461","54.120086669921875","70916000","GOOGL","Alphabet Inc. (GOOGL) Historical Data"
"2018-11-01 00:00:00-04:00","54.16077521616879","54.58258735240126","53.486866239489316","53.891807556152344","40132000","GOOGL","Alphabet Inc. (GOOGL) Historical Data"
"2018-11-02 00:00:00-04:00","54.04168296288354","54.48830919287584","52.98268300917959","53.17274856567383","43438000","GOOGL","Alphabet Inc. (GOOGL) Historical Data"
"2018-11-05 00:00:00-05:00","53.22434879721173","53.26504169765376","51.312297384741356","52.390647888183594","45358000","GOOGL","Alphabet Inc. (GOOGL) Historical Data"
"2018-11-06 00:00:00-05:00","52.35541214607463","53.58611487425037","52.28544141116368","53.077457427978516","28660000","GOOGL","Alphabet Inc. (GOOGL) Historical Data"
"2018-11-07 00:00:00-05:00","53.768240824658996","55.080325652955466","53.62432773634267","54.9964599609375","43388000","GOOGL","Alphabet Inc. (GOOGL) Historical Data"
"2018-11-08 00:00:00-05:00","54.94981242081507","54.995465098387285","53.81141077108752","54.32106018066406","33694000","GOOGL","Alphabet Inc. (GOOGL) Historical Data"
"2018-11-09 00:00:00-05:00","53.794547914294924","54.009423718442406","52.81395793785999","53.447174072265625","34860000","GOOGL","Alphabet Inc. (GOOGL) Historical Data"
"2018-11-12 00:00:00-05:00","53.2541298232068","53.30226618062105","51.62742080099039","52.07453918457031","34002000","GOOGL","Alphabet Inc. (GOOGL) Historical Data"
"2018-11-13 00:00:00-05:00","52.345000015364555","52.93355162007457","51.62990211094706","52.00556182861328","25750000","GOOGL","Alphabet Inc. (GOOGL) Historical Data"
"2018-11-14 00:00:00-05:00","52.602551504272974","52.88988171686323","51.66513436671668","52.33358383178711","34666000","GOOGL","Alphabet Inc. (GOOGL) Historical Data"
"2018-11-15 00:00:00-05:00","52.178751168531576","53.53897230637955","51.674061527661046","53.15090560913086","41584000","GOOGL","Alphabet Inc. (GOOGL) Historical Data"
"2018-11-16 00:00:00-05:00","52.862090329691156","53.21988725316844","52.34946122960992","53.0129508972168","35366000","GOOGL","Alphabet Inc. (GOOGL) Historical Data"
"2018-11-19 00:00:00-05:00","52.77077258053871","52.99954708641015","50.75996866838578","50.98575973510742","45684000","GOOGL","Alphabet Inc. (GOOGL) Historical Data"
"2018-11-20 00:00:00-05:00","49.986814202643885","51.47854533930505","49.734721132277805","51.136131286621094","54458000","GOOGL","Alphabet Inc. (GOOGL) Historical Data"
"2018-11-21 00:00:00-05:00","51.87355887048275","52.34003554064144","51.58325278940232","51.78026580810547","29698000","GOOGL","Alphabet Inc. (GOOGL) Historical Data"
"2018-11-23 00:00:00-05:00","51.28748631573186","51.7589265430641","51.04035303166369","51.1187629699707","14178000","GOOGL","Alphabet Inc. (GOOGL) Historical Data"
"2018-11-26 00:00:00-05:00","51.80855403996971","52.453677431797686","51.598638014449236","52.40107727050781","31558000","GOOGL","Alphabet Inc. (GOOGL) Historical Data"
"2018-11-27 00:00:00-05:00","52.17279582590606","52.93801392428901","51.882985746599815","52.21944046020508","33048000","GOOGL","Alphabet Inc. (GOOGL) Historical Data"
"2018-11-28 00:00:00-05:00","52.4765028229212","54.233229925381984","51.75644139831833","54.18013000488281","46042000","GOOGL","Alphabet Inc. (GOOGL) Historical Data"
"2018-11-29 00:00:00-05:00","53.77022977899704","54.594999396350445","53.6943035117648","54.31858825683594","31004000","GOOGL","Alphabet Inc. (GOOGL) Historical Data"
"2018-11-30 00:00:00-05:00","54.370693350743345","55.06643295288086","53.752860137267156","55.06643295288086","59668000","GOOGL","Alphabet Inc. (GOOGL) Historical Data"
"2018-12-03 00:00:00-05:00","56.183494523091724","56.32442795943838","55.169651397195935","55.399417877197266","57532000","GOOGL","Alphabet Inc. (GOOGL) Historical Data"
"2018-12-04 00:00:00-05:00","55.23218269592703","55.29421400450673","52.641258665994336","52.72512435913086","45630000","GOOGL","Alphabet Inc. (GOOGL) Historical Data"
"2018-12-06 00:00:00-05:00","51.85817519555065","53.56627001523358","51.733120619701985","53.49977111816406","47436000","GOOGL","Alphabet Inc. (GOOGL) Historical Data"
"2018-12-07 00:00:00-05:00","53.2094604264824","53.84466038045058","51.57877994479323","51.93657684326172","42682000","GOOGL","Alphabet Inc. (GOOGL) Historical Data"
"2018-12-10 00:00:00-05:00","51.75594902324796","52.58270253817698","51.26267817663023","52.26411056518555","33652000","GOOGL","Alphabet Inc. (GOOGL) Historical Data"
"2018-12-11 00:00:00-05:00","52.94694915573629","53.11865215603475","52.11126428129302","52.68443298339844","33852000","GOOGL","Alphabet Inc. (GOOGL) Historical Data"
"2018-12-12 00:00:00-05:00","53.450148491054506","54.17715365005835","53.196563700200635","53.283905029296875","28960000","GOOGL","Alphabet Inc. (GOOGL) Historical Data"
"2018-12-13 00:00:00-05:00","53.38017514737877","54.0128952559157","52.850179249932424","53.274471282958984","24986000","GOOGL","Alphabet Inc. (GOOGL) Historical Data"
"2018-12-14 00:00:00-05:00","52.6035430815478","53.18415523719888","52.07503510632937","52.191158294677734","36358000","GOOGL","Alphabet Inc. (GOOGL) Historical Data"
"2018-12-17 00:00:00-05:00","51.95791813973228","52.72065637642869","50.45031201389184","50.89793014526367","49932000","GOOGL","Alphabet Inc. (GOOGL) Historical Data"
"2018-12-18 00:00:00-05:00","51.31229755726115","52.587165091175336","51.13761491426649","51.77927017211914","43640000","GOOGL","Alphabet Inc. (GOOGL) Historical Data"
"2018-12-19 00:00:00-05:00","51.97181401022016","53.38215927998337","50.58926243191868","51.38475036621094","58264000","GOOGL","Alphabet Inc. (GOOGL) Historical Data"
"2018-12-20 00:00:00-05:00","50.91529898932836","51.97926242167568","50.015102911737074","50.79520797729492","53674000","GOOGL","Alphabet Inc. (GOOGL) Historical Data"
"2018-12-21 00:00:00-05:00","51.21502923418787","51.494416189706484","48.69159631724299","49.19082260131836","104656000","GOOGL","Alphabet Inc. (GOOGL) Historical Data"
"2018-12-24 00:00:00-05:00","48.846921562533424","50.226497141724","48.516418596920985","48.86429214477539","36360000","GOOGL","Alphabet Inc. (GOOGL) Historical Data"
"2018-12-26 00:00:00-05:00","49.52529859023944","52.02937708581942","49.260298769950424","51.999603271484375","46318000","GOOGL","Alphabet Inc. (GOOGL) Historical Data"
"2018-12-27 00:00:00-05:00","50.92522574682431","52.27204800815776","49.9724219454336","52.250213623046875","45996000","GOOGL","Alphabet Inc. (GOOGL) Historical Data"
"2018-12-28 00:00:00-05:00","52.57773938901144","52.812465665403096","51.70930100693467","51.94154739379883","34398000","GOOGL","Alphabet Inc. (GOOGL) Historical Data"
"2018-12-31 00:00:00-05:00","52.49486542452971","52.75093389414254","51.26466227780044","51.85619354248047","33110000","GOOGL","Alphabet Inc. (GOOGL) Historical Data"
"2019-01-02 00:00:00-05:00","50.97484245867529","52.641748152773665","50.879561714093704","52.338539123535156","31868000","GOOGL","Alphabet Inc. (GOOGL) Historical Data"
"2019-01-03 00:00:00-05:00","52.13954553594533","52.9131990313244","50.73515588504346","50.88899230957031","41960000","GOOGL","Alphabet Inc. (GOOGL) Historical Data"
"2019-01-04 00:00:00-05:00","51.73708481873224","53.59504812257249","51.45422221619562","53.499271392822266","46022000","GOOGL","Alphabet Inc. (GOOGL) Historical Data"
"2019-01-07 00:00:00-05:00","53.64318323120799","53.72903282984325","52.73355609470905","53.392578125","47446000","GOOGL","Alphabet Inc. (GOOGL) Historical Data"
"2019-01-08 00:00:00-05:00","53.89279968326611","54.25754407753233","53.01691791637938","53.86153793334961","35414000","GOOGL","Alphabet Inc. (GOOGL) Historical Data"
"2019-01-09 00:00:00-05:00","53.991557423634816","54.17268778759912","53.31566073031168","53.67693328857422","26998000","GOOGL","Alphabet Inc. (GOOGL) Historical Data"
"2019-01-10 00:00:00-05:00","53.34394971663049","53.585623453477346","52.83479624922909","53.536991119384766","26598000","GOOGL","Alphabet Inc. (GOOGL) Historical Data"
"2019-01-11 00:00:00-05:00","53.09383880488812","53.26603778530063","52.42538933503741","52.82437515258789","30864000","GOOGL","Alphabet Inc. (GOOGL) Historical Data"
"2019-01-14 00:00:00-05:00","52.272053262628944","52.525638071535134","52.034351105837786","52.18124008178711","28490000","GOOGL","Alphabet Inc. (GOOGL) Historical Data"
"2019-01-15 00:00:00-05:00","52.50380053682224","54.00545503857425","52.32663798715181","53.918113708496094","37518000","GOOGL","Alphabet Inc. (GOOGL) Historical Data"
"2019-01-16 00:00:00-05:00","54.09130414535982","54.70466978962712","53.99255153834507","54.066986083984375","38280000","GOOGL","Alphabet Inc. (GOOGL) Historical Data"
"2019-01-17 00:00:00-05:00","53.99155800550626","54.62229042996936","53.75682795333171","54.54388427734375","24896000","GOOGL","Alphabet Inc. (GOOGL) Historical Data"
"2019-01-18 00:00:00-05:00","55.01383287939406","55.48080552292405","54.551823800800285","54.9498176574707","44892000","GOOGL","Alphabet Inc. (GOOGL) Historical Data"
"2019-01-22 00:00:00-05:00","54.38905212286188","54.53644084839105","53.142966373841496","53.52706527709961","39632000","GOOGL","Alphabet Inc. (GOOGL) Historical Data"
"2019-01-23 00:00:00-05:00","53.93547894010025","54.23769606213636","52.97821511282939","53.813899993896484","25194000","GOOGL","Alphabet Inc. (GOOGL) Historical Data"
"2019-01-24 00:00:00-05:00","53.7196024289743","53.9920456889113","53.09978539926258","53.79354476928711","29114000","GOOGL","Alphabet Inc. (GOOGL) Historical Data"
"2019-01-25 00:00:00-05:00","54.3012144700217","54.754292157150836","54.1806274814527","54.6624870300293","23260000","GOOGL","Alphabet Inc. (GOOGL) Historical Data"
"2019-01-28 00:00:00-05:00","54.09477398388179","54.25853375284251","53.32756819323923","53.58810043334961","29334000","GOOGL","Alphabet Inc. (GOOGL) Historical Data"
"2019-01-29 00:00:00-05:00","53.646662780575326","53.82978085263334","52.90129506676685","53.10177993774414","19704000","GOOGL","Alphabet Inc. (GOOGL) Historical Data"
"2019-01-30 00:00:00-05:00","53.46404173079753","54.563734490383474","53.42831239288675","54.48780822753906","29452000","GOOGL","Alphabet Inc. (GOOGL) Historical Data"
"2019-01-31 00:00:00-05:00","55.194964110784746","55.960678254716896","54.84808625951143","55.872344970703125","40232000","GOOGL","Alphabet Inc. (GOOGL) Historical Data"
"2019-02-01 00:00:00-05:00","55.693696121679096","56.2946585428665","55.29471407739513","55.511573791503906","33116000","GOOGL","Alphabet Inc. (GOOGL) Historical Data"
"2019-02-04 00:00:00-05:00","55.53092465281359","56.68867709695987","55.45648632466018","56.64302062988281","78408000","GOOGL","Alphabet Inc. (GOOGL) Historical Data"
"2019-02-05 00:00:00-05:00","56.05794518348053","57.206270349703495","55.75870770046003","57.16160583496094","82296000","GOOGL","Alphabet Inc. (GOOGL) Historical Data"
"2019-02-06 00:00:00-05:00","57.032577739846545","57.267303996040056","55.49866586767106","55.72346878051758","48256000","GOOGL","Alphabet Inc. (GOOGL) Historical Data"
"2019-02-07 00:00:00-05:00","55.174122254739345","55.18255766508734","54.26945856973418","54.88084030151367","38298000","GOOGL","Alphabet Inc. (GOOGL) Historical Data"
"2019-02-08 00:00:00-05:00","54.33346632344133","54.84063583566074","54.3017085980054","54.70565414428711","21766000","GOOGL","Alphabet Inc. (GOOGL) Historical Data"
"2019-02-11 00:00:00-05:00","54.773646480231115","55.254018093652185","54.58755255107971","54.69275665283203","18498000","GOOGL","Alphabet Inc. (GOOGL) Historical Data"
"2019-02-12 00:00:00-05:00","55.13391768240328","56.21822744037418","55.13391768240328","55.956207275390625","35036000","GOOGL","Alphabet Inc. (GOOGL) Historical Data"
"2019-02-13 00:00:00-05:00","56.227167264922016","56.7139904003388","55.877805730488085","56.00831985473633","28042000","GOOGL","Alphabet Inc. (GOOGL) Historical Data"
"2019-02-14 00:00:00-05:00","55.82817773205907","56.38050398884658","55.43564342956175","56.03660202026367","21106000","GOOGL","Alphabet Inc. (GOOGL) Historical Data"
"2019-02-15 00:00:00-05:00","56.537817403035326","56.537817403035326","55.41728221260082","55.56169128417969","27826000","GOOGL","Alphabet Inc. (GOOGL) Historical Data"
"2019-02-19 00:00:00-05:00","55.413307765983895","56.05843104196167","55.413307765983895","55.903106689453125","21980000","GOOGL","Alphabet Inc. (GOOGL) Historical Data"
"2019-02-20 00:00:00-05:00","56.02072587815568","56.1224581378499","55.17065005604538","55.60933303833008","24090000","GOOGL","Alphabet Inc. (GOOGL) Historical Data"
"2019-02-21 00:00:00-05:00","55.519507922867554","55.53787046194015","54.4873060615558","54.796470642089844","33272000","GOOGL","Alphabet Inc. (GOOGL) Historical Data"
"2019-02-22 00:00:00-05:00","55.06891736818785","55.44358512437713","54.612367826985526","55.40934371948242","29436000","GOOGL","Alphabet Inc. (GOOGL) Historical Data"
"2019-02-25 00:00:00-05:00","55.675834138089776","55.84803312649058","55.28776738831832","55.44755935668945","26208000","GOOGL","Alphabet Inc. (GOOGL) Historical Data"
"2019-02-26 00:00:00-05:00","55.30066279110513","55.89963748185123","54.920039522350315","55.6797981262207","35026000","GOOGL","Alphabet Inc. (GOOGL) Historical Data"
"2019-02-27 00:00:00-05:00","55.282798128536434","55.86440221537003","55.01234253576699","55.72346878051758","22092000","GOOGL","Alphabet Inc. (GOOGL) Historical Data"
"2019-02-28 00:00:00-05:00","55.530433996172015","56.27431379893314","55.50115615441572","55.90510177612305","27422000","GOOGL","Alphabet Inc. (GOOGL) Historical Data"
"2019-03-01 00:00:00-05:00","56.12593099420194","57.06880770480383","56.12593099420194","56.995361328125","34086000","GOOGL","Alphabet Inc. (GOOGL) Historical Data"
"2019-03-04 00:00:00-05:00","57.295097158928186","57.838988028664076","56.48571045995308","57.238525390625","35490000","GOOGL","Alphabet Inc. (GOOGL) Historical Data"
"2019-03-05 00:00:00-05:00","57.36655601573174","58.38337505906222","57.21867509583672","58.02111053466797","40094000","GOOGL","Alphabet Inc. (GOOGL) Historical Data"
"2019-03-06 00:00:00-05:00","58.1486498140983","58.29653073660084","57.71641453832113","57.81020736694336","23602000","GOOGL","Alphabet Inc. (GOOGL) Historical Data"
"2019-03-07 00:00:00-05:00","57.58986847386412","57.74271295204904","56.657411146398836","57.110984802246094","30086000","GOOGL","Alphabet Inc. (GOOGL) Historical Data"
"2019-03-08 00:00:00-05:00","56.26984231087346","57.24001291977249","56.08622826804049","57.067317962646484","23694000","GOOGL","Alphabet Inc. (GOOGL) Historical Data"
"2019-03-11 00:00:00-04:00","57.16805429945581","58.55308958341536","57.14671589208721","58.520835876464844","30032000","GOOGL","Alphabet Inc. (GOOGL) Historical Data"
"2019-03-12 00:00:00-04:00","58.67169364703401","59.833413885860075","58.67169364703401","59.4135856628418","42220000","GOOGL","Alphabet Inc. (GOOGL) Historical Data"
"2019-03-13 00:00:00-04:00","59.84433645512265","59.903388112897154","59.446342593145616","59.50341033935547","25888000","GOOGL","Alphabet Inc. (GOOGL) Historical Data"
"2019-03-14 00:00:00-04:00","59.50141936604772","59.78329000449667","59.11484061362888","59.179351806640625","27302000","GOOGL","Alphabet Inc. (GOOGL) Historical Data"
"2019-03-15 00:00:00-04:00","59.45080622552168","59.63540842711422","58.90542367215189","59.06869125366211","51886000","GOOGL","Alphabet Inc. (GOOGL) Historical Data"
"2019-03-18 00:00:00-04:00","59.03842143494167","59.299449659667964","58.631000234216486","58.981849670410156","24442000","GOOGL","Alphabet Inc. (GOOGL) Historical Data"
"2019-03-19 00:00:00-04:00","59.13916263731773","59.7192826169914","59.02701105507283","59.67213821411133","29788000","GOOGL","Alphabet Inc. (GOOGL) Historical Data"
"2019-03-20 00:00:00-04:00","59.619526910163195","61.03830747817524","59.52970570265518","60.86164093017578","41508000","GOOGL","Alphabet Inc. (GOOGL) Historical Data"
"2019-03-21 00:00:00-04:00","60.5425584409725","61.358392835207184","60.37283935357607","61.34300994873047","28150000","GOOGL","Alphabet Inc. (GOOGL) Historical Data"
"2019-03-22 00:00:00-04:00","60.98173985576471","61.21894600459302","59.84780571840149","59.9296875","34422000","GOOGL","Alphabet Inc. (GOOGL) Historical Data"
"2019-03-25 00:00:00-04:00","59.52822006580645","60.01851499920074","59.05380399596057","59.42003631591797","27576000","GOOGL","Alphabet Inc. (GOOGL) Historical Data"
"2019-03-26 00:00:00-04:00","59.80760657703907","59.92968527810612","58.64489440806523","59.04586410522461","30752000","GOOGL","Alphabet Inc. (GOOGL) Historical Data"
"2019-03-27 00:00:00-04:00","59.149092798537865","59.149092798537865","57.77497271230913","58.45880889892578","29428000","GOOGL","Alphabet Inc. (GOOGL) Historical Data"
"2019-03-28 00:00:00-04:00","58.33424573270985","58.421087295493514","57.73527103686355","58.173954010009766","22402000","GOOGL","Alphabet Inc. (GOOGL) Historical Data"
"2019-03-29 00:00:00-04:00","58.566481099449064","58.754562704815285","57.88165688105751","58.40321731567383","30890000","GOOGL","Alphabet Inc. (GOOGL) Historical Data"
"2019-04-01 00:00:00-04:00","58.93173009604227","59.559982646194584","58.87317441562949","59.49944305419922","27706000","GOOGL","Alphabet Inc. (GOOGL) Historical Data"
"2019-04-02 00:00:00-04:00","59.55253458747691","59.83837684908402","59.115339571492136","59.82497787475586","18288000","GOOGL","Alphabet Inc. (GOOGL) Historical Data"
"2019-04-03 00:00:00-04:00","60.18029110939912","60.57232942381467","59.802151533259135","60.08650207519531","22180000","GOOGL","Alphabet Inc. (GOOGL) Historical Data"
"2019-04-04 00:00:00-04:00","60.1103212867024","60.56985045761731","59.9986656896631","60.515262603759766","21022000","GOOGL","Alphabet Inc. (GOOGL) Historical Data"
"2019-04-05 00:00:00-04:00","60.50782169206307","60.56191357032855","60.04779652395437","60.118263244628906","20012000","GOOGL","Alphabet Inc. (GOOGL) Historical Data"
"2019-04-08 00:00:00-04:00","60.1013940407267","60.2423274858661","59.78329804727417","59.96095657348633","21750000","GOOGL","Alphabet Inc. (GOOGL) Historical Data"
"2019-04-09 00:00:00-04:00","59.64385081240381","59.90487526510873","59.469664136518006","59.68354797363281","19668000","GOOGL","Alphabet Inc. (GOOGL) Historical Data"
"2019-04-10 00:00:00-04:00","59.80265300607698","59.99370672313107","59.58281364020274","59.870140075683594","15510000","GOOGL","Alphabet Inc. (GOOGL) Historical Data"
"2019-04-11 00:00:00-04:00","59.99171761210864","60.18227912083499","59.77535389639726","60.02595901489258","16998000","GOOGL","Alphabet Inc. (GOOGL) Historical Data"
"2019-04-12 00:00:00-04:00","60.32520238110817","60.693918416035174","60.209578950972364","60.67803955078125","24312000","GOOGL","Alphabet Inc. (GOOGL) Historical Data"
"2019-04-15 00:00:00-04:00","60.74552472518107","61.004073078896056","60.27260033895646","60.86661148071289","23796000","GOOGL","Alphabet Inc. (GOOGL) Historical Data"
"2019-04-16 00:00:00-04:00","61.03880211367006","61.33555965501465","60.79266081312663","61.13358688354492","22622000","GOOGL","Alphabet Inc. (GOOGL) Historical Data"
"2019-04-17 00:00:00-04:00","61.386179505244","61.78814494660802","61.18271878833548","61.5420036315918","30366000","GOOGL","Alphabet Inc. (GOOGL) Historical Data"
"2019-04-18 00:00:00-04:00","61.783184181163996","61.829832604219995","61.50578110439343","61.608009338378906","24750000","GOOGL","Alphabet Inc. (GOOGL) Historical Data"
"2019-04-22 00:00:00-04:00","61.36981120460046","62.24668500018895","61.20604762903879","62.21790313720703","19084000","GOOGL","Alphabet Inc. (GOOGL) Historical Data"
"2019-04-23 00:00:00-04:00","62.360821384365515","63.243650659904674","62.12907098537665","63.0530891418457","31868000","GOOGL","Alphabet Inc. (GOOGL) Historical Data"
"2019-04-24 00:00:00-04:00","63.053089174036955","63.22231228489113","62.51813348565007","62.5300407409668","23396000","GOOGL","Alphabet Inc. (GOOGL) Historical Data"
"2019-04-25 00:00:00-04:00","63.038696513815154","63.16275913114883","62.428310556744194","62.891807556152344","31344000","GOOGL","Alphabet Inc. (GOOGL) Historical Data"
"2019-04-26 00:00:00-04:00","63.1915439427967","63.465971161794066","62.7756873022019","63.39202880859375","27228000","GOOGL","Alphabet Inc. (GOOGL) Historical Data"
"2019-04-29 00:00:00-04:00","63.54535760838715","64.36219140283177","63.10865861812719","64.323974609375","72368000","GOOGL","Alphabet Inc. (GOOGL) Historical Data"
"2019-04-30 00:00:00-04:00","59.08507447945346","59.59869177332872","58.7064351092246","59.498451232910156","133178000","GOOGL","Alphabet Inc. (GOOGL) Historical Data"
"2019-05-01 00:00:00-04:00","59.4259960943342","59.51284144439897","58.144676967482674","58.2260627746582","74340000","GOOGL","Alphabet Inc. (GOOGL) Historical Data"
"2019-05-02 00:00:00-04:00","58.19033204544976","58.52679056579898","57.48218164489478","57.88811492919922","45098000","GOOGL","Alphabet Inc. (GOOGL) Historical Data"
"2019-05-03 00:00:00-04:00","58.42902476029962","59.123280191761495","58.23747507908704","59.03147506713867","41588000","GOOGL","Alphabet Inc. (GOOGL) Historical Data"
"2019-05-06 00:00:00-04:00","58.16054678220856","59.32326264870078","58.11886192932555","59.225502014160156","31774000","GOOGL","Alphabet Inc. (GOOGL) Historical Data"
"2019-05-07 00:00:00-04:00","58.84587812003669","59.2905166064631","57.813180247113","58.50098419189453","36604000","GOOGL","Alphabet Inc. (GOOGL) Historical Data"
"2019-05-08 00:00:00-04:00","58.42306565012407","58.76945127081649","57.94368981954367","58.10000991821289","25520000","GOOGL","Alphabet Inc. (GOOGL) Historical Data"
"2019-05-09 00:00:00-04:00","57.694079675982636","58.26327674387024","57.299061704059284","57.96056365966797","29556000","GOOGL","Alphabet Inc. (GOOGL) Historical Data"
"2019-05-10 00:00:00-04:00","58.00374239955809","58.3729506059401","56.88866675392275","57.944190979003906","31650000","GOOGL","Alphabet Inc. (GOOGL) Historical Data"
"2019-05-13 00:00:00-04:00","56.83258730516244","57.16656213002464","55.85298940597136","56.40332794189453","45626000","GOOGL","Alphabet Inc. (GOOGL) Historical Data"
"2019-05-14 00:00:00-04:00","56.68768627545845","56.81422878558775","55.755228922522","55.821231842041016","40392000","GOOGL","Alphabet Inc. (GOOGL) Historical Data"
"2019-05-15 00:00:00-04:00","55.7065984380292","58.47319724338551","55.64953069071298","58.101009368896484","59302000","GOOGL","Alphabet Inc. (GOOGL) Historical Data"
"2019-05-16 00:00:00-04:00","58.152612216792654","59.26024434993122","57.98438485774405","58.78086471557617","35308000","GOOGL","Alphabet Inc. (GOOGL) Historical Data"
"2019-05-17 00:00:00-04:00","58.35062043745472","58.86969725966883","57.88364779556979","58.000762939453125","25362000","GOOGL","Alphabet Inc. (GOOGL) Historical Data"
"2019-05-20 00:00:00-04:00","57.217679002864074","57.217679002864074","56.480250796098304","56.80380630493164","30602000","GOOGL","Alphabet Inc. (GOOGL) Historical Data"
"2019-05-21 00:00:00-04:00","57.29112652024029","57.46580917920083","56.73681631931188","57.28914260864258","20562000","GOOGL","Alphabet Inc. (GOOGL) Historical Data"
"2019-05-22 00:00:00-04:00","57.130833217876464","57.75263421569003","57.11842619937327","57.359107971191406","18826000","GOOGL","Alphabet Inc. (GOOGL) Historical Data"
"2019-05-23 00:00:00-04:00","56.8737764019207","57.07128159719981","56.23311688971048","56.837547302246094","25214000","GOOGL","Alphabet Inc. (GOOGL) Historical Data"
"2019-05-24 00:00:00-04:00","57.168056060518985","57.28517120875641","56.40928937952739","56.503578186035156","18554000","GOOGL","Alphabet Inc. (GOOGL) Historical Data"
"2019-05-28 00:00:00-04:00","56.64600097315336","57.39087266945291","56.506551680851864","56.55072021484375","20948000","GOOGL","Alphabet Inc. (GOOGL) Historical Data"
"2019-05-29 00:00:00-04:00","56.21028824722078","56.324427519527866","55.180570051498236","55.57707595825195","36230000","GOOGL","Alphabet Inc. (GOOGL) Historical Data"
"2019-05-30 00:00:00-04:00","55.5875009366912","55.91750798232078","55.37659295413161","55.650028228759766","18088000","GOOGL","Alphabet Inc. (GOOGL) Historical Data"
"2019-05-31 00:00:00-04:00","54.867441287329214","55.25252837049741","54.753797985342445","54.910118103027344","31582000","GOOGL","Alphabet Inc. (GOOGL) Historical Data"
"2019-06-03 00:00:00-04:00","52.946453746323435","52.94992559155208","50.96641535794812","51.547523498535156","96890000","GOOGL","Alphabet Inc. (GOOGL) Historical Data"
"2019-06-04 00:00:00-04:00","51.83286255141034","52.52513405659916","51.41303433315086","52.3291130065918","60512000","GOOGL","Alphabet Inc. (GOOGL) Historical Data"
"2019-06-05 00:00:00-04:00","52.354422337948215","52.44424354800819","51.26267286524235","51.84030532836914","46988000","GOOGL","Alphabet Inc. (GOOGL) Historical Data"
"2019-06-06 00:00:00-04:00","51.918221858095734","52.10629969708444","51.38723400310241","51.995140075683594","29020000","GOOGL","Alphabet Inc. (GOOGL) Historical Data"
"2019-06-07 00:00:00-04:00","52.318694793669955","53.269014889801966","52.16336664116216","53.01791000366211","43828000","GOOGL","Alphabet Inc. (GOOGL) Historical Data"
"2019-06-10 00:00:00-04:00","53.446175241234826","54.331488188465315","53.36082161243836","53.732017517089844","28510000","GOOGL","Alphabet Inc. (GOOGL) Historical Data"
"2019-06-11 00:00:00-04:00","54.43817996962721","54.78654953180274","53.573713241851216","53.64665985107422","33508000","GOOGL","Alphabet Inc. (GOOGL) Historical Data"
"2019-06-12 00:00:00-04:00","53.592576805866706","53.72011128259111","53.07895569521114","53.55039596557617","23670000","GOOGL","Alphabet Inc. (GOOGL) Historical Data"
"2019-06-13 00:00:00-04:00","53.82878583415128","54.41832937159558","53.722589776777944","54.141422271728516","20814000","GOOGL","Alphabet Inc. (GOOGL) Historical Data"
"2019-06-14 00:00:00-04:00","54.07839535714609","54.32751253464041","53.66849427776035","53.907684326171875","24582000","GOOGL","Alphabet Inc. (GOOGL) Historical Data"
"2019-06-17 00:00:00-04:00","54.04664158720511","54.651072036648614","53.99205373152484","54.28434371948242","19770000","GOOGL","Alphabet Inc. (GOOGL) Historical Data"
"2019-06-18 00:00:00-04:00","55.158243941161516","55.519512730861265","54.62676007865396","54.847591400146484","34526000","GOOGL","Alphabet Inc. (GOOGL) Historical Data"
"2019-06-19 00:00:00-04:00","54.946840911680276","55.0555206515991","54.39054300031456","54.811363220214844","26714000","GOOGL","Alphabet Inc. (GOOGL) Historical Data"
"2019-06-20 00:00:00-04:00","55.664415452935344","55.71503548558903","54.934926641298766","55.24260330200195","24018000","GOOGL","Alphabet Inc. (GOOGL) Historical Data"
"2019-06-21 00:00:00-04:00","55.07685284867732","55.906086175008376","55.06990537261878","55.84653854370117","50774000","GOOGL","Alphabet Inc. (GOOGL) Historical Data"
"2019-06-24 00:00:00-04:00","55.580050024561366","55.757212554697425","55.248059111817135","55.41628646850586","24236000","GOOGL","Alphabet Inc. (GOOGL) Historical Data"
"2019-06-25 00:00:00-04:00","55.33590318991816","55.36666896463381","53.82332958358036","53.971214294433594","31644000","GOOGL","Alphabet Inc. (GOOGL) Historical Data"
"2019-06-26 00:00:00-04:00","54.140931162129085","54.345387649203154","53.28192390184612","53.61093521118164","34698000","GOOGL","Alphabet Inc. (GOOGL) Historical Data"
"2019-06-27 00:00:00-04:00","53.930024316591016","54.01488197038169","53.38910930568577","53.427818298339844","24078000","GOOGL","Alphabet Inc. (GOOGL) Historical Data"
"2019-06-28 00:00:00-04:00","53.45758624206207","53.7339973449707","53.28737118919637","53.7339973449707","33672000","GOOGL","Alphabet Inc. (GOOGL) Historical Data"
"2019-07-01 00:00:00-04:00","54.6391593176599","55.01383084160599","54.35580072635864","54.58755111694336","29196000","GOOGL","Alphabet Inc. (GOOGL) Historical Data"
"2019-07-02 00:00:00-04:00","54.82724275399014","55.22722052062033","54.571178081216495","55.21282958984375","20630000","GOOGL","Alphabet Inc. (GOOGL) Historical Data"
"2019-07-03 00:00:00-04:00","55.50561270283813","55.9765569294655","55.32448234664557","55.728431701660156","20154000","GOOGL","Alphabet Inc. (GOOGL) Historical Data"
"2019-07-05 00:00:00-04:00","55.54878723421806","56.307057893583014","55.45599015285598","56.20880126953125","29794000","GOOGL","Alphabet Inc. (GOOGL) Historical Data"
"2019-07-08 00:00:00-04:00","55.87135130201756","55.93785019845802","55.171144122246865","55.42075729370117","29888000","GOOGL","Alphabet Inc. (GOOGL) Historical Data"
"2019-07-09 00:00:00-04:00","55.09968236348599","55.97010840456372","54.94237029434849","55.792945861816406","29472000","GOOGL","Alphabet Inc. (GOOGL) Historical Data"
"2019-07-10 00:00:00-04:00","56.19143420006635","56.68867662457347","56.109056440518735","56.617713928222656","30710000","GOOGL","Alphabet Inc. (GOOGL) Historical Data"
"2019-07-11 00:00:00-04:00","56.87824078481194","57.22958619761573","56.549229519899086","56.775020599365234","26004000","GOOGL","Alphabet Inc. (GOOGL) Historical Data"
"2019-07-12 00:00:00-04:00","56.71795227658807","56.94473909553563","56.50109258684386","56.837547302246094","21878000","GOOGL","Alphabet Inc. (GOOGL) Historical Data"
"2019-07-15 00:00:00-04:00","56.83755177030159","57.10255162116014","56.5725557055338","57.0941162109375","21164000","GOOGL","Alphabet Inc. (GOOGL) Historical Data"
"2019-07-16 00:00:00-04:00","56.90653039566399","57.49458979757321","56.90653039566399","57.240509033203125","25352000","GOOGL","Alphabet Inc. (GOOGL) Historical Data"
"2019-07-17 00:00:00-04:00","57.11446053129008","57.48764033962764","56.901072677692355","56.90702819824219","19538000","GOOGL","Alphabet Inc. (GOOGL) Historical Data"
"2019-07-18 00:00:00-04:00","56.671802710632605","56.97799143438814","56.21823283580338","56.93183898925781","25450000","GOOGL","Alphabet Inc. (GOOGL) Historical Data"
"2019-07-19 00:00:00-04:00","57.035058424493094","57.147210000503584","56.13833422209774","56.153221130371094","23184000","GOOGL","Alphabet Inc. (GOOGL) Historical Data"
"2019-07-22 00:00:00-04:00","56.34775013685135","56.57354500725381","55.838600460858665","56.533348083496094","28914000","GOOGL","Alphabet Inc. (GOOGL) Historical Data"
"2019-07-23 00:00:00-04:00","56.7437634955171","57.012235195228826","56.21773918200493","56.97203826904297","20648000","GOOGL","Alphabet Inc. (GOOGL) Historical Data"
"2019-07-24 00:00:00-04:00","56.20631736294877","56.843501226216674","56.002356889151976","56.55915069580078","27192000","GOOGL","Alphabet Inc. (GOOGL) Historical Data"
"2019-07-25 00:00:00-04:00","56.520443518190056","56.750705969094305","55.764160586237736","56.37107467651367","54762000","GOOGL","Alphabet Inc. (GOOGL) Historical Data"
"2019-07-26 00:00:00-04:00","60.93956211935694","62.943914803544715","60.93956211935694","61.794105529785156","121216000","GOOGL","Alphabet Inc. (GOOGL) Historical Data"
"2019-07-29 00:00:00-04:00","61.6591153139283","61.98118286960996","61.048725625222566","61.62636184692383","41382000","GOOGL","Alphabet Inc. (GOOGL) Historical Data"
"2019-07-30 00:00:00-04:00","60.88993186007591","61.38171853493081","60.806562143614634","60.93955993652344","28616000","GOOGL","Alphabet Inc. (GOOGL) Historical Data"
"2019-07-31 00:00:00-04:00","60.78423078254611","61.28246516162188","59.95598938818582","60.45323181152344","39960000","GOOGL","Alphabet Inc. (GOOGL) Historical Data"
"2019-08-01 00:00:00-04:00","60.42494580862854","61.351443824494446","59.897429805871845","60.134639739990234","35426000","GOOGL","Alphabet Inc. (GOOGL) Historical Data"
"2019-08-02 00:00:00-04:00","59.698930391022664","60.02149015325406","59.05380329437899","59.367435455322266","34910000","GOOGL","Alphabet Inc. (GOOGL) Historical Data"
"2019-08-05 00:00:00-04:00","58.20869502156887","58.40273218293056","56.70902818101856","57.304527282714844","47840000","GOOGL","Alphabet Inc. (GOOGL) Historical Data"
"2019-08-06 00:00:00-04:00","57.83898734854081","58.62703184457215","57.64098237571722","58.11490249633789","36014000","GOOGL","Alphabet Inc. (GOOGL) Historical Data"
"2019-08-07 00:00:00-04:00","57.455875700470024","58.55110079193506","57.11048581608974","58.35458755493164","30686000","GOOGL","Alphabet Inc. (GOOGL) Historical Data"
"2019-08-08 00:00:00-04:00","58.87664505680203","59.86170257050078","58.25980758304627","59.85723876953125","30116000","GOOGL","Alphabet Inc. (GOOGL) Historical Data"
"2019-08-09 00:00:00-04:00","59.549560332952176","59.77138359606932","58.800221064268946","58.99921798706055","20418000","GOOGL","Alphabet Inc. (GOOGL) Historical Data"
"2019-08-12 00:00:00-04:00","58.5575499957582","58.83594499930251","57.99778033562814","58.284610748291016","22064000","GOOGL","Alphabet Inc. (GOOGL) Historical Data"
"2019-08-13 00:00:00-04:00","58.27717122757567","59.81951849658045","58.209684163982665","59.387779235839844","28434000","GOOGL","Alphabet Inc. (GOOGL) Historical Data"
"2019-08-14 00:00:00-04:00","58.362534348308905","58.69601323430192","57.61815858971087","57.77596664428711","35430000","GOOGL","Alphabet Inc. (GOOGL) Historical Data"
"2019-08-15 00:00:00-04:00","57.9833926276096","58.379894739111016","57.7139289960398","58.027557373046875","28506000","GOOGL","Alphabet Inc. (GOOGL) Historical Data"
"2019-08-16 00:00:00-04:00","58.596766267836664","58.748122827713686","58.21018744635822","58.51835632324219","24916000","GOOGL","Alphabet Inc. (GOOGL) Historical Data"
"2019-08-19 00:00:00-04:00","59.144620092536506","60.016038082984736","59.07365739481806","59.57189178466797","24450000","GOOGL","Alphabet Inc. (GOOGL) Historical Data"
"2019-08-20 00:00:00-04:00","59.31929846619912","59.450804530584676","58.70890875599662","58.73272705078125","20206000","GOOGL","Alphabet Inc. (GOOGL) Historical Data"
"2019-08-21 00:00:00-04:00","59.3426255842237","59.57784782839805","58.95058724856954","59.1322135925293","14152000","GOOGL","Alphabet Inc. (GOOGL) Historical Data"
"2019-08-22 00:00:00-04:00","59.24237784247647","59.48951111379449","58.50346170389062","59.129234313964844","17352000","GOOGL","Alphabet Inc. (GOOGL) Historical Data"
"2019-08-23 00:00:00-04:00","58.81411734731172","59.33518186625509","57.06880525553756","57.246463775634766","36254000","GOOGL","Alphabet Inc. (GOOGL) Historical Data"
"2019-08-26 00:00:00-04:00","57.537761518563784","58.153607029039634","57.30948675302142","58.1198616027832","21166000","GOOGL","Alphabet Inc. (GOOGL) Historical Data"
"2019-08-27 00:00:00-04:00","58.70642773916501","58.805676311330274","57.791341062327135","58.101993560791016","23460000","GOOGL","Alphabet Inc. (GOOGL) Historical Data"
"2019-08-28 00:00:00-04:00","57.80673150671596","58.483120420447044","57.57746477621355","58.24740219116211","16810000","GOOGL","Alphabet Inc. (GOOGL) Historical Data"
"2019-08-29 00:00:00-04:00","58.87615066730141","59.509862764533025","58.81957889810196","59.26422119140625","19636000","GOOGL","Alphabet Inc. (GOOGL) Historical Data"
"2019-08-30 00:00:00-04:00","59.56742773091327","59.56742773091327","58.84141077023284","59.080108642578125","18064000","GOOGL","Alphabet Inc. (GOOGL) Historical Data"
"2019-09-03 00:00:00-04:00","58.64936072126614","59.008149599886224","57.74916466854388","58.03897476196289","25908000","GOOGL","Alphabet Inc. (GOOGL) Historical Data"
"2019-09-04 00:00:00-04:00","58.53026267829021","58.799726325309585","58.13723238922379","58.670204162597656","21312000","GOOGL","Alphabet Inc. (GOOGL) Historical Data"
"2019-09-05 00:00:00-04:00","59.23543299199942","60.244808550216014","59.18729663524469","60.15498733520508","26394000","GOOGL","Alphabet Inc. (GOOGL) Historical Data"
"2019-09-06 00:00:00-04:00","60.003634729772195","60.192704537976375","59.711836916721936","59.86369323730469","18972000","GOOGL","Alphabet Inc. (GOOGL) Historical Data"
"2019-09-09 00:00:00-04:00","59.90140569237248","60.56985517921189","59.211121819506104","59.81158447265625","31854000","GOOGL","Alphabet Inc. (GOOGL) Historical Data"
"2019-09-10 00:00:00-04:00","59.356024091289484","60.046307931779786","59.352052482156836","59.83292007446289","27922000","GOOGL","Alphabet Inc. (GOOGL) Historical Data"
"2019-09-11 00:00:00-04:00","59.74310099718435","60.66513526783259","59.663203122517","60.54256057739258","23522000","GOOGL","Alphabet Inc. (GOOGL) Historical Data"
"2019-09-12 00:00:00-04:00","60.71475358026939","61.65514651270272","60.66959309336393","61.28544235229492","31644000","GOOGL","Alphabet Inc. (GOOGL) Historical Data"
"2019-09-13 00:00:00-04:00","61.143518317793806","61.58716864809238","60.89390513944056","61.53654861450195","23676000","GOOGL","Alphabet Inc. (GOOGL) Historical Data"
"2019-09-16 00:00:00-04:00","61.06064212934276","61.4864258802319","60.80010987565315","61.11969757080078","28218000","GOOGL","Alphabet Inc. (GOOGL) Historical Data"
"2019-09-17 00:00:00-04:00","61.119701339497205","61.286936758492395","60.70880447158138","61.03285598754883","20806000","GOOGL","Alphabet Inc. (GOOGL) Historical Data"
"2019-09-18 00:00:00-04:00","61.050719756478664","61.34846928567616","60.36738339435183","61.17031478881836","17440000","GOOGL","Alphabet Inc. (GOOGL) Historical Data"
"2019-09-19 00:00:00-04:00","61.15393834771832","61.750429346275254","61.153442369852456","61.473026275634766","16554000","GOOGL","Alphabet Inc. (GOOGL) Historical Data"
"2019-09-20 00:00:00-04:00","61.219442346351414","61.67400795973817","60.7202160078767","61.03086853027344","37692000","GOOGL","Alphabet Inc. (GOOGL) Historical Data"
"2019-09-23 00:00:00-04:00","60.86859182001114","61.51917847820748","60.73013827416754","61.271549224853516","20798000","GOOGL","Alphabet Inc. (GOOGL) Historical Data"
"2019-09-24 00:00:00-04:00","61.53505712198621","61.887890472586925","60.07806725363248","60.45968246459961","35804000","GOOGL","Alphabet Inc. (GOOGL) Historical Data"
"2019-09-25 00:00:00-04:00","60.34455437030646","61.93305417641819","60.00660791020394","61.829833984375","26798000","GOOGL","Alphabet Inc. (GOOGL) Historical Data"
"2019-09-26 00:00:00-04:00","61.64125725959552","61.76681160275581","61.12912790123598","61.64870071411133","23166000","GOOGL","Alphabet Inc. (GOOGL) Historical Data"
"2019-09-27 00:00:00-04:00","61.675494522635425","61.78268631820922","60.30435425876705","60.837825775146484","34122000","GOOGL","Alphabet Inc. (GOOGL) Historical Data"
"2019-09-30 00:00:00-04:00","60.572330773891714","60.91027722067132","60.2160255738023","60.59912872314453","24470000","GOOGL","Alphabet Inc. (GOOGL) Historical Data"
"2019-10-01 00:00:00-04:00","60.66611919885547","61.18073216781802","59.82547084776758","59.847801208496094","24504000","GOOGL","Alphabet Inc. (GOOGL) Historical Data"
"2019-10-02 00:00:00-04:00","59.37636846440927","59.48852003887032","58.19181809812556","58.4543342590332","33030000","GOOGL","Alphabet Inc. (GOOGL) Historical Data"
"2019-10-03 00:00:00-04:00","58.72330321156918","59.10343049789209","57.720878923332165","59.02552032470703","28368000","GOOGL","Alphabet Inc. (GOOGL) Historical Data"
"2019-10-04 00:00:00-04:00","59.26669890627173","60.16838669335828","59.10194338370747","60.09394836425781","24282000","GOOGL","Alphabet Inc. (GOOGL) Historical Data"
"2019-10-07 00:00:00-04:00","59.897429903730114","60.48846514938345","59.76641981061871","59.9594612121582","17040000","GOOGL","Alphabet Inc. (GOOGL) Historical Data"
"2019-10-08 00:00:00-04:00","59.48901657316592","59.89097823911531","59.027999466165745","59.06025695800781","20086000","GOOGL","Alphabet Inc. (GOOGL) Historical Data"
"2019-10-09 00:00:00-04:00","59.6160589862627","59.96988429727848","59.45675922423016","59.66915512084961","15948000","GOOGL","Alphabet Inc. (GOOGL) Historical Data"
"2019-10-10 00:00:00-04:00","59.48058101672487","60.32519724822251","59.443859724165584","60.02000427246094","12842000","GOOGL","Alphabet Inc. (GOOGL) Historical Data"
"2019-10-11 00:00:00-04:00","60.74254689680836","60.97677718184017","60.22694192579406","60.32966613769531","22330000","GOOGL","Alphabet Inc. (GOOGL) Historical Data"
"2019-10-14 00:00:00-04:00","60.239350777041764","60.834353873471784","60.13960621545957","60.4318962097168","13296000","GOOGL","Alphabet Inc. (GOOGL) Historical Data"
"2019-10-15 00:00:00-04:00","60.61699512250634","61.88888303633193","60.58821326185716","61.646217346191406","27584000","GOOGL","Alphabet Inc. (GOOGL) Historical Data"
"2019-10-16 00:00:00-04:00","61.62487781814139","62.239235368386765","61.46210621454887","61.68393325805664","22986000","GOOGL","Alphabet Inc. (GOOGL) Historical Data"
"2019-10-17 00:00:00-04:00","62.10077899580284","62.71364858456095","62.024852739993044","62.17025375366211","20958000","GOOGL","Alphabet Inc. (GOOGL) Historical Data"
"2019-10-18 00:00:00-04:00","62.26404783111225","62.43376312042484","61.542002526494294","61.753902435302734","31624000","GOOGL","Alphabet Inc. (GOOGL) Historical Data"
"2019-10-21 00:00:00-04:00","61.96679897605688","62.20549306480344","61.534563716358846","61.74745559692383","18094000","GOOGL","Alphabet Inc. (GOOGL) Historical Data"
"2019-10-22 00:00:00-04:00","61.757379949911005","61.96828792239115","61.52761724539211","61.59461212158203","22862000","GOOGL","Alphabet Inc. (GOOGL) Historical Data"
"2019-10-23 00:00:00-04:00","61.54548727491261","62.430300523993616","61.54548727491261","62.40995407104492","21282000","GOOGL","Alphabet Inc. (GOOGL) Historical Data"
"2019-10-24 00:00:00-04:00","62.483394622802734","62.67147246098987","62.14792806244017","62.483394622802734","20224000","GOOGL","Alphabet Inc. (GOOGL) Historical Data"
"2019-10-25 00:00:00-04:00","62.13056175067174","62.92456558804424","61.989132325424976","62.74095153808594","27104000","GOOGL","Alphabet Inc. (GOOGL) Historical Data"
"2019-10-28 00:00:00-04:00","63.27193493925215","64.47484407974726","63.13844495607343","63.96569061279297","65428000","GOOGL","Alphabet Inc. (GOOGL) Historical Data"
"2019-10-29 00:00:00-04:00","63.32156072139052","63.55976261853793","62.30970526205606","62.5603141784668","52654000","GOOGL","Alphabet Inc. (GOOGL) Historical Data"
"2019-10-30 00:00:00-04:00","62.28687485547852","62.925550456002455","62.06356366767781","62.562294006347656","29204000","GOOGL","Alphabet Inc. (GOOGL) Historical Data"
"2019-10-31 00:00:00-04:00","62.52756137017092","62.85111689975829","62.00550488853947","62.46800994873047","31904000","GOOGL","Alphabet Inc. (GOOGL) Historical Data"
"2019-11-01 00:00:00-04:00","62.81539142602444","63.172692404468464","62.51317428532236","63.13547134399414","28812000","GOOGL","Alphabet Inc. (GOOGL) Historical Data"
"2019-11-04 00:00:00-05:00","63.327022271818954","64.1403768069977","63.327022271818954","63.9969596862793","30632000","GOOGL","Alphabet Inc. (GOOGL) Historical Data"
"2019-11-05 00:00:00-05:00","64.07585751373018","64.3755947325822","63.98554410909074","64.0877685546875","25148000","GOOGL","Alphabet Inc. (GOOGL) Historical Data"
"2019-11-06 00:00:00-05:00","64.02077645871792","64.16468575930595","63.63270975280702","64.0664291381836","24626000","GOOGL","Alphabet Inc. (GOOGL) Historical Data"
"2019-11-07 00:00:00-05:00","64.22870020115927","65.6365655154242","64.20240201673944","64.8569564819336","45140000","GOOGL","Alphabet Inc. (GOOGL) Historical Data"
"2019-11-08 00:00:00-05:00","64.58798684681432","65.36164416769404","64.58798684681432","64.95918273925781","30392000","GOOGL","Alphabet Inc. (GOOGL) Historical Data"
"2019-11-11 00:00:00-05:00","64.71105873497332","64.75572703245952","64.30761291533182","64.42720794677734","17234000","GOOGL","Alphabet Inc. (GOOGL) Historical Data"
"2019-11-12 00:00:00-05:00","64.44159057864232","64.97655000563367","64.22671480495114","64.37409973144531","28852000","GOOGL","Alphabet Inc. (GOOGL) Historical Data"
"2019-11-13 00:00:00-05:00","64.17411376464824","64.63761454266125","64.12300154214594","64.32299041748047","20538000","GOOGL","Alphabet Inc. (GOOGL) Historical Data"
"2019-11-14 00:00:00-05:00","64.26443792254808","65.29267201875889","64.21183397776251","64.96662902832031","28948000","GOOGL","Alphabet Inc. (GOOGL) Historical Data"
"2019-11-15 00:00:00-05:00","65.25942758936658","66.17699432373047","65.1026076987226","66.17699432373047","39286000","GOOGL","Alphabet Inc. (GOOGL) Historical Data"
"2019-11-18 00:00:00-05:00","66.11742915048329","66.19583908399201","65.31449780142827","65.49711608886719","27984000","GOOGL","Alphabet Inc. (GOOGL) Historical Data"
"2019-11-19 00:00:00-05:00","65.83406821762365","65.83406821762365","65.09664383210311","65.13733673095703","21864000","GOOGL","Alphabet Inc. (GOOGL) Historical Data"
"2019-11-20 00:00:00-05:00","65.07631014524446","65.16811528154169","63.977117041056246","64.60487365722656","28892000","GOOGL","Alphabet Inc. (GOOGL) Historical Data"
"2019-11-21 00:00:00-05:00","64.47533983135945","65.06438734597921","64.05352392914187","64.5195083618164","25546000","GOOGL","Alphabet Inc. (GOOGL) Historical Data"
"2019-11-22 00:00:00-05:00","64.6614339170369","64.85497128596099","63.984549103644646","64.19843292236328","27776000","GOOGL","Alphabet Inc. (GOOGL) Historical Data"
"2019-11-25 00:00:00-05:00","64.32697278344668","65.02916393054878","64.29471528841627","64.79244995117188","23590000","GOOGL","Alphabet Inc. (GOOGL) Historical Data"
"2019-11-26 00:00:00-05:00","65.00434770441765","65.20781222608903","64.71305344747026","65.1576919555664","21910000","GOOGL","Alphabet Inc. (GOOGL) Historical Data"
"2019-11-27 00:00:00-05:00","65.27777330079653","65.38794094931119","64.98250370933454","65.114501953125","18808000","GOOGL","Alphabet Inc. (GOOGL) Historical Data"
"2019-11-29 00:00:00-05:00","64.84007749756785","65.00631713708644","64.67283833029045","64.71551513671875","12802000","GOOGL","Alphabet Inc. (GOOGL) Historical Data"
"2019-12-02 00:00:00-05:00","64.63959270409757","64.78251760986231","63.53890812782957","63.95973205566406","26538000","GOOGL","Alphabet Inc. (GOOGL) Historical Data"
"2019-12-03 00:00:00-05:00","63.45355436186496","64.37509629118345","63.37366028625145","64.25152587890625","25270000","GOOGL","Alphabet Inc. (GOOGL) Historical Data"
"2019-12-04 00:00:00-05:00","64.81526974961815","65.71695745819278","64.66390942910238","65.45245361328125","35506000","GOOGL","Alphabet Inc. (GOOGL) Historical Data"
"2019-12-05 00:00:00-05:00","65.85244014940825","65.90107627270982","65.22319941918312","65.85045623779297","24408000","GOOGL","Alphabet Inc. (GOOGL) Historical Data"
"2019-12-06 00:00:00-05:00","66.13778172984779","66.62013727183943","66.06235522863464","66.46729278564453","32968000","GOOGL","Alphabet Inc. (GOOGL) Historical Data"
"2019-12-09 00:00:00-05:00","66.44097880991423","67.36847240077955","66.30252150171847","66.64592742919922","30842000","GOOGL","Alphabet Inc. (GOOGL) Historical Data"
"2019-12-10 00:00:00-05:00","66.49458298125603","66.89456071406927","66.19980555592782","66.64097595214844","17606000","GOOGL","Alphabet Inc. (GOOGL) Historical Data"
"2019-12-11 00:00:00-05:00","66.90945404695505","66.98835617819118","66.55215309066824","66.7084732055664","20480000","GOOGL","Alphabet Inc. (GOOGL) Historical Data"
"2019-12-12 00:00:00-05:00","66.65685647014153","67.22108996230007","66.40823905263555","66.91887664794922","29114000","GOOGL","Alphabet Inc. (GOOGL) Historical Data"
"2019-12-13 00:00:00-05:00","66.88959794149217","67.06080496049667","66.57994115975089","66.83848571777344","33170000","GOOGL","Alphabet Inc. (GOOGL) Historical Data"
"2019-12-16 00:00:00-05:00","67.24194436457637","67.66524447622663","67.02409269178868","67.52481079101562","28128000","GOOGL","Alphabet Inc. (GOOGL) Historical Data"
"2019-12-17 00:00:00-05:00","67.60965285811099","67.70493360611698","67.03201663615367","67.2364730834961","32948000","GOOGL","Alphabet Inc. (GOOGL) Historical Data"
"2019-12-18 00:00:00-05:00","67.34118534402695","67.46177232689692","67.01664166516937","67.08859252929688","23330000","GOOGL","Alphabet Inc. (GOOGL) Historical Data"
"2019-12-19 00:00:00-05:00","67.0886049459854","67.36750356922481","66.93179262005509","67.31340789794922","28922000","GOOGL","Alphabet Inc. (GOOGL) Historical Data"
"2019-12-20 00:00:00-05:00","67.64389911091128","67.68855983506695","67.03003753311336","67.05435180664062","50090000","GOOGL","Alphabet Inc. (GOOGL) Historical Data"
"2019-12-23 00:00:00-05:00","67.42703948197932","67.58186786917857","66.89456370617594","67.02507781982422","19936000","GOOGL","Alphabet Inc. (GOOGL) Historical Data"
"2019-12-24 00:00:00-05:00","67.00423382720653","67.09356285074838","66.70450417230641","66.71739959716797","13468000","GOOGL","Alphabet Inc. (GOOGL) Historical Data"
"2019-12-26 00:00:00-05:00","66.8226119301376","67.64887327109261","66.77099993853264","67.61264038085938","23662000","GOOGL","Alphabet Inc. (GOOGL) Historical Data"
"2019-12-27 00:00:00-05:00","67.68855280086393","67.8399131132369","67.1426818939323","67.22406768798828","23212000","GOOGL","Alphabet Inc. (GOOGL) Historical Data"
"2019-12-30 00:00:00-05:00","67.33175348084139","67.34118084559142","66.39036485397101","66.48316192626953","19994000","GOOGL","Alphabet Inc. (GOOGL) Historical Data"
"2019-12-31 00:00:00-05:00","66.2886423044557","66.53031605334827","66.10701595588644","66.46729278564453","19514000","GOOGL","Alphabet Inc. (GOOGL) Historical Data"
"2020-01-02 00:00:00-05:00","66.91490324811264","67.9207992553711","66.81962250301638","67.9207992553711","27278000","GOOGL","Alphabet Inc. (GOOGL) Historical Data"
"2020-01-03 00:00:00-05:00","66.89457272632518","68.17241632220487","66.86082351055772","67.56549835205078","23408000","GOOGL","Alphabet Inc. (GOOGL) Historical Data"
"2020-01-06 00:00:00-05:00","67.07469616252293","69.3916926420359","67.0434381998988","69.36638641357422","46768000","GOOGL","Alphabet Inc. (GOOGL) Historical Data"
"2020-01-07 00:00:00-05:00","69.49789480129157","69.64875536577131","69.05623219302926","69.2323989868164","34330000","GOOGL","Alphabet Inc. (GOOGL) Historical Data"
"2020-01-08 00:00:00-05:00","69.21801197598803","70.0631280606545","69.10933602043706","69.72518157958984","35314000","GOOGL","Alphabet Inc. (GOOGL) Historical Data"
"2020-01-09 00:00:00-05:00","70.56333031718493","70.89830085438531","69.98172629744387","70.45713806152344","33200000","GOOGL","Alphabet Inc. (GOOGL) Historical Data"
"2020-01-10 00:00:00-05:00","70.93751472809956","71.20896226489012","70.44771578618479","70.91220092773438","26258000","GOOGL","Alphabet Inc. (GOOGL) Historical Data"
"2020-01-13 00:00:00-05:00","71.22434937620667","71.53351398026712","70.73405818738722","71.46156311035156","30730000","GOOGL","Alphabet Inc. (GOOGL) Historical Data"
"2020-01-14 00:00:00-05:00","71.46006422047215","71.5905783300735","70.85314635097474","70.99309539794922","26076000","GOOGL","Alphabet Inc. (GOOGL) Historical Data"
"2020-01-15 00:00:00-05:00","71.11369867069871","71.4987895896203","71.04620780707694","71.42037963867188","21550000","GOOGL","Alphabet Inc. (GOOGL) Historical Data"
"2020-01-16 00:00:00-05:00","71.730533421718","71.99106949862211","71.46007778598154","71.96427154541016","26080000","GOOGL","Alphabet Inc. (GOOGL) Historical Data"
"2020-01-17 00:00:00-05:00","72.57861703888604","73.47236161437567","72.28136348423534","73.42124938964844","52424000","GOOGL","Alphabet Inc. (GOOGL) Historical Data"
"2020-01-21 00:00:00-05:00","73.39543709748455","73.93536387662941","72.9592340508193","73.55672454833984","48930000","GOOGL","Alphabet Inc. (GOOGL) Historical Data"
"2020-01-22 00:00:00-05:00","73.92793275973034","74.46636033692931","73.5770832763965","73.63712310791016","28458000","GOOGL","Alphabet Inc. (GOOGL) Historical Data"
"2020-01-23 00:00:00-05:00","73.81973599499418","74.1150056100475","73.46094335586837","73.67780303955078","26650000","GOOGL","Alphabet Inc. (GOOGL) Historical Data"
"2020-01-24 00:00:00-05:00","74.08127050567003","74.14975332115424","72.61038169264586","72.7587661743164","29786000","GOOGL","Alphabet Inc. (GOOGL) Historical Data"
"2020-01-27 00:00:00-05:00","71.04024762156224","71.29035678349074","70.44275705144024","71.04967498779297","34132000","GOOGL","Alphabet Inc. (GOOGL) Historical Data"
"2020-01-28 00:00:00-05:00","71.54641358018323","72.19451657572402","70.98168030050765","71.98113250732422","29724000","GOOGL","Alphabet Inc. (GOOGL) Historical Data"
"2020-01-29 00:00:00-05:00","72.37614827530244","72.65802274423001","71.72755303995011","72.28881072998047","21566000","GOOGL","Alphabet Inc. (GOOGL) Historical Data"
"2020-01-30 00:00:00-05:00","71.36578143499277","72.2168492041988","71.21194499533239","72.16722869873047","27110000","GOOGL","Alphabet Inc. (GOOGL) Historical Data"
"2020-01-31 00:00:00-05:00","72.842628440091","72.93244966534068","70.81792535833127","71.1017837524414","43822000","GOOGL","Alphabet Inc. (GOOGL) Historical Data"
"2020-02-03 00:00:00-05:00","72.53445127251754","73.75771451445905","72.28434210997459","73.5740966796875","71636000","GOOGL","Alphabet Inc. (GOOGL) Historical Data"
"2020-02-04 00:00:00-05:00","72.17914397442904","72.81682013376593","70.56831370623127","71.72854614257812","95880000","GOOGL","Alphabet Inc. (GOOGL) Historical Data"
"2020-02-05 00:00:00-05:00","72.63170618173763","72.67984253452366","70.94793336208039","71.76029205322266","36376000","GOOGL","Alphabet Inc. (GOOGL) Historical Data"
"2020-02-06 00:00:00-05:00","72.05458066523562","73.5224935524737","71.98014611752211","73.24508666992188","37822000","GOOGL","Alphabet Inc. (GOOGL) Historical Data"
"2020-02-07 00:00:00-05:00","72.81929012242819","73.7055911376281","72.72103350779275","73.40089416503906","28360000","GOOGL","Alphabet Inc. (GOOGL) Historical Data"
"2020-02-10 00:00:00-05:00","73.30762192172601","74.87825154536428","73.20688160848441","74.8673324584961","38302000","GOOGL","Alphabet Inc. (GOOGL) Historical Data"
"2020-02-11 00:00:00-05:00","75.09607878398091","75.92035599146817","74.70801213991432","74.93678283691406","34852000","GOOGL","Alphabet Inc. (GOOGL) Historical Data"
"2020-02-12 00:00:00-05:00","75.22461806580742","75.44495338113576","74.86781690908632","75.3620834350586","31042000","GOOGL","Alphabet Inc. (GOOGL) Historical Data"
"2020-02-13 00:00:00-05:00","74.93381963355475","75.72533972486248","74.63606632799268","75.10205078125","22914000","GOOGL","Alphabet Inc. (GOOGL) Historical Data"
"2020-02-14 00:00:00-05:00","75.15861826834625","75.43254947654793","74.71298029109376","75.3670425415039","23198000","GOOGL","Alphabet Inc. (GOOGL) Historical Data"
"2020-02-18 00:00:00-05:00","75.14919769716833","75.95411300380982","74.98394241111538","75.40228271484375","25642000","GOOGL","Alphabet Inc. (GOOGL) Historical Data"
"2020-02-19 00:00:00-05:00","75.78738014912862","75.96305477198614","75.47871529345878","75.6717529296875","22746000","GOOGL","Alphabet Inc. (GOOGL) Historical Data"
"2020-02-20 00:00:00-05:00","75.38093357680475","75.78091128378992","74.6489611974282","75.28069305419922","25962000","GOOGL","Alphabet Inc. (GOOGL) Historical Data"
"2020-02-21 00:00:00-05:00","74.66484862101126","74.98096446759392","73.37013437097549","73.61676788330078","42520000","GOOGL","Alphabet Inc. (GOOGL) Historical Data"
"2020-02-24 00:00:00-05:00","70.61892109008193","71.28042685845558","69.81202186636781","70.46061706542969","49560000","GOOGL","Alphabet Inc. (GOOGL) Historical Data"
"2020-02-25 00:00:00-05:00","71.0134442009436","71.30374648103692","68.50341002838334","68.79619598388672","51580000","GOOGL","Alphabet Inc. (GOOGL) Historical Data"
"2020-02-26 00:00:00-05:00","69.22595484103678","70.15344868855172","68.31136399152298","69.00214385986328","49776000","GOOGL","Alphabet Inc. (GOOGL) Historical Data"
"2020-02-27 00:00:00-05:00","67.4473896252563","67.95654311110967","65.21922220576265","65.25445556640625","62290000","GOOGL","Alphabet Inc. (GOOGL) Historical Data"
"2020-02-28 00:00:00-05:00","63.23768312012061","66.61913096457909","62.93497008032341","66.46033477783203","80198000","GOOGL","Alphabet Inc. (GOOGL) Historical Data"
"2020-03-02 00:00:00-05:00","67.06279499656021","68.85325994086891","65.76311339989533","68.79619598388672","55430000","GOOGL","Alphabet Inc. (GOOGL) Historical Data"
"2020-03-03 00:00:00-05:00","69.3599333673379","69.88149002953965","65.9635907304917","66.38441467285156","56602000","GOOGL","Alphabet Inc. (GOOGL) Historical Data"
"2020-03-04 00:00:00-05:00","67.43845113577657","68.62052161924996","66.34868554057559","68.56196594238281","47598000","GOOGL","Alphabet Inc. (GOOGL) Historical Data"
"2020-03-05 00:00:00-05:00","66.77299384017086","67.17397121874266","64.59396188268224","65.24504089355469","54380000","GOOGL","Alphabet Inc. (GOOGL) Historical Data"
"2020-03-06 00:00:00-05:00","63.021331540993415","64.64902873567758","62.389107394937724","64.30116271972656","64640000","GOOGL","Alphabet Inc. (GOOGL) Historical Data"
"2020-03-09 00:00:00-04:00","59.796197886210365","62.16678659987144","59.45279189368406","60.33363723754883","69252000","GOOGL","Alphabet Inc. (GOOGL) Historical Data"
"2020-03-10 00:00:00-04:00","62.249162685435664","63.31411422982918","60.270112587742254","63.28036880493164","54872000","GOOGL","Alphabet Inc. (GOOGL) Historical Data"
"2020-03-11 00:00:00-04:00","61.9454606818698","62.37521226684703","59.11037916246386","60.09096908569336","54732000","GOOGL","Alphabet Inc. (GOOGL) Historical Data"
"2020-03-12 00:00:00-04:00","55.71007122053141","58.99177508979836","55.00787634557328","55.16072082519531","94326000","GOOGL","Alphabet Inc. (GOOGL) Historical Data"
"2020-03-13 00:00:00-04:00","58.308932915533035","60.26465691209083","55.19744041947914","60.25820541381836","79400000","GOOGL","Alphabet Inc. (GOOGL) Historical Data"
"2020-03-16 00:00:00-04:00","54.071942763433945","56.84399695833139","52.95389135443465","53.24767303466797","96520000","GOOGL","Alphabet Inc. (GOOGL) Historical Data"
"2020-03-17 00:00:00-04:00","54.12306272429023","55.87780214419819","52.06163860584557","55.48377990722656","83194000","GOOGL","Alphabet Inc. (GOOGL) Historical Data"
"2020-03-18 00:00:00-04:00","52.59957358482276","54.83518057354146","51.461171864578795","54.15035629272461","93044000","GOOGL","Alphabet Inc. (GOOGL) Historical Data"
"2020-03-19 00:00:00-04:00","54.002971351103","57.19832981284174","52.381721811582096","55.16667938232422","74064000","GOOGL","Alphabet Inc. (GOOGL) Historical Data"
"2020-03-20 00:00:00-04:00","56.12096445623993","56.49712392196647","52.70676254783707","53.009971618652344","82878000","GOOGL","Alphabet Inc. (GOOGL) Historical Data"
"2020-03-23 00:00:00-04:00","52.422412216355276","52.94546064378","50.06522244779054","52.31125259399414","83672000","GOOGL","Alphabet Inc. (GOOGL) Historical Data"
"2020-03-24 00:00:00-04:00","54.78505912386957","56.241553000148","53.91413715081012","56.07679748535156","72468000","GOOGL","Alphabet Inc. (GOOGL) Historical Data"
"2020-03-25 00:00:00-04:00","55.807335766211146","56.87873884091762","53.74442370156079","54.667945861816406","90324000","GOOGL","Alphabet Inc. (GOOGL) Historical Data"
"2020-03-26 00:00:00-04:00","55.318030110125996","58.13474890041743","54.19203923465437","57.709957122802734","76562000","GOOGL","Alphabet Inc. (GOOGL) Historical Data"
"2020-03-27 00:00:00-04:00","55.950749927564374","57.12090932887696","54.78605006867187","55.096702575683594","62794000","GOOGL","Alphabet Inc. (GOOGL) Historical Data"
"2020-03-30 00:00:00-04:00","56.20731596127036","57.118431141959434","54.51262006874927","56.88568878173828","58736000","GOOGL","Alphabet Inc. (GOOGL) Historical Data"
"2020-03-31 00:00:00-04:00","57.00578084729468","58.23002839559108","56.40978203312284","57.66182327270508","65228000","GOOGL","Alphabet Inc. (GOOGL) Historical Data"
"2020-04-01 00:00:00-04:00","55.77855848250807","56.04752616999693","54.26449692376757","54.691768646240234","51970000","GOOGL","Alphabet Inc. (GOOGL) Historical Data"
"2020-04-02 00:00:00-04:00","54.58755078840877","55.717513301749904","54.24662847795809","55.43266677856445","56410000","GOOGL","Alphabet Inc. (GOOGL) Historical Data"
"2020-04-03 00:00:00-04:00","55.31753769881237","55.520006471483256","53.35089831480392","54.22528839111328","51374000","GOOGL","Alphabet Inc. (GOOGL) Historical Data"
"2020-04-06 00:00:00-04:00","56.225178787159976","59.09102217267394","55.82817690363127","58.715858459472656","63320000","GOOGL","Alphabet Inc. (GOOGL) Historical Data"
"2020-04-07 00:00:00-04:00","60.394183748366515","60.58127343840095","58.42109267796425","58.684600830078125","61620000","GOOGL","Alphabet Inc. (GOOGL) Historical Data"
"2020-04-08 00:00:00-04:00","59.703893038845585","60.28946874689685","58.75357293120654","59.897430419921875","40334000","GOOGL","Alphabet Inc. (GOOGL) Historical Data"
"2020-04-09 00:00:00-04:00","60.45223933607273","60.64130912701154","59.17389614347068","59.87609100341797","54028000","GOOGL","Alphabet Inc. (GOOGL) Historical Data"
"2020-04-13 00:00:00-04:00","59.624495605528445","60.27061469622001","58.673183531399104","60.066654205322266","38702000","GOOGL","Alphabet Inc. (GOOGL) Historical Data"
"2020-04-14 00:00:00-04:00","61.533576267834526","63.30915828812906","60.966359260632764","62.787105560302734","63358000","GOOGL","Alphabet Inc. (GOOGL) Historical Data"
"2020-04-15 00:00:00-04:00","61.858114536327975","63.27739110806091","61.237305503917405","62.39356994628906","42236000","GOOGL","Alphabet Inc. (GOOGL) Historical Data"
"2020-04-16 00:00:00-04:00","62.881880136039015","63.19054874433473","61.44573267770072","62.400020599365234","57896000","GOOGL","Alphabet Inc. (GOOGL) Historical Data"
"2020-04-17 00:00:00-04:00","63.60442205768856","64.01631085791675","62.825308968458316","63.470436096191406","51050000","GOOGL","Alphabet Inc. (GOOGL) Historical Data"
"2020-04-20 00:00:00-04:00","63.01834841560059","63.362250375613705","62.35089094601759","62.584625244140625","35292000","GOOGL","Alphabet Inc. (GOOGL) Historical Data"
"2020-04-21 00:00:00-04:00","61.669544964144556","62.03130971478895","59.79818256505655","60.153499603271484","49648000","GOOGL","Alphabet Inc. (GOOGL) Historical Data"
"2020-04-22 00:00:00-04:00","61.59013547366675","63.51409779327607","61.396102136297344","62.44865036010742","46296000","GOOGL","Alphabet Inc. (GOOGL) Historical Data"
"2020-04-23 00:00:00-04:00","62.812407383951104","63.92450716957352","62.553862820825465","63.081871032714844","34202000","GOOGL","Alphabet Inc. (GOOGL) Historical Data"
"2020-04-24 00:00:00-04:00","62.279438340079025","63.40642508386922","61.7335635421252","63.351341247558594","37402000","GOOGL","Alphabet Inc. (GOOGL) Historical Data"
"2020-04-27 00:00:00-04:00","64.11556681861114","64.21978276143894","62.77866777261699","63.06649398803711","44186000","GOOGL","Alphabet Inc. (GOOGL) Historical Data"
"2020-04-28 00:00:00-04:00","63.67886133804558","63.75627174373277","61.05766382769787","61.167335510253906","80700000","GOOGL","Alphabet Inc. (GOOGL) Historical Data"
"2020-04-29 00:00:00-04:00","66.74568488278513","67.49750400441403","65.83903737899195","66.60574340820312","108358000","GOOGL","Alphabet Inc. (GOOGL) Historical Data"
"2020-04-30 00:00:00-04:00","66.06880865105774","66.99381881368947","65.57950183208328","66.8300552368164","55842000","GOOGL","Alphabet Inc. (GOOGL) Historical Data"
"2020-05-01 00:00:00-04:00","65.70802521248906","67.064778326554","64.99193919376505","65.37206268310547","48872000","GOOGL","Alphabet Inc. (GOOGL) Historical Data"
"2020-05-04 00:00:00-04:00","64.91601469955403","65.72688930286978","64.31455634139917","65.64897155761719","30806000","GOOGL","Alphabet Inc. (GOOGL) Historical Data"
"2020-05-05 00:00:00-04:00","66.37349822196448","68.03643246348844","66.25092732812242","66.94517517089844","39666000","GOOGL","Alphabet Inc. (GOOGL) Historical Data"
"2020-05-06 00:00:00-04:00","67.39080984704172","67.92130167738333","66.75213427208723","66.76702117919922","31732000","GOOGL","Alphabet Inc. (GOOGL) Historical Data"
"2020-05-07 00:00:00-04:00","67.55508180757198","68.28407852805599","67.11987062157155","67.95059204101562","30652000","GOOGL","Alphabet Inc. (GOOGL) Historical Data"
"2020-05-08 00:00:00-04:00","68.57289006017024","69.3083306365863","68.08606692584334","68.69794464111328","33326000","GOOGL","Alphabet Inc. (GOOGL) Historical Data"
"2020-05-11 00:00:00-04:00","68.32327341716166","70.24574435202634","68.25925819267765","69.6532211303711","32718000","GOOGL","Alphabet Inc. (GOOGL) Historical Data"
"2020-05-12 00:00:00-04:00","69.88298973182424","70.18619502601786","68.21012823629849","68.24337768554688","33918000","GOOGL","Alphabet Inc. (GOOGL) Historical Data"
"2020-05-13 00:00:00-04:00","68.2919940513972","68.74705936567139","65.90254715203265","66.91092681884766","40368000","GOOGL","Alphabet Inc. (GOOGL) Historical Data"
"2020-05-14 00:00:00-04:00","66.17599535572523","67.35955000420634","65.66882579886473","67.33424377441406","36660000","GOOGL","Alphabet Inc. (GOOGL) Historical Data"
"2020-05-15 00:00:00-04:00","66.90746926388243","68.21359483390582","66.44793629114194","68.13816833496094","41544000","GOOGL","Alphabet Inc. (GOOGL) Historical Data"
"2020-05-18 00:00:00-04:00","67.56847263256927","69.11577969209408","67.20223652116248","68.7396240234375","47094000","GOOGL","Alphabet Inc. (GOOGL) Historical Data"
"2020-05-19 00:00:00-04:00","68.75451250919471","69.1023785172191","68.17290840940507","68.20466613769531","31586000","GOOGL","Alphabet Inc. (GOOGL) Historical Data"
"2020-05-20 00:00:00-04:00","68.93713311617326","70.07205925671711","68.85078753013752","69.92963409423828","38262000","GOOGL","Alphabet Inc. (GOOGL) Historical Data"
"2020-05-21 00:00:00-04:00","70.02044390375272","70.29189145435492","69.19666631420762","69.8100357055664","30894000","GOOGL","Alphabet Inc. (GOOGL) Historical Data"
"2020-05-22 00:00:00-04:00","69.66860218679889","70.31868908167836","69.27408397743726","70.1321029663086","28544000","GOOGL","Alphabet Inc. (GOOGL) Historical Data"
"2020-05-26 00:00:00-04:00","71.55733558967322","71.71365570635362","70.43779611422846","70.53555297851562","44590000","GOOGL","Alphabet Inc. (GOOGL) Historical Data"
"2020-05-27 00:00:00-04:00","70.46755799103713","70.73305377684775","69.20708528549198","70.48145294189453","31684000","GOOGL","Alphabet Inc. (GOOGL) Historical Data"
"2020-05-28 00:00:00-04:00","69.47505524188404","71.68138407216635","69.42940256810242","70.38021850585938","35170000","GOOGL","Alphabet Inc. (GOOGL) Historical Data"
"2020-05-29 00:00:00-04:00","70.48890171815204","71.29779236800545","70.26807420727738","71.13849639892578","37044000","GOOGL","Alphabet Inc. (GOOGL) Historical Data"
"2020-06-01 00:00:00-04:00","70.75042473296631","71.53846911353084","70.58070188273932","71.20548248291016","25162000","GOOGL","Alphabet Inc. (GOOGL) Historical Data"
"2020-06-02 00:00:00-04:00","71.21193893289512","71.60894080375162","70.54745734497106","71.57469940185547","23442000","GOOGL","Alphabet Inc. (GOOGL) Historical Data"
"2020-06-03 00:00:00-04:00","71.59405093550622","71.9071833180926","71.0442046165178","71.42284393310547","27732000","GOOGL","Alphabet Inc. (GOOGL) Historical Data"
"2020-06-04 00:00:00-04:00","71.30027160879436","71.52557428848117","69.77331097931382","70.18470001220703","26982000","GOOGL","Alphabet Inc. (GOOGL) Historical Data"
"2020-06-05 00:00:00-04:00","70.25119916881421","71.7727078334822","69.85320532299941","71.4610595703125","42642000","GOOGL","Alphabet Inc. (GOOGL) Historical Data"
"2020-06-08 00:00:00-04:00","70.77921607068053","71.90669115835331","70.68988704719936","71.85905456542969","33878000","GOOGL","Alphabet Inc. (GOOGL) Historical Data"
"2020-06-09 00:00:00-04:00","71.72010917378914","72.83964867996534","71.5771842424127","72.05953979492188","33624000","GOOGL","Alphabet Inc. (GOOGL) Historical Data"
"2020-06-10 00:00:00-04:00","72.5275098675716","73.0862838915856","72.1726925648837","72.6858139038086","31762000","GOOGL","Alphabet Inc. (GOOGL) Historical Data"
"2020-06-11 00:00:00-04:00","71.51118424615481","72.03572441713648","69.39616788575559","69.5693588256836","47144000","GOOGL","Alphabet Inc. (GOOGL) Historical Data"
"2020-06-12 00:00:00-04:00","70.75837759159938","71.18763702753917","68.77039959704454","70.1162338256836","36676000","GOOGL","Alphabet Inc. (GOOGL) Historical Data"
"2020-06-15 00:00:00-04:00","68.95351255272476","70.71569551567282","68.83986925092634","70.5042953491211","30468000","GOOGL","Alphabet Inc. (GOOGL) Historical Data"
"2020-06-16 00:00:00-04:00","71.90668995328939","72.31212725295","70.91369682317725","71.78114318847656","30648000","GOOGL","Alphabet Inc. (GOOGL) Historical Data"
"2020-06-17 00:00:00-04:00","72.10222120320456","72.56174660860705","71.21839618065276","72.08236694335938","30610000","GOOGL","Alphabet Inc. (GOOGL) Historical Data"
"2020-06-18 00:00:00-04:00","71.94888266167098","72.10371106870679","70.77723135590205","71.16828155517578","34862000","GOOGL","Alphabet Inc. (GOOGL) Historical Data"
"2020-06-19 00:00:00-04:00","71.46006869153939","71.68337989176418","70.41793966091524","70.69783020019531","52784000","GOOGL","Alphabet Inc. (GOOGL) Historical Data"
"2020-06-22 00:00:00-04:00","70.71619099609049","72.00346179403014","70.42737286211982","71.98906707763672","29442000","GOOGL","Alphabet Inc. (GOOGL) Historical Data"
"2020-06-23 00:00:00-04:00","72.05557069329991","73.20687548167953","71.70819685962732","72.65007781982422","37752000","GOOGL","Alphabet Inc. (GOOGL) Historical Data"
"2020-06-24 00:00:00-04:00","72.6153265644653","73.2361317269333","70.96380385720279","71.09779357910156","31592000","GOOGL","Alphabet Inc. (GOOGL) Historical Data"
"2020-06-25 00:00:00-04:00","71.02435732770277","71.5751956563901","70.44473713789317","71.51465606689453","23958000","GOOGL","Alphabet Inc. (GOOGL) Historical Data"
"2020-06-26 00:00:00-04:00","71.09433269950638","71.31218435810231","67.24193998415596","67.6161117553711","97640000","GOOGL","Alphabet Inc. (GOOGL) Historical Data"
"2020-06-29 00:00:00-04:00","67.50694283958305","69.37582554444442","67.07569949381947","69.33463287353516","45074000","GOOGL","Alphabet Inc. (GOOGL) Historical Data"
"2020-06-30 00:00:00-04:00","69.32024683655189","70.66607350858426","68.82647240267322","70.37080383300781","40286000","GOOGL","Alphabet Inc. (GOOGL) Historical Data"
"2020-07-01 00:00:00-04:00","70.42639140159295","71.88090160948504","70.17875832407196","71.559326171875","42182000","GOOGL","Alphabet Inc. (GOOGL) Historical Data"
"2020-07-02 00:00:00-04:00","72.04763818332158","73.86788472318719","72.00942138081768","72.94535064697266","57218000","GOOGL","Alphabet Inc. (GOOGL) Historical Data"
"2020-07-06 00:00:00-04:00","73.84951911840722","74.93382524567807","73.2952051310002","74.42020416259766","44712000","GOOGL","Alphabet Inc. (GOOGL) Historical Data"
"2020-07-07 00:00:00-04:00","74.24552002438814","75.49557348396944","73.9264283274638","73.93734741210938","42364000","GOOGL","Alphabet Inc. (GOOGL) Historical Data"
"2020-07-08 00:00:00-04:00","74.47727666073511","74.99188970628182","74.05546070282946","74.61622619628906","31766000","GOOGL","Alphabet Inc. (GOOGL) Historical Data"
"2020-07-09 00:00:00-04:00","74.9303363838657","75.88363602763697","74.21871801997248","75.36356353759766","41836000","GOOGL","Alphabet Inc. (GOOGL) Historical Data"
"2020-07-10 00:00:00-04:00","75.09510040151585","76.48907081040657","74.47330317027439","76.37344360351562","35918000","GOOGL","Alphabet Inc. (GOOGL) Historical Data"
"2020-07-13 00:00:00-04:00","76.91585336815388","78.2269463706536","74.7631199227052","75.04449462890625","42954000","GOOGL","Alphabet Inc. (GOOGL) Historical Data"
"2020-07-14 00:00:00-04:00","74.07978441018965","75.56902815362085","73.73935425344632","75.4727554321289","38108000","GOOGL","Alphabet Inc. (GOOGL) Historical Data"
"2020-07-15 00:00:00-04:00","75.59036199992138","76.24044892666795","74.32988909406994","75.2752456665039","31026000","GOOGL","Alphabet Inc. (GOOGL) Historical Data"
"2020-07-16 00:00:00-04:00","74.51200517404082","75.2271068276227","73.85546677030331","75.177978515625","26484000","GOOGL","Alphabet Inc. (GOOGL) Historical Data"
"2020-07-17 00:00:00-04:00","75.27673380206025","75.60029313499953","74.34328822168523","75.27375793457031","34264000","GOOGL","Alphabet Inc. (GOOGL) Historical Data"
"2020-07-20 00:00:00-04:00","75.18194052229816","77.86218959279846","74.57155461054553","77.60562896728516","30166000","GOOGL","Alphabet Inc. (GOOGL) Historical Data"
"2020-07-21 00:00:00-04:00","78.65718338377883","78.75742390910581","77.04882953115545","77.21259307861328","27486000","GOOGL","Alphabet Inc. (GOOGL) Historical Data"
"2020-07-22 00:00:00-04:00","77.20217285392138","77.76144652618308","76.58285179107716","77.65574645996094","24482000","GOOGL","Alphabet Inc. (GOOGL) Historical Data"
"2020-07-23 00:00:00-04:00","77.70935063528133","77.92869400834472","74.86384609206827","75.26879119873047","33910000","GOOGL","Alphabet Inc. (GOOGL) Historical Data"
"2020-07-24 00:00:00-04:00","74.39737923019781","75.20328650022337","73.82172685321873","74.8449935913086","29902000","GOOGL","Alphabet Inc. (GOOGL) Historical Data"
"2020-07-27 00:00:00-04:00","75.09559396523198","76.3014788657862","75.04944152464174","75.89802551269531","27124000","GOOGL","Alphabet Inc. (GOOGL) Historical Data"
"2020-07-28 00:00:00-04:00","75.67819005490078","75.72831031816976","74.46336997984878","74.61869812011719","30910000","GOOGL","Alphabet Inc. (GOOGL) Historical Data"
"2020-07-29 00:00:00-04:00","74.68570460640144","76.0915786596811","74.58694820688795","75.60426330566406","22676000","GOOGL","Alphabet Inc. (GOOGL) Historical Data"
"2020-07-30 00:00:00-04:00","74.33683382646932","76.46674464281898","74.19788429386662","76.34169006347656","36042000","GOOGL","Alphabet Inc. (GOOGL) Historical Data"
"2020-07-31 00:00:00-04:00","74.29118175072095","74.68669194397553","72.15481941817586","73.83959197998047","91468000","GOOGL","Alphabet Inc. (GOOGL) Historical Data"
"2020-08-03 00:00:00-04:00","73.99095183151731","74.32492290209571","73.03417639444977","73.58203887939453","45482000","GOOGL","Alphabet Inc. (GOOGL) Historical Data"
"2020-08-04 00:00:00-04:00","73.77804519319407","74.09564514359468","72.65254663019797","73.1125717163086","37212000","GOOGL","Alphabet Inc. (GOOGL) Historical Data"
"2020-08-05 00:00:00-04:00","73.28725858588993","73.94131325306674","73.00935198752862","73.39990234375","29134000","GOOGL","Alphabet Inc. (GOOGL) Historical Data"
"2020-08-06 00:00:00-04:00","73.25401607153279","74.74871922040799","73.04310810672321","74.68321228027344","33306000","GOOGL","Alphabet Inc. (GOOGL) Historical Data"
"2020-08-07 00:00:00-04:00","74.88618172279968","75.4345363524977","73.7562154445595","74.35668182373047","27718000","GOOGL","Alphabet Inc. (GOOGL) Historical Data"
"2020-08-10 00:00:00-04:00","73.98101701743722","74.79238376648463","73.32050325505837","74.2797622680664","20546000","GOOGL","Alphabet Inc. (GOOGL) Historical Data"
"2020-08-11 00:00:00-04:00","74.13981242979574","74.95565432900348","73.35524363711775","73.47186279296875","31098000","GOOGL","Alphabet Inc. (GOOGL) Historical Data"
"2020-08-12 00:00:00-04:00","73.79839948066032","75.01669524033613","73.69319159902035","74.7968521118164","22512000","GOOGL","Alphabet Inc. (GOOGL) Historical Data"
"2020-08-13 00:00:00-04:00","74.84499197246967","76.27221184265196","74.84499197246967","75.26382446289062","22388000","GOOGL","Alphabet Inc. (GOOGL) Historical Data"
"2020-08-14 00:00:00-04:00","75.1129659624535","75.41965445670148","74.38794473023643","74.6673355102539","21942000","GOOGL","Alphabet Inc. (GOOGL) Historical Data"
"2020-08-17 00:00:00-04:00","75.23008930724868","75.6176638667911","74.68570243226462","75.24348449707031","19990000","GOOGL","Alphabet Inc. (GOOGL) Historical Data"
"2020-08-18 00:00:00-04:00","75.73376986800842","77.28455245125708","75.51294236568772","77.20565032958984","28378000","GOOGL","Alphabet Inc. (GOOGL) Historical Data"
"2020-08-19 00:00:00-04:00","77.04237922081494","77.85474547284741","76.42256594943116","76.65133666992188","30472000","GOOGL","Alphabet Inc. (GOOGL) Historical Data"
"2020-08-20 00:00:00-04:00","76.42107417322119","78.41600301349055","76.14764273171457","78.22147369384766","26382000","GOOGL","Alphabet Inc. (GOOGL) Historical Data"
"2020-08-21 00:00:00-04:00","78.00064306227968","78.99711936961243","77.52970640732595","78.18773651123047","34838000","GOOGL","Alphabet Inc. (GOOGL) Historical Data"
"2020-08-24 00:00:00-04:00","79.02638434061674","79.83577467817327","78.16142177284854","78.66313171386719","25638000","GOOGL","Alphabet Inc. (GOOGL) Historical Data"
"2020-08-25 00:00:00-04:00","78.41253291150737","79.84074471193138","78.30236524817361","79.69038391113281","25150000","GOOGL","Alphabet Inc. (GOOGL) Historical Data"
"2020-08-26 00:00:00-04:00","79.71271651139712","82.01978600785452","79.44871240871136","81.59002685546875","52188000","GOOGL","Alphabet Inc. (GOOGL) Historical Data"
"2020-08-27 00:00:00-04:00","81.71310399920995","81.78158681274915","80.33352817007399","80.81539154052734","31350000","GOOGL","Alphabet Inc. (GOOGL) Historical Data"
"2020-08-28 00:00:00-04:00","80.8625372245271","81.45207703160946","80.67098373475415","81.35679626464844","22418000","GOOGL","Alphabet Inc. (GOOGL) Historical Data"
"2020-08-31 00:00:00-04:00","81.56223291953953","81.60838536257283","80.65707712251383","80.8655014038086","26422000","GOOGL","Alphabet Inc. (GOOGL) Historical Data"
"2020-09-01 00:00:00-04:00","80.99602062020955","82.33887127868402","80.86550650072458","82.1334228515625","22652000","GOOGL","Alphabet Inc. (GOOGL) Historical Data"
"2020-09-02 00:00:00-04:00","82.77507634607451","85.6577983212411","82.38700960960998","85.2255630493164","49522000","GOOGL","Alphabet Inc. (GOOGL) Historical Data"
"2020-09-03 00:00:00-04:00","84.33876290318153","84.36258498681123","79.7826871845487","80.86451721191406","63726000","GOOGL","Alphabet Inc. (GOOGL) Historical Data"
"2020-09-04 00:00:00-04:00","79.84669677227816","81.13645124591334","76.32183129516275","78.46762084960938","55850000","GOOGL","Alphabet Inc. (GOOGL) Historical Data"
"2020-09-08 00:00:00-04:00","75.6781859957847","77.19422733305377","75.25637012693613","75.60871124267578","54032000","GOOGL","Alphabet Inc. (GOOGL) Historical Data"
"2020-09-09 00:00:00-04:00","76.8642343918004","77.35154968410572","75.68663149054102","76.78136444091797","39242000","GOOGL","Alphabet Inc. (GOOGL) Historical Data"
"2020-09-10 00:00:00-04:00","76.92776582385801","78.09295804744944","75.43007908813422","75.73030853271484","33024000","GOOGL","Alphabet Inc. (GOOGL) Historical Data"
"2020-09-11 00:00:00-04:00","75.83451909086573","76.35805971799056","74.09119089442812","75.21966552734375","30706000","GOOGL","Alphabet Inc. (GOOGL) Historical Data"
"2020-09-14 00:00:00-04:00","76.00819769874438","77.26619442098949","74.69115310887393","74.8757553100586","42660000","GOOGL","Alphabet Inc. (GOOGL) Historical Data"
"2020-09-15 00:00:00-04:00","75.82161195068608","76.96794929706259","75.53428554034802","76.1803970336914","23042000","GOOGL","Alphabet Inc. (GOOGL) Historical Data"
"2020-09-16 00:00:00-04:00","76.54564251599456","77.1356820188287","75.01272258332794","75.03753662109375","22128000","GOOGL","Alphabet Inc. (GOOGL) Historical Data"
"2020-09-17 00:00:00-04:00","73.73338661244166","74.37107027229393","72.57464602616677","73.79442596435547","40008000","GOOGL","Alphabet Inc. (GOOGL) Historical Data"
"2020-09-18 00:00:00-04:00","73.85696644381204","74.19938051714477","71.04421883540799","72.01041412353516","63056000","GOOGL","Alphabet Inc. (GOOGL) Historical Data"
"2020-09-21 00:00:00-04:00","71.04421437886803","71.46304688740663","69.60806684484395","70.97077178955078","56908000","GOOGL","Alphabet Inc. (GOOGL) Historical Data"
"2020-09-22 00:00:00-04:00","71.97219759731894","72.64958222034359","70.93900374694141","72.44363403320312","33950000","GOOGL","Alphabet Inc. (GOOGL) Historical Data"
"2020-09-23 00:00:00-04:00","72.06003158587683","72.10915989592557","69.60806095366121","69.9410400390625","37726000","GOOGL","Alphabet Inc. (GOOGL) Historical Data"
"2020-09-24 00:00:00-04:00","69.608060937413","71.3603166157109","69.58175518077466","70.60948944091797","34552000","GOOGL","Alphabet Inc. (GOOGL) Historical Data"
"2020-09-25 00:00:00-04:00","70.71818180664128","71.7548437978997","69.85619490752299","71.4134292602539","30326000","GOOGL","Alphabet Inc. (GOOGL) Historical Data"
"2020-09-28 00:00:00-04:00","73.04758370886539","73.09720421814794","71.77172403077225","72.38607788085938","30784000","GOOGL","Alphabet Inc. (GOOGL) Historical Data"
"2020-09-29 00:00:00-04:00","72.6466117543797","73.04807369267076","72.15482125858226","72.7513198852539","31816000","GOOGL","Alphabet Inc. (GOOGL) Historical Data"
"2020-09-30 00:00:00-04:00","72.49921433138267","73.75274352180791","72.2421614908849","72.73046875","40924000","GOOGL","Alphabet Inc. (GOOGL) Historical Data"
"2020-10-01 00:00:00-04:00","73.62670420280419","74.1929292635369","73.286274040048","73.83711242675781","32884000","GOOGL","Alphabet Inc. (GOOGL) Historical Data"
"2020-10-02 00:00:00-04:00","72.4342113053677","73.39693849816092","71.82481725926408","72.23422241210938","31222000","GOOGL","Alphabet Inc. (GOOGL) Historical Data"
"2020-10-05 00:00:00-04:00","72.58407414754559","73.67830733435456","72.45703566376906","73.58551025390625","21602000","GOOGL","Alphabet Inc. (GOOGL) Historical Data"
"2020-10-06 00:00:00-04:00","73.2217552492913","73.66936958012764","71.708689629658","72.0069351196289","26096000","GOOGL","Alphabet Inc. (GOOGL) Historical Data"
"2020-10-07 00:00:00-04:00","72.4183170005126","72.89769658307611","71.12409510924152","72.40988159179688","36108000","GOOGL","Alphabet Inc. (GOOGL) Historical Data"
"2020-10-08 00:00:00-04:00","72.72302733778457","73.84355876633454","72.72302733778457","73.61528778076172","26076000","GOOGL","Alphabet Inc. (GOOGL) Historical Data"
"2020-10-09 00:00:00-04:00","74.0832328495566","75.02561336196126","73.79243085042127","74.95613861083984","32966000","GOOGL","Alphabet Inc. (GOOGL) Historical Data"
"2020-10-12 00:00:00-04:00","76.32331696836458","78.82540773717346","75.89157394902875","77.6428451538086","55344000","GOOGL","Alphabet Inc. (GOOGL) Historical Data"
"2020-10-13 00:00:00-04:00","78.2592048255547","78.6636502086918","77.34709764690986","77.76593017578125","39072000","GOOGL","Alphabet Inc. (GOOGL) Historical Data"
"2020-10-14 00:00:00-04:00","78.13959902321865","78.59862463075144","76.71535508565292","77.58577728271484","33174000","GOOGL","Alphabet Inc. (GOOGL) Historical Data"
"2020-10-15 00:00:00-04:00","76.64588265062753","77.9807976103411","76.47865102987744","77.19026947021484","31210000","GOOGL","Alphabet Inc. (GOOGL) Historical Data"
"2020-10-16 00:00:00-04:00","77.50588599458379","78.29393046378365","77.29895342687239","77.79718780517578","34194000","GOOGL","Alphabet Inc. (GOOGL) Historical Data"
"2020-10-19 00:00:00-04:00","78.20559891498712","78.60260079245475","75.57497780370291","75.92383575439453","29734000","GOOGL","Alphabet Inc. (GOOGL) Historical Data"
"2020-10-20 00:00:00-04:00","75.58440861018742","78.10188630763496","75.45488644834482","76.97241973876953","41670000","GOOGL","Alphabet Inc. (GOOGL) Historical Data"
"2020-10-21 00:00:00-04:00","77.90387134692979","80.15139291914504","77.76938942355532","78.70481872558594","60322000","GOOGL","Alphabet Inc. (GOOGL) Historical Data"
"2020-10-22 00:00:00-04:00","78.65570442381038","80.0660459854062","78.28252459218282","79.73058319091797","30512000","GOOGL","Alphabet Inc. (GOOGL) Historical Data"
"2020-10-23 00:00:00-04:00","80.1469434481856","81.09329204821135","79.9911155131261","81.0367202758789","30548000","GOOGL","Alphabet Inc. (GOOGL) Historical Data"
"2020-10-26 00:00:00-04:00","80.1444529478215","80.86798245629929","77.80115810817524","78.62046813964844","35826000","GOOGL","Alphabet Inc. (GOOGL) Historical Data"
"2020-10-27 00:00:00-04:00","78.85073087185503","79.49932607502853","78.25820767241161","79.34449768066406","25902000","GOOGL","Alphabet Inc. (GOOGL) Historical Data"
"2020-10-28 00:00:00-04:00","76.91932680468821","77.10789684447866","74.85839855107197","74.97352600097656","45174000","GOOGL","Alphabet Inc. (GOOGL) Historical Data"
"2020-10-29 00:00:00-04:00","75.28218805257592","78.84129503159711","75.25886573393818","77.26024627685547","55406000","GOOGL","Alphabet Inc. (GOOGL) Historical Data"
"2020-10-30 00:00:00-04:00","82.74678275654098","83.43557859087133","79.47797841043996","80.19952392578125","99878000","GOOGL","Alphabet Inc. (GOOGL) Historical Data"
"2020-11-02 00:00:00-05:00","80.56823986724642","82.2902293714331","80.10672305492209","80.60694885253906","44228000","GOOGL","Alphabet Inc. (GOOGL) Historical Data"
"2020-11-03 00:00:00-05:00","80.92653865196347","82.3279448648545","80.00102885652811","81.66594696044922","31432000","GOOGL","Alphabet Inc. (GOOGL) Historical Data"
"2020-11-04 00:00:00-05:00","84.63948153548641","87.83781924294622","84.51145110327435","86.63788604736328","71342000","GOOGL","Alphabet Inc. (GOOGL) Historical Data"
"2020-11-05 00:00:00-05:00","87.85866004494117","88.91915155799254","86.39869055413503","87.46414184570312","39758000","GOOGL","Alphabet Inc. (GOOGL) Historical Data"
"2020-11-06 00:00:00-05:00","86.91032668013082","87.76189413906489","86.18282183232226","87.3266830444336","28622000","GOOGL","Alphabet Inc. (GOOGL) Historical Data"
"2020-11-09 00:00:00-05:00","89.12559131535588","90.16324512356621","87.21849969739831","87.4105453491211","53440000","GOOGL","Alphabet Inc. (GOOGL) Historical Data"
"2020-11-10 00:00:00-05:00","85.83991023580055","87.30930698283623","85.16252569557643","86.23442840576172","43022000","GOOGL","Alphabet Inc. (GOOGL) Historical Data"
"2020-11-11 00:00:00-05:00","86.76443103612137","87.4839927088133","86.49943497923725","86.70637512207031","31838000","GOOGL","Alphabet Inc. (GOOGL) Historical Data"
"2020-11-12 00:00:00-05:00","86.44682541087165","87.58721098528301","86.24683654348757","86.48751831054688","26474000","GOOGL","Alphabet Inc. (GOOGL) Historical Data"
"2020-11-13 00:00:00-05:00","86.74457768582197","88.19015241863731","86.14808672166791","87.94847869873047","29744000","GOOGL","Alphabet Inc. (GOOGL) Historical Data"
"2020-11-16 00:00:00-05:00","87.54552502493586","89.04420345983792","87.40607574489121","88.03631591796875","25468000","GOOGL","Alphabet Inc. (GOOGL) Historical Data"
"2020-11-17 00:00:00-05:00","87.73012768241678","88.19065257156724","87.31477085146919","87.42245483398438","21314000","GOOGL","Alphabet Inc. (GOOGL) Historical Data"
"2020-11-18 00:00:00-05:00","87.17334492122757","87.58820959498601","86.27661691281018","86.37934112548828","20108000","GOOGL","Alphabet Inc. (GOOGL) Historical Data"
"2020-11-19 00:00:00-05:00","86.0116147048315","87.5132690324479","85.85231873640768","87.26911163330078","20106000","GOOGL","Alphabet Inc. (GOOGL) Historical Data"
"2020-11-20 00:00:00-05:00","87.43933790525898","87.75495401552938","86.099463049473","86.1679458618164","27694000","GOOGL","Alphabet Inc. (GOOGL) Historical Data"
"2020-11-23 00:00:00-05:00","86.35851151001768","86.64484600686835","84.86777600478176","85.73025512695312","22530000","GOOGL","Alphabet Inc. (GOOGL) Historical Data"
"2020-11-24 00:00:00-05:00","85.72726380732696","87.66164554548067","85.39130128904262","87.53361511230469","27984000","GOOGL","Alphabet Inc. (GOOGL) Historical Data"
"2020-11-25 00:00:00-05:00","87.72766219346009","87.85519287716374","86.76245134021605","87.54503631591797","19600000","GOOGL","Alphabet Inc. (GOOGL) Historical Data"
"2020-11-27 00:00:00-05:00","87.56538232050816","89.1767122831429","87.56538232050816","88.68095397949219","14790000","GOOGL","Alphabet Inc. (GOOGL) Historical Data"
"2020-11-30 00:00:00-05:00","88.1167194862883","88.34945805842784","86.73664396560041","87.06218719482422","32418000","GOOGL","Alphabet Inc. (GOOGL) Historical Data"
"2020-12-01 00:00:00-05:00","87.6705967686474","90.40295056538346","87.49045455414199","89.09483337402344","37350000","GOOGL","Alphabet Inc. (GOOGL) Historical Data"
"2020-12-02 00:00:00-05:00","89.09483474985896","90.9498225404317","88.58915684264335","90.5642318725586","29424000","GOOGL","Alphabet Inc. (GOOGL) Historical Data"
"2020-12-03 00:00:00-05:00","90.34437479252027","91.50013942106152","90.168700204573","90.40888977050781","24728000","GOOGL","Alphabet Inc. (GOOGL) Historical Data"
"2020-12-04 00:00:00-05:00","90.32850630008762","90.7890236553359","89.99948744675892","90.50418090820312","20544000","GOOGL","Alphabet Inc. (GOOGL) Historical Data"
"2020-12-07 00:00:00-05:00","90.09674637845352","90.77859855213794","89.4759411272012","90.17019653320312","22288000","GOOGL","Alphabet Inc. (GOOGL) Historical Data"
"2020-12-08 00:00:00-05:00","89.74788739186799","90.11759154794318","88.89235211475021","89.8873291015625","19936000","GOOGL","Alphabet Inc. (GOOGL) Historical Data"
"2020-12-09 00:00:00-05:00","89.8392011100304","90.73295326690491","87.43933447683615","88.22638702392578","31728000","GOOGL","Alphabet Inc. (GOOGL) Historical Data"
"2020-12-10 00:00:00-05:00","87.46910240104222","88.08395592677938","86.0265034805042","87.71971130371094","28688000","GOOGL","Alphabet Inc. (GOOGL) Historical Data"
"2020-12-11 00:00:00-05:00","87.34007541184674","88.19908629682062","86.97979863058944","88.07452392578125","18628000","GOOGL","Alphabet Inc. (GOOGL) Historical Data"
"2020-12-14 00:00:00-05:00","87.87207624274676","88.81891703683813","86.80066548093578","86.95599365234375","33050000","GOOGL","Alphabet Inc. (GOOGL) Historical Data"
"2020-12-15 00:00:00-05:00","87.33312197376682","87.53857037296576","86.43044991788793","87.39366912841797","21352000","GOOGL","Alphabet Inc. (GOOGL) Historical Data"
"2020-12-16 00:00:00-05:00","87.79216907373542","87.79216907373542","86.79719198041016","87.20063781738281","24676000","GOOGL","Alphabet Inc. (GOOGL) Historical Data"
"2020-12-17 00:00:00-05:00","87.53511044992315","87.67306801784623","85.90840149530362","86.37288665771484","34880000","GOOGL","Alphabet Inc. (GOOGL) Historical Data"
"2020-12-18 00:00:00-05:00","86.65376686057336","86.76244280122043","85.10695202977472","85.66374206542969","85256000","GOOGL","Alphabet Inc. (GOOGL) Historical Data"
"2020-12-21 00:00:00-05:00","84.81565683297735","86.19870821457275","84.06482960264226","86.07762145996094","33974000","GOOGL","Alphabet Inc. (GOOGL) Historical Data"
"2020-12-22 00:00:00-05:00","85.81808690722899","85.9808585248168","84.64941910188612","85.36600494384766","20370000","GOOGL","Alphabet Inc. (GOOGL) Historical Data"
"2020-12-23 00:00:00-05:00","85.55011232552296","86.55154089513248","85.41463085492951","85.76349639892578","22974000","GOOGL","Alphabet Inc. (GOOGL) Historical Data"
"2020-12-24 00:00:00-05:00","85.80170893464756","86.46718255529909","85.5709542680901","86.05777740478516","9312000","GOOGL","Alphabet Inc. (GOOGL) Historical Data"
"2020-12-28 00:00:00-05:00","86.5912450693575","88.67996325193205","86.43790838917894","88.03285217285156","27650000","GOOGL","Alphabet Inc. (GOOGL) Historical Data"
"2020-12-29 00:00:00-05:00","88.691373155201","88.75290469779057","87.09741391594572","87.22891998291016","19726000","GOOGL","Alphabet Inc. (GOOGL) Historical Data"
"2020-12-30 00:00:00-05:00","87.58821155391553","87.72517717388291","85.75208625390715","86.16149139404297","21026000","GOOGL","Alphabet Inc. (GOOGL) Historical Data"
"2020-12-31 00:00:00-05:00","86.21210764385076","87.21601985817294","86.15354439427452","86.97484588623047","21070000","GOOGL","Alphabet Inc. (GOOGL) Historical Data"
"2021-01-04 00:00:00-05:00","87.34009136550215","87.46365423127112","84.71691336278822","85.65929412841797","37324000","GOOGL","Alphabet Inc. (GOOGL) Historical Data"
"2021-01-05 00:00:00-05:00","85.60766776688526","86.68651421531872","85.20123853878756","86.35005950927734","20360000","GOOGL","Alphabet Inc. (GOOGL) Historical Data"
"2021-01-06 00:00:00-05:00","84.37548576847148","86.54459773705904","84.16904538419314","85.49800109863281","46588000","GOOGL","Alphabet Inc. (GOOGL) Historical Data"
"2021-01-07 00:00:00-05:00","85.69054682012181","88.22440320804346","85.69054682012181","88.05171203613281","41936000","GOOGL","Alphabet Inc. (GOOGL) Historical Data"
"2021-01-08 00:00:00-05:00","88.19163413762115","89.29331058586344","87.40060636825122","89.2173843383789","35484000","GOOGL","Alphabet Inc. (GOOGL) Historical Data"
"2021-01-11 00:00:00-05:00","88.18469390854133","88.54993804991724","86.95002711090964","87.15596771240234","34796000","GOOGL","Alphabet Inc. (GOOGL) Historical Data"
"2021-01-12 00:00:00-05:00","86.61357327213408","87.7321207860819","85.17544183594138","86.22004699707031","29528000","GOOGL","Alphabet Inc. (GOOGL) Historical Data"
"2021-01-13 00:00:00-05:00","85.71833405616691","87.16094060271311","85.71833405616691","86.70736694335938","23432000","GOOGL","Alphabet Inc. (GOOGL) Historical Data"
"2021-01-14 00:00:00-05:00","86.78774893221043","87.7147504644655","85.65629851518884","85.89698028564453","29212000","GOOGL","Alphabet Inc. (GOOGL) Historical Data"
"2021-01-15 00:00:00-05:00","85.80268245523818","86.72570849533209","84.94367919805933","85.73320770263672","31444000","GOOGL","Alphabet Inc. (GOOGL) Historical Data"
"2021-01-19 00:00:00-05:00","86.49646051814078","89.51564826858593","85.99177462608301","88.55441284179688","41660000","GOOGL","Alphabet Inc. (GOOGL) Historical Data"
"2021-01-20 00:00:00-05:00","90.63369100589752","94.27369142216018","90.29326846427877","93.2985610961914","64152000","GOOGL","Alphabet Inc. (GOOGL) Historical Data"
"2021-01-21 00:00:00-05:00","93.9724816453864","95.8795659562927","93.26581533779938","93.50103759765625","58634000","GOOGL","Alphabet Inc. (GOOGL) Historical Data"
"2021-01-22 00:00:00-05:00","93.86378525576802","94.50543672127229","93.12139349550735","93.91837310791016","32744000","GOOGL","Alphabet Inc. (GOOGL) Historical Data"
"2021-01-25 00:00:00-05:00","94.91982096292158","95.37041878796863","92.26090988552441","94.00373840332031","50586000","GOOGL","Alphabet Inc. (GOOGL) Historical Data"
"2021-01-26 00:00:00-05:00","93.59234042721772","95.06918077277226","93.10304122733542","94.6821060180664","31462000","GOOGL","Alphabet Inc. (GOOGL) Historical Data"
"2021-01-27 00:00:00-05:00","93.04249028584238","93.31840541043215","89.19009786238911","90.26497650146484","82512000","GOOGL","Alphabet Inc. (GOOGL) Historical Data"
"2021-01-28 00:00:00-05:00","90.86345710248793","93.69158328573165","90.86345710248793","91.96513366699219","55278000","GOOGL","Alphabet Inc. (GOOGL) Historical Data"
"2021-01-29 00:00:00-05:00","91.0133261797353","91.68425930662701","89.40250361723265","90.68282318115234","44530000","GOOGL","Alphabet Inc. (GOOGL) Historical Data"
"2021-02-01 00:00:00-05:00","91.537869114529","95.05876695305972","91.537869114529","93.94369506835938","40252000","GOOGL","Alphabet Inc. (GOOGL) Historical Data"
"2021-02-02 00:00:00-05:00","94.93917374200196","96.73758204200149","94.60370337579502","95.2364273071289","66332000","GOOGL","Alphabet Inc. (GOOGL) Historical Data"
"2021-02-03 00:00:00-05:00","102.50599859407848","104.54112080046828","99.92251415054169","102.1720199584961","97882000","GOOGL","Alphabet Inc. (GOOGL) Historical Data"
"2021-02-04 00:00:00-05:00","102.25835779899022","102.68910130885799","100.99192568967557","101.91148376464844","48596000","GOOGL","Alphabet Inc. (GOOGL) Historical Data"
"2021-02-05 00:00:00-05:00","102.20576092112387","104.01112041342323","101.73134861128602","103.65828704833984","29866000","GOOGL","Alphabet Inc. (GOOGL) Historical Data"
"2021-02-08 00:00:00-05:00","104.2126024166411","104.95697814818854","102.39384771098673","103.44440460205078","28828000","GOOGL","Alphabet Inc. (GOOGL) Historical Data"
"2021-02-09 00:00:00-05:00","102.96205138124002","104.13866240440814","102.72385326200276","102.9913330078125","21892000","GOOGL","Alphabet Inc. (GOOGL) Historical Data"
"2021-02-10 00:00:00-05:00","103.37590903343886","104.1570097489229","101.84249703303352","103.54165649414062","25102000","GOOGL","Alphabet Inc. (GOOGL) Historical Data"
"2021-02-11 00:00:00-05:00","103.76597151325437","103.91484058963358","102.66727078205419","103.65431213378906","20480000","GOOGL","Alphabet Inc. (GOOGL) Historical Data"
"2021-02-12 00:00:00-05:00","103.20867899470525","104.18777710286646","102.90099857654532","103.96595764160156","18990000","GOOGL","Alphabet Inc. (GOOGL) Historical Data"
"2021-02-16 00:00:00-05:00","103.80318697811768","106.45267031039077","103.80318697811768","104.74358367919922","31004000","GOOGL","Alphabet Inc. (GOOGL) Historical Data"
"2021-02-17 00:00:00-05:00","103.91384859595338","105.3261814870926","103.63446540978451","105.13661193847656","20294000","GOOGL","Alphabet Inc. (GOOGL) Historical Data"
"2021-02-18 00:00:00-05:00","104.46073001635577","105.30386215822301","103.8816019889264","104.50092315673828","22546000","GOOGL","Alphabet Inc. (GOOGL) Historical Data"
"2021-02-19 00:00:00-05:00","104.59918372977481","105.13463539467114","103.39031525447268","103.65729522705078","37938000","GOOGL","Alphabet Inc. (GOOGL) Historical Data"
"2021-02-22 00:00:00-05:00","101.9099993387489","103.23647893744953","101.63210028023519","101.9427490234375","29466000","GOOGL","Alphabet Inc. (GOOGL) Historical Data"
"2021-02-23 00:00:00-05:00","99.94434439439259","102.84790471803919","98.7652498236748","102.2335433959961","34658000","GOOGL","Alphabet Inc. (GOOGL) Historical Data"
"2021-02-24 00:00:00-05:00","100.74083370987653","103.63298302888079","100.61627889516991","103.40917205810547","22608000","GOOGL","Alphabet Inc. (GOOGL) Historical Data"
"2021-02-25 00:00:00-05:00","102.02562835554662","103.36897879825909","99.57216580668543","100.04161834716797","41548000","GOOGL","Alphabet Inc. (GOOGL) Historical Data"
"2021-02-26 00:00:00-05:00","100.7363652714973","102.05490166561077","99.30021775417421","100.3373794555664","40042000","GOOGL","Alphabet Inc. (GOOGL) Historical Data"
"2021-03-01 00:00:00-05:00","101.63209913010583","103.03301325641854","100.95819013474573","102.70697784423828","26060000","GOOGL","Alphabet Inc. (GOOGL) Historical Data"
"2021-03-02 00:00:00-05:00","102.46777579992727","103.9515673872358","102.06234608378273","102.44991302490234","25564000","GOOGL","Alphabet Inc. (GOOGL) Historical Data"
"2021-03-03 00:00:00-05:00","101.82810665686394","103.0210885249046","98.9523288633774","99.8163070678711","33892000","GOOGL","Alphabet Inc. (GOOGL) Historical Data"
"2021-03-04 00:00:00-05:00","99.98802727764506","102.95163541392552","99.51956667031071","100.93388366699219","49216000","GOOGL","Alphabet Inc. (GOOGL) Historical Data"
"2021-03-05 00:00:00-05:00","102.28466284780541","104.52026594581169","100.62867233193391","104.06719207763672","53100000","GOOGL","Alphabet Inc. (GOOGL) Historical Data"
"2021-03-08 00:00:00-05:00","103.4215726006688","104.89443749241916","99.50764106068317","99.62227630615234","36868000","GOOGL","Alphabet Inc. (GOOGL) Historical Data"
"2021-03-09 00:00:00-05:00","101.71893700927107","102.4221200060807","101.01673839596404","101.2529525756836","33920000","GOOGL","Alphabet Inc. (GOOGL) Historical Data"
"2021-03-10 00:00:00-05:00","102.29708138284172","102.29708138284172","100.20935509208553","101.04603576660156","27100000","GOOGL","Alphabet Inc. (GOOGL) Historical Data"
"2021-03-11 00:00:00-05:00","102.13926584834769","104.77187091897011","102.05142854718905","104.23939514160156","27702000","GOOGL","Alphabet Inc. (GOOGL) Historical Data"
"2021-03-12 00:00:00-05:00","103.04193910173277","103.1014867304404","100.85893242281475","101.73133850097656","33818000","GOOGL","Alphabet Inc. (GOOGL) Historical Data"
"2021-03-15 00:00:00-04:00","101.48223051757223","101.97897318600187","100.62917885594194","101.9516830444336","26168000","GOOGL","Alphabet Inc. (GOOGL) Historical Data"
"2021-03-16 00:00:00-04:00","102.52484679250944","104.89146380814894","102.19235989786293","103.41313934326172","31900000","GOOGL","Alphabet Inc. (GOOGL) Historical Data"
"2021-03-17 00:00:00-04:00","102.64791686191691","104.16296639587709","101.4395482280668","103.33026123046875","26382000","GOOGL","Alphabet Inc. (GOOGL) Historical Data"
"2021-03-18 00:00:00-04:00","101.64102114164612","102.66181170828624","100.20189786741744","100.30908966064453","31700000","GOOGL","Alphabet Inc. (GOOGL) Historical Data"
"2021-03-19 00:00:00-04:00","100.72544755239356","101.08820045745158","99.39549239049998","100.58798217773438","46072000","GOOGL","Alphabet Inc. (GOOGL) Historical Data"
"2021-03-22 00:00:00-04:00","100.62124164348486","101.64897601791101","99.9448489322674","100.7730941772461","33536000","GOOGL","Alphabet Inc. (GOOGL) Historical Data"
"2021-03-23 00:00:00-04:00","101.23261124865263","102.43155255458386","100.6395958801365","101.30109405517578","28510000","GOOGL","Alphabet Inc. (GOOGL) Historical Data"
"2021-03-24 00:00:00-04:00","101.81868694086641","102.6047475271792","100.6892203526668","100.8644027709961","25218000","GOOGL","Alphabet Inc. (GOOGL) Historical Data"
"2021-03-25 00:00:00-04:00","100.6917082778307","101.51498617081897","99.05606400581422","100.86093139648438","35616000","GOOGL","Alphabet Inc. (GOOGL) Historical Data"
"2021-03-26 00:00:00-04:00","100.82766746682842","101.20481507110642","99.44114060264995","100.4773178100586","27978000","GOOGL","Alphabet Inc. (GOOGL) Historical Data"
"2021-03-29 00:00:00-04:00","100.3497947664904","101.69215330390179","99.52055755994432","101.52243041992188","26492000","GOOGL","Alphabet Inc. (GOOGL) Historical Data"
"2021-03-30 00:00:00-04:00","101.87923478436586","102.3600985997057","101.04404587909158","101.5561752319336","27312000","GOOGL","Alphabet Inc. (GOOGL) Historical Data"
"2021-03-31 00:00:00-04:00","101.94968467149992","103.53074076775447","101.5824566448902","102.3526382446289","42570000","GOOGL","Alphabet Inc. (GOOGL) Historical Data"
"2021-04-01 00:00:00-04:00","103.82800630103871","105.98669127491928","103.78731339954884","105.6904296875","39880000","GOOGL","Alphabet Inc. (GOOGL) Historical Data"
"2021-04-05 00:00:00-04:00","106.55240788497983","110.6137241988251","106.45613518164741","110.11598205566406","48510000","GOOGL","Alphabet Inc. (GOOGL) Historical Data"
"2021-04-06 00:00:00-04:00","109.7170060552788","110.56460573116816","109.26393216477742","109.63462829589844","35240000","GOOGL","Alphabet Inc. (GOOGL) Historical Data"
"2021-04-07 00:00:00-04:00","109.82519791468398","111.3834241955768","109.82519791468398","111.11197662353516","24134000","GOOGL","Alphabet Inc. (GOOGL) Historical Data"
"2021-04-08 00:00:00-04:00","112.35111313829853","112.73769574092296","111.30948379590893","111.67770385742188","28664000","GOOGL","Alphabet Inc. (GOOGL) Historical Data"
"2021-04-09 00:00:00-04:00","111.43007611188524","112.8458772221366","111.02413902052781","112.68211364746094","26146000","GOOGL","Alphabet Inc. (GOOGL) Historical Data"
"2021-04-12 00:00:00-04:00","111.86081020287733","111.99826800652428","110.5556690671648","111.38937377929688","25024000","GOOGL","Alphabet Inc. (GOOGL) Historical Data"
"2021-04-13 00:00:00-04:00","111.70549055106234","112.32481171879675","111.31146450496534","111.8761978149414","25682000","GOOGL","Alphabet Inc. (GOOGL) Historical Data"
"2021-04-14 00:00:00-04:00","112.52132265803313","112.52132265803313","110.96260423492673","111.25489044189453","21002000","GOOGL","Alphabet Inc. (GOOGL) Historical Data"
"2021-04-15 00:00:00-04:00","112.24938267586431","113.93911498034575","111.71442319637966","113.4056396484375","29174000","GOOGL","Alphabet Inc. (GOOGL) Historical Data"
"2021-04-16 00:00:00-04:00","113.60363801209377","113.85176324145186","112.69450680826098","113.28157043457031","26282000","GOOGL","Alphabet Inc. (GOOGL) Historical Data"
"2021-04-19 00:00:00-04:00","112.65778563629343","114.34056652546512","112.65778563629343","113.62944030761719","30290000","GOOGL","Alphabet Inc. (GOOGL) Historical Data"
"2021-04-20 00:00:00-04:00","114.01304464501652","114.08797894990056","112.00968781654448","113.09597778320312","22288000","GOOGL","Alphabet Inc. (GOOGL) Historical Data"
"2021-04-21 00:00:00-04:00","112.75059219366896","113.14511042002438","111.39929855085491","113.063232421875","23204000","GOOGL","Alphabet Inc. (GOOGL) Historical Data"
"2021-04-22 00:00:00-04:00","112.91682079811619","113.58576995945398","111.17597645061205","111.78140258789062","24146000","GOOGL","Alphabet Inc. (GOOGL) Historical Data"
"2021-04-23 00:00:00-04:00","112.49997995220494","114.44131306155018","112.21463744660008","114.1341323852539","29066000","GOOGL","Alphabet Inc. (GOOGL) Historical Data"
"2021-04-26 00:00:00-04:00","114.36190704701553","115.35490771445889","114.00460611598119","114.63037872314453","32038000","GOOGL","Alphabet Inc. (GOOGL) Historical Data"
"2021-04-27 00:00:00-04:00","115.01249127701054","115.05318417666454","113.45078956312143","113.68998718261719","44386000","GOOGL","Alphabet Inc. (GOOGL) Historical Data"
"2021-04-28 00:00:00-04:00","118.72792498547076","120.65734705575763","116.77865622813731","117.06747436523438","81106000","GOOGL","Alphabet Inc. (GOOGL) Historical Data"
"2021-04-29 00:00:00-04:00","118.56564700649055","119.3065470422006","117.80240903725968","118.7408218383789","41234000","GOOGL","Alphabet Inc. (GOOGL) Historical Data"
"2021-04-30 00:00:00-04:00","117.51310274370631","118.19941495111625","116.44815119189317","116.79254913330078","44856000","GOOGL","Alphabet Inc. (GOOGL) Historical Data"
"2021-05-03 00:00:00-04:00","117.35877344421958","118.18453498753864","115.89930359845003","116.27545928955078","28242000","GOOGL","Alphabet Inc. (GOOGL) Historical Data"
"2021-05-04 00:00:00-04:00","114.81003375695731","115.37774294284415","111.98785888456881","114.47655487060547","44818000","GOOGL","Alphabet Inc. (GOOGL) Historical Data"
"2021-05-05 00:00:00-04:00","115.55837890460862","115.87448718948492","114.54850735953089","114.87057495117188","26636000","GOOGL","Alphabet Inc. (GOOGL) Historical Data"
"2021-05-06 00:00:00-04:00","114.45173268147272","115.99110412597656","113.7922184104356","115.99110412597656","25190000","GOOGL","Alphabet Inc. (GOOGL) Historical Data"
"2021-05-07 00:00:00-04:00","117.30815282057624","117.67338940045705","116.42829567342216","116.71463012695312","28898000","GOOGL","Alphabet Inc. (GOOGL) Historical Data"
"2021-05-10 00:00:00-04:00","115.53406221182321","115.67599518638454","113.3704097175728","113.72821044921875","30914000","GOOGL","Alphabet Inc. (GOOGL) Historical Data"
"2021-05-11 00:00:00-04:00","111.31245758968727","113.15900213602517","110.8583841691217","112.6518325805664","34186000","GOOGL","Alphabet Inc. (GOOGL) Historical Data"
"2021-05-12 00:00:00-04:00","110.47477830544459","111.55610843792854","108.85848874493934","109.1875","46376000","GOOGL","Alphabet Inc. (GOOGL) Historical Data"
"2021-05-13 00:00:00-04:00","110.47130973397276","111.13231572556356","109.50858260758544","110.61621856689453","33204000","GOOGL","Alphabet Inc. (GOOGL) Historical Data"
"2021-05-14 00:00:00-04:00","112.08016237235324","113.37934430353187","111.65636250684874","113.0647201538086","31996000","GOOGL","Alphabet Inc. (GOOGL) Historical Data"
"2021-05-17 00:00:00-04:00","112.32975663054633","113.63043010621978","111.92977890258439","113.58775329589844","21598000","GOOGL","Alphabet Inc. (GOOGL) Historical Data"
"2021-05-18 00:00:00-04:00","114.25423490932972","114.5187387900611","112.26128967783525","112.27518463134766","22204000","GOOGL","Alphabet Inc. (GOOGL) Historical Data"
"2021-05-19 00:00:00-04:00","110.58594292832795","112.89648041648023","110.43756603914663","112.7232894897461","23684000","GOOGL","Alphabet Inc. (GOOGL) Historical Data"
"2021-05-20 00:00:00-04:00","113.69099326965062","114.73311478267345","113.31979734819818","114.48251342773438","32352000","GOOGL","Alphabet Inc. (GOOGL) Historical Data"
"2021-05-21 00:00:00-04:00","115.00157839071795","115.07502854849963","113.60661602300084","113.84630584716797","40632000","GOOGL","Alphabet Inc. (GOOGL) Historical Data"
"2021-05-24 00:00:00-04:00","114.87651898938388","117.3905209078687","114.73111797181262","117.16671752929688","31832000","GOOGL","Alphabet Inc. (GOOGL) Historical Data"
"2021-05-25 00:00:00-04:00","117.71060408228924","118.30610310206922","116.86697983991921","117.25753021240234","22440000","GOOGL","Alphabet Inc. (GOOGL) Historical Data"
"2021-05-26 00:00:00-04:00","117.43867278904202","118.55375229526585","117.4356969215563","118.12300872802734","21572000","GOOGL","Alphabet Inc. (GOOGL) Historical Data"
"2021-05-27 00:00:00-04:00","118.55672483396802","118.55672483396802","116.92952356734123","117.24811553955078","35224000","GOOGL","Alphabet Inc. (GOOGL) Historical Data"
"2021-05-28 00:00:00-04:00","117.83069224238149","117.91257022947067","116.76028124331418","116.95877838134766","21482000","GOOGL","Alphabet Inc. (GOOGL) Historical Data"
"2021-06-01 00:00:00-04:00","117.83169739325494","118.3909711309442","116.83125322941245","118.16616821289062","23354000","GOOGL","Alphabet Inc. (GOOGL) Historical Data"
"2021-06-02 00:00:00-04:00","118.5616903088847","118.78450933784855","116.7359842116787","117.64065551757812","21158000","GOOGL","Alphabet Inc. (GOOGL) Historical Data"
"2021-06-03 00:00:00-04:00","116.4069665373418","116.96723225649065","115.60254339356483","116.49877166748047","18696000","GOOGL","Alphabet Inc. (GOOGL) Historical Data"
"2021-06-04 00:00:00-04:00","117.57512855840817","119.05196883289784","117.2346984558086","118.78101348876953","24458000","GOOGL","Alphabet Inc. (GOOGL) Historical Data"
"2021-06-07 00:00:00-04:00","118.57607279219508","119.32392413070295","118.15724030193509","119.21424865722656","24120000","GOOGL","Alphabet Inc. (GOOGL) Historical Data"
"2021-06-08 00:00:00-04:00","119.69610658561207","120.06878661423825","118.84106348764917","119.02268981933594","24240000","GOOGL","Alphabet Inc. (GOOGL) Historical Data"
"2021-06-09 00:00:00-04:00","119.66733155702187","119.73928242428627","118.94627815938065","119.494140625","17942000","GOOGL","Alphabet Inc. (GOOGL) Historical Data"
"2021-06-10 00:00:00-04:00","119.44351508642232","120.88661377093757","119.287694745619","120.84343719482422","25904000","GOOGL","Alphabet Inc. (GOOGL) Historical Data"
"2021-06-11 00:00:00-04:00","121.08511637699016","121.17047000516757","120.04100343499866","120.59879302978516","21958000","GOOGL","Alphabet Inc. (GOOGL) Historical Data"
"2021-06-14 00:00:00-04:00","120.70102140342084","121.52777490664751","119.99337074452207","121.52728271484375","22098000","GOOGL","Alphabet Inc. (GOOGL) Historical Data"
"2021-06-15 00:00:00-04:00","121.5317391337335","121.85479867979801","120.1481955864892","120.50897216796875","21562000","GOOGL","Alphabet Inc. (GOOGL) Historical Data"
"2021-06-16 00:00:00-04:00","120.66032532200343","120.97197359175446","118.57409090880724","119.8668212890625","26472000","GOOGL","Alphabet Inc. (GOOGL) Historical Data"
"2021-06-17 00:00:00-04:00","119.79238984947777","121.60370111962469","119.59636878457852","120.8305435180664","25842000","GOOGL","Alphabet Inc. (GOOGL) Historical Data"
"2021-06-18 00:00:00-04:00","120.45685929101408","120.69108957521395","119.1150006147533","119.21028137207031","46116000","GOOGL","Alphabet Inc. (GOOGL) Historical Data"
"2021-06-21 00:00:00-04:00","119.59686719825068","121.08511889610858","118.99937664421553","120.8990249633789","27414000","GOOGL","Alphabet Inc. (GOOGL) Historical Data"
"2021-06-22 00:00:00-04:00","120.83699476359857","121.48212191742986","120.15614205708611","121.41313934326172","22390000","GOOGL","Alphabet Inc. (GOOGL) Historical Data"
"2021-06-23 00:00:00-04:00","121.17791693257503","122.17240182650191","120.92086408491839","121.21116638183594","19148000","GOOGL","Alphabet Inc. (GOOGL) Historical Data"
"2021-06-24 00:00:00-04:00","121.77985701377752","122.13269035567586","121.382862712785","121.58135986328125","21362000","GOOGL","Alphabet Inc. (GOOGL) Historical Data"
"2021-06-25 00:00:00-04:00","121.08510450673501","121.71336075957535","120.65336905720633","121.58979034423828","34594000","GOOGL","Alphabet Inc. (GOOGL) Historical Data"
"2021-06-28 00:00:00-04:00","121.758521573653","121.86422922179605","120.49507286854836","121.61709594726562","28526000","GOOGL","Alphabet Inc. (GOOGL) Historical Data"
"2021-06-29 00:00:00-04:00","121.75059355767355","122.09846715134644","120.77843902634659","121.35557556152344","23108000","GOOGL","Alphabet Inc. (GOOGL) Historical Data"
"2021-06-30 00:00:00-04:00","121.07965376613676","121.34018980324502","120.44445377750469","121.17394256591797","24474000","GOOGL","Alphabet Inc. (GOOGL) Historical Data"
"2021-07-01 00:00:00-04:00","120.81217357840106","121.66770889111173","120.62012792060024","121.52628326416016","18110000","GOOGL","Alphabet Inc. (GOOGL) Historical Data"
"2021-07-02 00:00:00-04:00","122.22650502578823","124.463600197128","122.13668380250321","124.31819915771484","25982000","GOOGL","Alphabet Inc. (GOOGL) Historical Data"
"2021-07-06 00:00:00-04:00","124.7062473785761","125.47990467415667","123.64823954552753","125.24369049072266","26404000","GOOGL","Alphabet Inc. (GOOGL) Historical Data"
"2021-07-07 00:00:00-04:00","126.20840260771347","126.32948178151617","125.20696652930476","125.52555847167969","24060000","GOOGL","Alphabet Inc. (GOOGL) Historical Data"
"2021-07-08 00:00:00-04:00","123.0959213892183","124.6536477834332","123.09195356628405","124.10628509521484","23790000","GOOGL","Alphabet Inc. (GOOGL) Historical Data"
"2021-07-09 00:00:00-04:00","124.0874257825827","124.7916007446982","123.6174735198398","124.57722473144531","18632000","GOOGL","Alphabet Inc. (GOOGL) Historical Data"
"2021-07-12 00:00:00-04:00","125.23178767794647","126.11660464739363","124.66903830023149","126.02330780029297","17668000","GOOGL","Alphabet Inc. (GOOGL) Historical Data"
"2021-07-13 00:00:00-04:00","126.0858217415927","127.09717735782496","125.72455299411631","126.38655090332031","19240000","GOOGL","Alphabet Inc. (GOOGL) Historical Data"
"2021-07-14 00:00:00-04:00","126.99843774774149","128.3566826384462","126.95526116951177","127.27534484863281","23742000","GOOGL","Alphabet Inc. (GOOGL) Historical Data"
"2021-07-15 00:00:00-04:00","127.68425815211094","127.73487061260049","125.58114534521543","126.05258178710938","24218000","GOOGL","Alphabet Inc. (GOOGL) Historical Data"
"2021-07-16 00:00:00-04:00","126.70564909050017","126.8530340257524","125.20747031972039","126.0178451538086","20424000","GOOGL","Alphabet Inc. (GOOGL) Historical Data"
"2021-07-19 00:00:00-04:00","125.14393851701688","125.25857376045805","122.57881687574903","123.6437759399414","27968000","GOOGL","Alphabet Inc. (GOOGL) Historical Data"
"2021-07-20 00:00:00-04:00","124.58614627381355","126.09028421318746","123.41797841212833","125.2630386352539","26312000","GOOGL","Alphabet Inc. (GOOGL) Historical Data"
"2021-07-21 00:00:00-04:00","125.18761690110053","126.6391510453154","125.0784411915478","126.5925064086914","20746000","GOOGL","Alphabet Inc. (GOOGL) Historical Data"
"2021-07-22 00:00:00-04:00","126.88528921475424","127.5194972412647","126.54287518623292","127.45845031738281","14302000","GOOGL","Alphabet Inc. (GOOGL) Historical Data"
"2021-07-23 00:00:00-04:00","129.4523951600972","132.3986401311124","128.82712984161756","132.01751708984375","41506000","GOOGL","Alphabet Inc. (GOOGL) Historical Data"
"2021-07-26 00:00:00-04:00","132.32866235257328","133.23034251225275","131.3093559344711","133.0298614501953","30572000","GOOGL","Alphabet Inc. (GOOGL) Historical Data"
"2021-07-27 00:00:00-04:00","133.24375654153485","133.39114148344112","129.12835158486462","130.91087341308594","54710000","GOOGL","Alphabet Inc. (GOOGL) Historical Data"
"2021-07-28 00:00:00-04:00","135.28980809616644","137.2599234097083","134.2630655744144","135.0734405517578","95130000","GOOGL","Alphabet Inc. (GOOGL) Historical Data"
"2021-07-29 00:00:00-04:00","135.1290120798476","135.63618169208738","134.52656927251087","134.75930786132812","31716000","GOOGL","Alphabet Inc. (GOOGL) Historical Data"
"2021-07-30 00:00:00-04:00","134.02235996691988","134.28983968101215","133.24821049206028","133.71617126464844","25576000","GOOGL","Alphabet Inc. (GOOGL) Historical Data"
"2021-08-02 00:00:00-04:00","134.10377496882492","134.32162665748433","132.79069795710942","133.84324645996094","21634000","GOOGL","Alphabet Inc. (GOOGL) Historical Data"
"2021-08-03 00:00:00-04:00","134.1216319505897","134.7141552339848","132.3197553944657","134.61293029785156","20762000","GOOGL","Alphabet Inc. (GOOGL) Historical Data"
"2021-08-04 00:00:00-04:00","134.33451713154457","134.63227046149845","133.4784819870635","134.11219787597656","19676000","GOOGL","Alphabet Inc. (GOOGL) Historical Data"
"2021-08-05 00:00:00-04:00","134.66300394837458","135.32749306187827","133.83475886285106","135.22972106933594","17870000","GOOGL","Alphabet Inc. (GOOGL) Historical Data"
"2021-08-06 00:00:00-04:00","135.0218328558006","135.44910079449588","134.196071269819","134.72059631347656","20488000","GOOGL","Alphabet Inc. (GOOGL) Historical Data"
"2021-08-09 00:00:00-04:00","134.9230796484028","136.15527055748314","134.32458951731195","135.88629150390625","17760000","GOOGL","Alphabet Inc. (GOOGL) Historical Data"
"2021-08-10 00:00:00-04:00","136.31207396210945","136.7393570510602","135.3419108529695","135.78109741210938","19414000","GOOGL","Alphabet Inc. (GOOGL) Historical Data"
"2021-08-11 00:00:00-04:00","136.15276271111506","136.6499975345085","135.2495832758659","135.2570343017578","15352000","GOOGL","Alphabet Inc. (GOOGL) Historical Data"
"2021-08-12 00:00:00-04:00","134.95582328461904","136.27039955007274","134.40995981317207","136.16519165039062","16506000","GOOGL","Alphabet Inc. (GOOGL) Historical Data"
"2021-08-13 00:00:00-04:00","136.22075907791498","136.82271722045272","136.00539109097147","136.69467163085938","15948000","GOOGL","Alphabet Inc. (GOOGL) Historical Data"
"2021-08-16 00:00:00-04:00","136.49367603744454","137.32490460237238","134.28437116129226","137.2722930908203","22384000","GOOGL","Alphabet Inc. (GOOGL) Historical Data"
"2021-08-17 00:00:00-04:00","136.7169958893501","137.2286329994701","135.06150515244326","135.63665771484375","21716000","GOOGL","Alphabet Inc. (GOOGL) Historical Data"
"2021-08-18 00:00:00-04:00","135.47637140289288","136.07634558098277","134.30671177014443","134.43325805664062","19258000","GOOGL","Alphabet Inc. (GOOGL) Historical Data"
"2021-08-19 00:00:00-04:00","133.42736229214302","135.32997885564367","133.2432522758854","134.6625213623047","21782000","GOOGL","Alphabet Inc. (GOOGL) Historical Data"
"2021-08-20 00:00:00-04:00","134.9801260855952","136.52247337439283","134.23575039027023","136.39891052246094","31194000","GOOGL","Alphabet Inc. (GOOGL) Historical Data"
"2021-08-23 00:00:00-04:00","136.93484971886602","139.81806360283056","136.57556488005156","138.99131774902344","28454000","GOOGL","Alphabet Inc. (GOOGL) Historical Data"
"2021-08-24 00:00:00-04:00","139.55702905815937","141.01452236958926","139.28608129387433","140.20216369628906","19268000","GOOGL","Alphabet Inc. (GOOGL) Historical Data"
"2021-08-25 00:00:00-04:00","140.56294433294897","141.12321001802496","140.31581862814912","141.01353454589844","15848000","GOOGL","Alphabet Inc. (GOOGL) Historical Data"
"2021-08-26 00:00:00-04:00","140.6869948524426","141.34948492640603","140.29693668933822","140.37982177734375","20610000","GOOGL","Alphabet Inc. (GOOGL) Historical Data"
"2021-08-27 00:00:00-04:00","140.59023537546233","143.42878866169718","140.43589917778093","142.92410278320312","28780000","GOOGL","Alphabet Inc. (GOOGL) Historical Data"
"2021-08-30 00:00:00-04:00","143.31714819584727","144.87588190630282","143.0819259272945","143.5062255859375","24434000","GOOGL","Alphabet Inc. (GOOGL) Historical Data"
"2021-08-31 00:00:00-04:00","144.05851869902338","144.08282539771352","143.19901566010742","143.6123809814453","22448000","GOOGL","Alphabet Inc. (GOOGL) Historical Data"
"2021-09-01 00:00:00-04:00","143.91262680281687","145.15722071865454","143.7969996028531","144.1265106201172","21936000","GOOGL","Alphabet Inc. (GOOGL) Historical Data"
"2021-09-02 00:00:00-04:00","144.12702918117816","144.4282505704674","142.1112538267308","142.21249389648438","32342000","GOOGL","Alphabet Inc. (GOOGL) Historical Data"
"2021-09-03 00:00:00-04:00","142.00752066125906","143.07395626316057","141.33261222025337","142.6615753173828","19850000","GOOGL","Alphabet Inc. (GOOGL) Historical Data"
"2021-09-07 00:00:00-04:00","142.7558927513599","143.4809140278703","142.54200890024745","143.19854736328125","20124000","GOOGL","Alphabet Inc. (GOOGL) Historical Data"
"2021-09-08 00:00:00-04:00","143.01939373948818","143.3171319106359","141.92763663073742","142.6134490966797","18344000","GOOGL","Alphabet Inc. (GOOGL) Historical Data"
"2021-09-09 00:00:00-04:00","142.76183791118086","143.22831458600484","142.10381533079317","142.46458435058594","15314000","GOOGL","Alphabet Inc. (GOOGL) Historical Data"
"2021-09-10 00:00:00-04:00","143.13103101123474","143.63324834342055","139.6825992095329","139.81956481933594","36840000","GOOGL","Alphabet Inc. (GOOGL) Historical Data"
"2021-09-13 00:00:00-04:00","140.88499809629892","141.87799874708952","140.1907502683079","141.26513671875","22094000","GOOGL","Alphabet Inc. (GOOGL) Historical Data"
"2021-09-14 00:00:00-04:00","141.9231620681561","142.28791402642847","140.68700352159263","141.4755401611328","19674000","GOOGL","Alphabet Inc. (GOOGL) Historical Data"
"2021-09-15 00:00:00-04:00","141.70084898830657","143.3672589310745","140.28753163392904","143.34642028808594","27408000","GOOGL","Alphabet Inc. (GOOGL) Historical Data"
"2021-09-16 00:00:00-04:00","142.871012257135","143.21789389256512","141.33363224313416","142.53306579589844","26190000","GOOGL","Alphabet Inc. (GOOGL) Historical Data"
"2021-09-17 00:00:00-04:00","141.95789782730313","142.3742466109802","139.41659826215943","139.74412536621094","53384000","GOOGL","Alphabet Inc. (GOOGL) Historical Data"
"2021-09-20 00:00:00-04:00","137.12543075040233","137.95764383732217","135.2997322450259","137.6792449951172","46518000","GOOGL","Alphabet Inc. (GOOGL) Historical Data"
"2021-09-21 00:00:00-04:00","138.70150564295537","138.961549489437","137.24104391217074","137.99038696289062","25332000","GOOGL","Alphabet Inc. (GOOGL) Historical Data"
"2021-09-22 00:00:00-04:00","138.25935937751655","139.83048106126535","137.51249995610252","139.23150634765625","25056000","GOOGL","Alphabet Inc. (GOOGL) Historical Data"
"2021-09-23 00:00:00-04:00","139.93024135046866","140.6339242140277","139.34863720343068","140.1570281982422","20952000","GOOGL","Alphabet Inc. (GOOGL) Historical Data"
"2021-09-24 00:00:00-04:00","139.48458758729717","141.26315661492927","139.18931795972466","141.1485137939453","22984000","GOOGL","Alphabet Inc. (GOOGL) Historical Data"
"2021-09-27 00:00:00-04:00","139.74860330168596","140.87410203574274","139.01713059177794","140.01409912109375","21882000","GOOGL","Alphabet Inc. (GOOGL) Historical Data"
"2021-09-28 00:00:00-04:00","137.61521342871015","138.0534004027572","134.34492472467014","134.8114013671875","45772000","GOOGL","Alphabet Inc. (GOOGL) Historical Data"
"2021-09-29 00:00:00-04:00","135.95276138761872","136.12248424162405","132.861130950565","133.34596252441406","30848000","GOOGL","Alphabet Inc. (GOOGL) Historical Data"
"2021-09-30 00:00:00-04:00","133.25467295688009","134.5260573598816","132.5544581975898","132.67355346679688","37996000","GOOGL","Alphabet Inc. (GOOGL) Historical Data"
"2021-10-01 00:00:00-04:00","133.4392677350906","135.88381020641216","133.06757963803923","135.51905822753906","35360000","GOOGL","Alphabet Inc. (GOOGL) Historical Data"
"2021-10-04 00:00:00-04:00","134.94092038251742","134.94092038251742","130.06725246602704","132.6571807861328","51202000","GOOGL","Alphabet Inc. (GOOGL) Historical Data"
"2021-10-05 00:00:00-04:00","133.03581349340732","136.1954422891802","133.03581349340732","135.00294494628906","32404000","GOOGL","Alphabet Inc. (GOOGL) Historical Data"
"2021-10-06 00:00:00-04:00","133.739508771599","136.7170117498164","133.54101160192383","136.5334014892578","24364000","GOOGL","Alphabet Inc. (GOOGL) Historical Data"
"2021-10-07 00:00:00-04:00","137.85042817938296","138.99181325854707","137.61123813678714","138.18093872070312","25110000","GOOGL","Alphabet Inc. (GOOGL) Historical Data"
"2021-10-08 00:00:00-04:00","138.53031118041213","139.2786547710328","138.17350997032952","138.7372589111328","26526000","GOOGL","Alphabet Inc. (GOOGL) Historical Data"
"2021-10-11 00:00:00-04:00","138.24747054655032","139.65682029056288","137.81770375879188","137.87229919433594","17954000","GOOGL","Alphabet Inc. (GOOGL) Historical Data"
"2021-10-12 00:00:00-04:00","138.43404261228585","138.46084813693733","134.74193748410298","135.42578125","36332000","GOOGL","Alphabet Inc. (GOOGL) Historical Data"
"2021-10-13 00:00:00-04:00","136.3721194131422","136.96514241440264","135.49524559946482","136.55027770996094","19654000","GOOGL","Alphabet Inc. (GOOGL) Historical Data"
"2021-10-14 00:00:00-04:00","138.42808787011938","140.27760845343832","137.78395264117304","140.09251403808594","31894000","GOOGL","Alphabet Inc. (GOOGL) Historical Data"
"2021-10-15 00:00:00-04:00","140.55253377590688","140.65525799212097","139.69948208035825","140.30787658691406","30274000","GOOGL","Alphabet Inc. (GOOGL) Historical Data"
"2021-10-18 00:00:00-04:00","140.01855803335158","141.7251609960852","140.01160677138375","141.70729064941406","20396000","GOOGL","Alphabet Inc. (GOOGL) Historical Data"
"2021-10-19 00:00:00-04:00","142.3122411781201","142.58518805329703","141.53065568841217","142.16287231445312","20164000","GOOGL","Alphabet Inc. (GOOGL) Historical Data"
"2021-10-20 00:00:00-04:00","142.26309046678062","142.46953840645264","140.31629790538835","140.7058563232422","23288000","GOOGL","Alphabet Inc. (GOOGL) Historical Data"
"2021-10-21 00:00:00-04:00","140.70587924060632","141.0899857507834","139.44639818872457","140.82200622558594","26292000","GOOGL","Alphabet Inc. (GOOGL) Historical Data"
"2021-10-22 00:00:00-04:00","138.10650299028052","139.52875553803523","135.03571082515822","136.53488159179688","50588000","GOOGL","Alphabet Inc. (GOOGL) Historical Data"
"2021-10-25 00:00:00-04:00","136.51851473554404","136.96513715391242","134.40845059559413","136.41629028320312","34412000","GOOGL","Alphabet Inc. (GOOGL) Historical Data"
"2021-10-26 00:00:00-04:00","138.21914848241224","139.0324915543169","137.26734051447318","138.26380920410156","49236000","GOOGL","Alphabet Inc. (GOOGL) Historical Data"
"2021-10-27 00:00:00-04:00","138.35958967330268","147.5352558412774","138.35958967330268","145.12100219726562","85782000","GOOGL","Alphabet Inc. (GOOGL) Historical Data"
"2021-10-28 00:00:00-04:00","146.03111595714554","146.054438272218","143.54241291786687","144.7552490234375","36206000","GOOGL","Alphabet Inc. (GOOGL) Historical Data"
"2021-10-29 00:00:00-04:00","143.9900759970739","147.130350898697","143.56479194555195","146.93582153320312","43320000","GOOGL","Alphabet Inc. (GOOGL) Historical Data"
"2021-11-01 00:00:00-04:00","146.93581200680188","146.93581200680188","142.15145003137462","142.42091369628906","46924000","GOOGL","Alphabet Inc. (GOOGL) Historical Data"
"2021-11-02 00:00:00-04:00","143.49527310478769","145.5095488289708","143.25309962931374","144.3418731689453","33482000","GOOGL","Alphabet Inc. (GOOGL) Historical Data"
"2021-11-03 00:00:00-04:00","144.8063629552917","145.56910867772","143.50668907158123","145.49864196777344","27494000","GOOGL","Alphabet Inc. (GOOGL) Historical Data"
"2021-11-04 00:00:00-04:00","146.02119056573684","148.61063405572054","145.21081578710826","147.15562438964844","38412000","GOOGL","Alphabet Inc. (GOOGL) Historical Data"
"2021-11-05 00:00:00-04:00","148.05085702722778","149.20017778946539","147.08566141589458","147.73574829101562","38354000","GOOGL","Alphabet Inc. (GOOGL) Historical Data"
"2021-11-08 00:00:00-05:00","148.7014585767388","149.48554284378903","147.31741521200507","147.91342163085938","23052000","GOOGL","Alphabet Inc. (GOOGL) Historical Data"
"2021-11-09 00:00:00-05:00","148.1139135667592","148.71090441297886","146.14081490134637","147.80177307128906","19530000","GOOGL","Alphabet Inc. (GOOGL) Historical Data"
"2021-11-10 00:00:00-05:00","146.39388220777226","146.95961498797055","143.4536043601575","144.79942321777344","29970000","GOOGL","Alphabet Inc. (GOOGL) Historical Data"
"2021-11-11 00:00:00-05:00","145.39097096057034","146.42913217183607","144.50863009769796","144.6733856201172","16518000","GOOGL","Alphabet Inc. (GOOGL) Historical Data"
"2021-11-12 00:00:00-05:00","145.51603116453387","147.7337869920276","144.32056534887636","147.5630645751953","22360000","GOOGL","Alphabet Inc. (GOOGL) Historical Data"
"2021-11-15 00:00:00-05:00","147.78386805797064","148.42800315960721","146.4683077163778","147.33872985839844","23508000","GOOGL","Alphabet Inc. (GOOGL) Historical Data"
"2021-11-16 00:00:00-05:00","147.03852213551875","147.64691660374896","146.20779328379493","146.76707458496094","18904000","GOOGL","Alphabet Inc. (GOOGL) Historical Data"
"2021-11-17 00:00:00-05:00","146.9174130849966","147.44542122499766","146.13582776741984","146.936767578125","19594000","GOOGL","Alphabet Inc. (GOOGL) Historical Data"
"2021-11-18 00:00:00-05:00","147.1298348231303","149.45129909726722","146.77551730421044","148.71485900878906","35608000","GOOGL","Alphabet Inc. (GOOGL) Historical Data"
"2021-11-19 00:00:00-05:00","148.850821889898","149.83440281847206","147.78240224110786","147.8096923828125","33682000","GOOGL","Alphabet Inc. (GOOGL) Historical Data"
"2021-11-22 00:00:00-05:00","148.2126406962462","148.7059076930002","145.05152784228244","145.20486450195312","30594000","GOOGL","Alphabet Inc. (GOOGL) Historical Data"
"2021-11-23 00:00:00-05:00","145.05698650074015","145.56018822180644","143.03427520363064","144.6887664794922","27218000","GOOGL","Alphabet Inc. (GOOGL) Historical Data"
"2021-11-24 00:00:00-05:00","144.38259466091938","145.15277643240424","143.2903528463246","145.0242462158203","18040000","GOOGL","Alphabet Inc. (GOOGL) Historical Data"
"2021-11-26 00:00:00-05:00","143.2660178960678","143.47345022970194","140.7788138039504","141.11676025390625","30470000","GOOGL","Alphabet Inc. (GOOGL) Historical Data"
"2021-11-29 00:00:00-05:00","142.92013818734432","145.2004097478787","142.81443053508832","144.4391632080078","32596000","GOOGL","Alphabet Inc. (GOOGL) Historical Data"
"2021-11-30 00:00:00-05:00","143.9210829537651","144.90514856073972","140.53963428895196","140.8334197998047","42068000","GOOGL","Alphabet Inc. (GOOGL) Historical Data"
"2021-12-01 00:00:00-05:00","142.92015005272097","144.85602381982557","139.85530937917687","139.99375915527344","34020000","GOOGL","Alphabet Inc. (GOOGL) Historical Data"
"2021-12-02 00:00:00-05:00","140.1907554042833","142.7856510065103","139.16301355015398","141.89389038085938","29194000","GOOGL","Alphabet Inc. (GOOGL) Historical Data"
"2021-12-03 00:00:00-05:00","142.60352464934857","143.31712699642003","139.24886668872693","140.93661499023438","41230000","GOOGL","Alphabet Inc. (GOOGL) Historical Data"
"2021-12-06 00:00:00-05:00","141.96782338203911","142.77373060812116","139.09899659163847","142.0814666748047","30618000","GOOGL","Alphabet Inc. (GOOGL) Historical Data"
"2021-12-07 00:00:00-05:00","144.5046722790173","146.42467472211027","144.138436129141","146.16513061523438","32240000","GOOGL","Alphabet Inc. (GOOGL) Historical Data"
"2021-12-08 00:00:00-05:00","146.48963874269842","147.2801743412199","145.30807576575117","147.07521057128906","24270000","GOOGL","Alphabet Inc. (GOOGL) Historical Data"
"2021-12-09 00:00:00-05:00","146.48419715632372","147.9818836126796","146.0117688087392","146.53134155273438","23270000","GOOGL","Alphabet Inc. (GOOGL) Historical Data"
"2021-12-10 00:00:00-05:00","147.5848649416656","147.86028027717262","145.60383117735927","146.8916015625","24458000","GOOGL","Alphabet Inc. (GOOGL) Historical Data"
"2021-12-13 00:00:00-05:00","146.67326661525007","146.86036006274796","144.42625220003177","144.73294067382812","27070000","GOOGL","Alphabet Inc. (GOOGL) Historical Data"
"2021-12-14 00:00:00-05:00","142.88838224618928","143.3965362015146","140.15602113354242","142.8278350830078","38446000","GOOGL","Alphabet Inc. (GOOGL) Historical Data"
"2021-12-15 00:00:00-05:00","142.33355877435457","145.62071825548696","140.61553692266676","145.3428192138672","36370000","GOOGL","Alphabet Inc. (GOOGL) Historical Data"
"2021-12-16 00:00:00-05:00","146.0668412565775","146.56954315606276","142.53005761489555","143.36178588867188","33650000","GOOGL","Alphabet Inc. (GOOGL) Historical Data"
"2021-12-17 00:00:00-05:00","141.43138309383306","142.75587874027252","140.24038500191537","140.66220092773438","50416000","GOOGL","Alphabet Inc. (GOOGL) Historical Data"
"2021-12-20 00:00:00-05:00","138.9501458780245","140.71134455015442","138.27623682243168","140.5450897216797","27192000","GOOGL","Alphabet Inc. (GOOGL) Historical Data"
"2021-12-21 00:00:00-05:00","140.9882260878411","142.79011743592406","139.4488622569165","142.39659118652344","28756000","GOOGL","Alphabet Inc. (GOOGL) Historical Data"
"2021-12-22 00:00:00-05:00","141.9946312572679","145.4013858438992","141.9946312572679","145.3170166015625","26322000","GOOGL","Alphabet Inc. (GOOGL) Historical Data"
"2021-12-23 00:00:00-05:00","145.40139302599","147.1318182358359","145.3537488598615","145.8147735595703","26384000","GOOGL","Alphabet Inc. (GOOGL) Historical Data"
"2021-12-27 00:00:00-05:00","146.15171345394464","147.23155191988448","146.06586006399732","146.79733276367188","15976000","GOOGL","Alphabet Inc. (GOOGL) Historical Data"
"2021-12-28 00:00:00-05:00","147.12433956414537","147.1868706273939","144.95921096439045","145.5869598388672","18200000","GOOGL","Alphabet Inc. (GOOGL) Historical Data"
"2021-12-29 00:00:00-05:00","145.54481749410752","146.31153120052826","144.55529990736875","145.55523681640625","17788000","GOOGL","Alphabet Inc. (GOOGL) Historical Data"
"2021-12-30 00:00:00-05:00","145.59392492050907","146.19538324277852","144.89967709451196","145.1041259765625","15688000","GOOGL","Alphabet Inc. (GOOGL) Historical Data"
"2021-12-31 00:00:00-05:00","144.9547612243931","145.59839661195713","143.7657470703125","143.7657470703125","18136000","GOOGL","Alphabet Inc. (GOOGL) Historical Data"
"2022-01-03 00:00:00-05:00","143.9672057510473","144.7572416495097","142.63527431481612","143.90419006347656","28646000","GOOGL","Alphabet Inc. (GOOGL) Historical Data"
"2022-01-04 00:00:00-05:00","144.30566816404834","145.38650621065128","142.6387735560891","143.316650390625","28400000","GOOGL","Alphabet Inc. (GOOGL) Historical Data"
"2022-01-05 00:00:00-05:00","143.3369947744093","143.41589690893608","136.65548327199204","136.7418212890625","54618000","GOOGL","Alphabet Inc. (GOOGL) Historical Data"
"2022-01-06 00:00:00-05:00","135.97114712472833","138.89058651246134","135.5344442800259","136.7145233154297","37348000","GOOGL","Alphabet Inc. (GOOGL) Historical Data"
"2022-01-07 00:00:00-05:00","137.109533589017","137.41027034450386","134.74837599268508","135.989501953125","29760000","GOOGL","Alphabet Inc. (GOOGL) Historical Data"
"2022-01-10 00:00:00-05:00","134.06504915322984","137.7784923866588","132.1659006036538","137.62960815429688","44408000","GOOGL","Alphabet Inc. (GOOGL) Historical Data"
"2022-01-11 00:00:00-05:00","136.9720874131419","139.1645217290707","135.66744595665384","138.6881103515625","28730000","GOOGL","Alphabet Inc. (GOOGL) Historical Data"
"2022-01-12 00:00:00-05:00","140.09150474264098","141.53857889929625","139.63943036795163","140.36990356445312","26108000","GOOGL","Alphabet Inc. (GOOGL) Historical Data"
"2022-01-13 00:00:00-05:00","140.47857244926956","141.77876136551572","137.37105536435357","137.5477294921875","31436000","GOOGL","Alphabet Inc. (GOOGL) Historical Data"
"2022-01-14 00:00:00-05:00","136.05101408605333","139.68655414467383","135.97112758394667","138.43450927734375","29662000","GOOGL","Alphabet Inc. (GOOGL) Historical Data"
"2022-01-18 00:00:00-05:00","135.15380874741192","136.10313304122235","134.42283585614052","134.97813415527344","34872000","GOOGL","Alphabet Inc. (GOOGL) Historical Data"
"2022-01-19 00:00:00-05:00","135.4996873505958","136.92492316466289","134.00300044131276","134.10324096679688","28648000","GOOGL","Alphabet Inc. (GOOGL) Historical Data"
"2022-01-20 00:00:00-05:00","135.22828563465208","136.5939742839006","131.96741586300558","132.30784606933594","29908000","GOOGL","Alphabet Inc. (GOOGL) Historical Data"
"2022-01-21 00:00:00-05:00","131.59918447816986","133.85413470989914","129.11098076605415","129.37399291992188","55652000","GOOGL","Alphabet Inc. (GOOGL) Historical Data"
"2022-01-24 00:00:00-05:00","125.03329091598978","130.21911482681233","123.56637755178818","129.82310485839844","76622000","GOOGL","Alphabet Inc. (GOOGL) Historical Data"
"2022-01-25 00:00:00-05:00","127.77456517516126","128.4286198444803","125.55185757799042","125.98309326171875","46960000","GOOGL","Alphabet Inc. (GOOGL) Historical Data"
"2022-01-26 00:00:00-05:00","130.13572850778058","132.00261942561787","126.18854746933454","128.2638702392578","49130000","GOOGL","Alphabet Inc. (GOOGL) Historical Data"
"2022-01-27 00:00:00-05:00","130.31932241896405","131.65770522937257","127.96560114019877","128.03756713867188","31950000","GOOGL","Alphabet Inc. (GOOGL) Historical Data"
"2022-01-28 00:00:00-05:00","128.68666808776362","132.35644978053813","127.52147605383999","132.35098266601562","34362000","GOOGL","Alphabet Inc. (GOOGL) Historical Data"
"2022-01-31 00:00:00-05:00","133.15589912842472","134.4570723226851","131.2180418602811","134.28883361816406","39986000","GOOGL","Alphabet Inc. (GOOGL) Historical Data"
"2022-02-01 00:00:00-05:00","136.56267283391475","136.75968585207823","133.36086675449982","136.61180114746094","68644000","GOOGL","Alphabet Inc. (GOOGL) Historical Data"
"2022-02-02 00:00:00-05:00","150.11574912715602","150.41001919927737","144.4312073402563","146.89012145996094","123200000","GOOGL","Alphabet Inc. (GOOGL) Historical Data"
"2022-02-03 00:00:00-05:00","144.6128476273502","148.5525777136567","141.5956363601921","142.01695251464844","71518000","GOOGL","Alphabet Inc. (GOOGL) Historical Data"
"2022-02-04 00:00:00-05:00","142.36879793327233","143.78856670322708","139.46126220909318","142.2184295654297","57998000","GOOGL","Alphabet Inc. (GOOGL) Historical Data"
"2022-02-07 00:00:00-05:00","143.1682685356502","143.1682685356502","137.85838215439898","138.15713500976562","54974000","GOOGL","Alphabet Inc. (GOOGL) Historical Data"
"2022-02-08 00:00:00-05:00","137.98393352600814","138.95012868811895","135.98652845498887","138.3536376953125","54284000","GOOGL","Alphabet Inc. (GOOGL) Historical Data"
"2022-02-09 00:00:00-05:00","139.90641595810757","141.45571462604343","139.13573444735914","140.5301971435547","40144000","GOOGL","Alphabet Inc. (GOOGL) Historical Data"
"2022-02-10 00:00:00-05:00","138.6558762627554","140.42351129626465","136.92246749211452","137.5804901123047","39330000","GOOGL","Alphabet Inc. (GOOGL) Historical Data"
"2022-02-11 00:00:00-05:00","137.56065622822797","138.1129712080033","132.39963847863444","133.27552795410156","39958000","GOOGL","Alphabet Inc. (GOOGL) Historical Data"
"2022-02-14 00:00:00-05:00","132.25720762086638","135.27788715232825","132.25720762086638","134.5096893310547","34302000","GOOGL","Alphabet Inc. (GOOGL) Historical Data"
"2022-02-15 00:00:00-05:00","136.5388523034239","137.07282740423187","134.80297510881232","135.58407592773438","26680000","GOOGL","Alphabet Inc. (GOOGL) Historical Data"
"2022-02-16 00:00:00-05:00","135.62178690030257","137.05049099274288","133.9122003011313","136.70510864257812","25022000","GOOGL","Alphabet Inc. (GOOGL) Historical Data"
"2022-02-17 00:00:00-05:00","135.22127679608437","136.0852473718121","131.48501181794649","131.54505920410156","38950000","GOOGL","Alphabet Inc. (GOOGL) Historical Data"
"2022-02-18 00:00:00-05:00","132.46611275498591","133.06460279138676","129.2201459554218","129.4250946044922","45620000","GOOGL","Alphabet Inc. (GOOGL) Historical Data"
"2022-02-22 00:00:00-05:00","128.86433355708314","131.18926578040976","127.2619388627428","128.84002685546875","44990000","GOOGL","Alphabet Inc. (GOOGL) Historical Data"
"2022-02-23 00:00:00-05:00","130.66126157793636","131.0607395809099","126.57116292849084","126.63121032714844","32786000","GOOGL","Alphabet Inc. (GOOGL) Historical Data"
"2022-02-24 00:00:00-05:00","124.01648090757979","132.00264189308302","124.01648090757979","131.69595336914062","54456000","GOOGL","Alphabet Inc. (GOOGL) Historical Data"
"2022-02-25 00:00:00-05:00","132.55047613745694","134.25707905584127","130.76347180550337","133.451171875","36406000","GOOGL","Alphabet Inc. (GOOGL) Historical Data"
"2022-02-28 00:00:00-05:00","132.05226662425127","134.73350055558737","131.59819315726125","134.04421997070312","38864000","GOOGL","Alphabet Inc. (GOOGL) Historical Data"
"2022-03-01 00:00:00-05:00","133.86701155976328","135.2336840515846","132.2194717648457","133.05613708496094","26496000","GOOGL","Alphabet Inc. (GOOGL) Historical Data"
"2022-03-02 00:00:00-05:00","133.61844225348676","134.24817522761245","132.07361104066294","133.56236267089844","23520000","GOOGL","Alphabet Inc. (GOOGL) Historical Data"
"2022-03-03 00:00:00-05:00","134.99003246039214","135.41631592852903","132.02791664044642","132.89537048339844","24604000","GOOGL","Alphabet Inc. (GOOGL) Historical Data"
"2022-03-04 00:00:00-05:00","131.93066729654552","132.84773411932804","129.36007848583986","130.9173126220703","30430000","GOOGL","Alphabet Inc. (GOOGL) Historical Data"
"2022-03-07 00:00:00-05:00","130.50197452038165","130.74711632419786","125.3479086063169","125.4307861328125","45112000","GOOGL","Alphabet Inc. (GOOGL) Historical Data"
"2022-03-08 00:00:00-05:00","125.3032523689752","130.26575741329103","124.7320675537548","126.1513442993164","40428000","GOOGL","Alphabet Inc. (GOOGL) Historical Data"
"2022-03-09 00:00:00-05:00","130.26575405375206","132.73261936692816","128.92637143258065","132.4194793701172","37026000","GOOGL","Alphabet Inc. (GOOGL) Historical Data"
"2022-03-10 00:00:00-05:00","130.28164376257828","132.27259751382948","129.9307942927176","131.43641662597656","27102000","GOOGL","Alphabet Inc. (GOOGL) Historical Data"
"2022-03-11 00:00:00-05:00","132.48747149297876","132.79217610039157","128.65940026907458","128.8966064453125","31526000","GOOGL","Alphabet Inc. (GOOGL) Historical Data"
"2022-03-14 00:00:00-04:00","129.27325808126395","129.43106235138268","124.335567012558","125.0064926147461","38812000","GOOGL","Alphabet Inc. (GOOGL) Historical Data"
"2022-03-15 00:00:00-04:00","126.02380390981074","128.88072746557518","124.77771812675637","128.22914123535156","30920000","GOOGL","Alphabet Inc. (GOOGL) Historical Data"
"2022-03-16 00:00:00-04:00","129.75263938681562","132.3331329888503","127.76912146628544","132.28103637695312","35576000","GOOGL","Alphabet Inc. (GOOGL) Historical Data"
"2022-03-17 00:00:00-04:00","132.15049913160888","133.0750169543275","131.19372381937578","132.8353271484375","28264000","GOOGL","Alphabet Inc. (GOOGL) Historical Data"
"2022-03-18 00:00:00-04:00","132.42395646417637","135.22231694319765","131.26669987114136","135.10470581054688","44566000","GOOGL","Alphabet Inc. (GOOGL) Historical Data"
"2022-03-21 00:00:00-04:00","135.1423878626477","136.0222449574991","133.0869194437915","135.0808563232422","26832000","GOOGL","Alphabet Inc. (GOOGL) Historical Data"
"2022-03-22 00:00:00-04:00","135.08087260988333","139.99226524903366","135.08087260988333","138.81912231445312","35496000","GOOGL","Alphabet Inc. (GOOGL) Historical Data"
"2022-03-23 00:00:00-04:00","137.66237103767637","138.5417285094916","136.80138367889504","137.2385711669922","25154000","GOOGL","Alphabet Inc. (GOOGL) Historical Data"
"2022-03-24 00:00:00-04:00","138.1561240851599","140.5569900941861","136.7175005538764","140.51034545898438","26396000","GOOGL","Alphabet Inc. (GOOGL) Historical Data"
"2022-03-25 00:00:00-04:00","140.851769685882","140.96988057388967","138.68960896260305","140.610595703125","24126000","GOOGL","Alphabet Inc. (GOOGL) Historical Data"
"2022-03-28 00:00:00-04:00","139.84388368780657","140.9376247499745","138.76304562317353","140.3947296142578","35050000","GOOGL","Alphabet Inc. (GOOGL) Historical Data"
"2022-03-29 00:00:00-04:00","141.5778077356635","142.71521012259907","140.97336584085934","141.43685913085938","34318000","GOOGL","Alphabet Inc. (GOOGL) Historical Data"
"2022-03-30 00:00:00-04:00","141.39168860096095","141.6502331537412","140.53813719870882","140.8740997314453","19884000","GOOGL","Alphabet Inc. (GOOGL) Historical Data"
"2022-03-31 00:00:00-04:00","140.9877281817403","141.04232360786241","137.98195087256153","138.02462768554688","37524000","GOOGL","Alphabet Inc. (GOOGL) Historical Data"
"2022-04-01 00:00:00-04:00","138.453883236437","139.4175947580096","137.2703210012843","139.09950256347656","25942000","GOOGL","Alphabet Inc. (GOOGL) Historical Data"
"2022-04-04 00:00:00-04:00","139.30594154194358","142.63429364392294","139.25829737990136","141.8993377685547","25942000","GOOGL","Alphabet Inc. (GOOGL) Historical Data"
"2022-04-05 00:00:00-04:00","141.79762982217596","141.91820924459833","139.32978006321648","139.53671264648438","21418000","GOOGL","Alphabet Inc. (GOOGL) Historical Data"
"2022-04-06 00:00:00-04:00","137.7095002017028","138.31542612185672","134.50074308822178","135.52401733398438","32468000","GOOGL","Alphabet Inc. (GOOGL) Historical Data"
"2022-04-07 00:00:00-04:00","134.99002519507687","136.1358777611653","133.22089134895444","134.86944580078125","26234000","GOOGL","Alphabet Inc. (GOOGL) Historical Data"
"2022-04-08 00:00:00-04:00","134.56673589726554","134.65258928092018","131.96837241273985","132.2879638671875","25142000","GOOGL","Alphabet Inc. (GOOGL) Historical Data"
"2022-04-11 00:00:00-04:00","130.83494754462106","131.10192750746063","127.70360833102498","127.8574447631836","36884000","GOOGL","Alphabet Inc. (GOOGL) Historical Data"
"2022-04-12 00:00:00-04:00","130.6131276162825","130.6131276162825","125.83820106848967","126.75675964355469","32710000","GOOGL","Alphabet Inc. (GOOGL) Historical Data"
"2022-04-13 00:00:00-04:00","127.04011273465291","129.35660942683415","126.78305234113374","128.91990661621094","27928000","GOOGL","Alphabet Inc. (GOOGL) Historical Data"
"2022-04-14 00:00:00-04:00","129.5010341712906","129.5010341712906","125.65160981411958","125.77964782714844","31598000","GOOGL","Alphabet Inc. (GOOGL) Historical Data"
"2022-04-18 00:00:00-04:00","126.04761463139059","127.2510159180597","125.2357481055493","126.71903991699219","20808000","GOOGL","Alphabet Inc. (GOOGL) Historical Data"
"2022-04-19 00:00:00-04:00","126.73393183820416","129.35561786649717","126.04711985372514","129.0340576171875","26490000","GOOGL","Alphabet Inc. (GOOGL) Historical Data"
"2022-04-20 00:00:00-04:00","129.91042868655606","130.41363040865102","126.54386726306718","127.0798110961914","31696000","GOOGL","Alphabet Inc. (GOOGL) Historical Data"
"2022-04-21 00:00:00-04:00","128.2807486036101","129.12288118231135","123.59266724701","123.87850952148438","36446000","GOOGL","Alphabet Inc. (GOOGL) Historical Data"
"2022-04-22 00:00:00-04:00","124.06262339881272","124.46160921970547","118.03318293050306","118.73834991455078","56884000","GOOGL","Alphabet Inc. (GOOGL) Historical Data"
"2022-04-25 00:00:00-04:00","118.20785607828329","122.35303480833002","117.62228414008575","122.15106201171875","46128000","GOOGL","Alphabet Inc. (GOOGL) Historical Data"
"2022-04-26 00:00:00-04:00","121.37742479619646","121.59130865641902","117.6222963175863","117.76025390625","73054000","GOOGL","Alphabet Inc. (GOOGL) Historical Data"
"2022-04-27 00:00:00-04:00","113.61108393889343","116.36279188370548","111.89108568755887","113.4374008178711","91820000","GOOGL","Alphabet Inc. (GOOGL) Historical Data"
"2022-04-28 00:00:00-04:00","115.54200349366656","118.75224503349594","113.25924819107051","117.63369750976562","48884000","GOOGL","Alphabet Inc. (GOOGL) Historical Data"
"2022-04-29 00:00:00-04:00","115.85911478171057","117.03572590616346","112.96101343627498","113.25379943847656","42676000","GOOGL","Alphabet Inc. (GOOGL) Historical Data"
"2022-05-02 00:00:00-04:00","112.55455593011817","115.87000484676354","111.75559245542158","115.70872497558594","35534000","GOOGL","Alphabet Inc. (GOOGL) Historical Data"
"2022-05-03 00:00:00-04:00","115.55738116745341","117.55380196982412","115.16435465778821","116.45410919189453","24968000","GOOGL","Alphabet Inc. (GOOGL) Historical Data"
"2022-05-04 00:00:00-04:00","116.15388567860602","121.93321721937868","114.2527455395523","121.34416961669922","49916000","GOOGL","Alphabet Inc. (GOOGL) Historical Data"
"2022-05-05 00:00:00-04:00","119.30258703193357","120.13132441982566","114.14306924777586","115.63182067871094","45840000","GOOGL","Alphabet Inc. (GOOGL) Historical Data"
"2022-05-06 00:00:00-04:00","114.32072750015296","116.68982830154226","113.16049515980836","114.87850952148438","39710000","GOOGL","Alphabet Inc. (GOOGL) Historical Data"
"2022-05-09 00:00:00-04:00","112.40072341287154","114.2140259534267","111.1605970905631","111.66726684570312","40802000","GOOGL","Alphabet Inc. (GOOGL) Historical Data"
"2022-05-10 00:00:00-04:00","114.64129249603656","115.37822468562551","112.05384051914055","113.5371322631836","39900000","GOOGL","Alphabet Inc. (GOOGL) Historical Data"
"2022-05-11 00:00:00-04:00","112.38734239433477","115.49188386833971","112.38734239433477","112.75059509277344","37534000","GOOGL","Alphabet Inc. (GOOGL) Historical Data"
"2022-05-12 00:00:00-04:00","110.54227785783269","113.43789516198555","109.00092247698522","111.9977798461914","53836000","GOOGL","Alphabet Inc. (GOOGL) Historical Data"
"2022-05-13 00:00:00-04:00","113.67412225407753","116.99106367864353","112.75308743960576","115.18024444580078","35038000","GOOGL","Alphabet Inc. (GOOGL) Historical Data"
"2022-05-16 00:00:00-04:00","114.09343122897408","115.29882395655737","113.03543099853194","113.58676147460938","25990000","GOOGL","Alphabet Inc. (GOOGL) Historical Data"
"2022-05-17 00:00:00-04:00","115.96430800340062","116.02336344596293","114.00858771379083","115.59956359863281","23054000","GOOGL","Alphabet Inc. (GOOGL) Historical Data"
"2022-05-18 00:00:00-04:00","114.13760728159772","114.53460916918733","110.71893406247878","111.06035614013672","35126000","GOOGL","Alphabet Inc. (GOOGL) Historical Data"
"2022-05-19 00:00:00-04:00","110.59588170089891","112.16254342444036","109.17511320648825","109.55623626708984","34144000","GOOGL","Alphabet Inc. (GOOGL) Historical Data"
"2022-05-20 00:00:00-04:00","111.11146523229964","111.34222744755039","105.00312313802856","108.0912857055664","48962000","GOOGL","Alphabet Inc. (GOOGL) Historical Data"
"2022-05-23 00:00:00-04:00","108.76569397448277","111.30649385728398","107.92553778216092","110.65193939208984","37184000","GOOGL","Alphabet Inc. (GOOGL) Historical Data"
"2022-05-24 00:00:00-04:00","104.9788178581926","105.66017033298499","101.12046571648337","105.17533111572266","76780000","GOOGL","Alphabet Inc. (GOOGL) Historical Data"
"2022-05-25 00:00:00-04:00","104.19820785575082","105.70135403815657","103.07767643363695","105.01156616210938","40258000","GOOGL","Alphabet Inc. (GOOGL) Historical Data"
"2022-05-26 00:00:00-04:00","104.88451675621047","107.83472166540481","104.4359029084361","106.9841537475586","37948000","GOOGL","Alphabet Inc. (GOOGL) Historical Data"
"2022-05-27 00:00:00-04:00","108.66197297575128","111.47571199545855","108.32005116042606","111.4742202758789","37914000","GOOGL","Alphabet Inc. (GOOGL) Historical Data"
"2022-05-31 00:00:00-04:00","111.90099462545551","114.86708588395105","111.23800478802814","112.90888214111328","50012000","GOOGL","Alphabet Inc. (GOOGL) Historical Data"
"2022-06-01 00:00:00-04:00","113.99369385313507","116.22334524027508","112.4007265817402","113.03791046142578","36606000","GOOGL","Alphabet Inc. (GOOGL) Historical Data"
"2022-06-02 00:00:00-04:00","113.14510810652334","117.01536355537438","112.09951102289412","116.74044036865234","37992000","GOOGL","Alphabet Inc. (GOOGL) Historical Data"
"2022-06-03 00:00:00-04:00","115.19213472594434","115.4491951222644","112.66721372995826","113.68204498291016","26136000","GOOGL","Alphabet Inc. (GOOGL) Historical Data"
"2022-06-06 00:00:00-04:00","115.82933061507269","118.4520163103312","115.29288697757941","115.94446563720703","33542000","GOOGL","Alphabet Inc. (GOOGL) Historical Data"
"2022-06-07 00:00:00-04:00","114.61450564492854","116.8084316076851","114.18922165172008","116.27098846435547","31590000","GOOGL","Alphabet Inc. (GOOGL) Historical Data"
"2022-06-08 00:00:00-04:00","115.88589564814693","117.68133553709298","115.72560771609342","116.31515502929688","26108000","GOOGL","Alphabet Inc. (GOOGL) Historical Data"
"2022-06-09 00:00:00-04:00","115.45515824119836","117.41187812168785","113.9152945311241","113.97434997558594","25798000","GOOGL","Alphabet Inc. (GOOGL) Historical Data"
"2022-06-10 00:00:00-04:00","111.60176406792269","112.42950946002966","109.53835232190883","110.32788848876953","41452000","GOOGL","Alphabet Inc. (GOOGL) Historical Data"
"2022-06-13 00:00:00-04:00","105.98570048108614","107.97566213644032","105.32321034517643","105.59465789794922","47252000","GOOGL","Alphabet Inc. (GOOGL) Historical Data"
"2022-06-14 00:00:00-04:00","105.73610237348502","107.11517845506856","105.00661350025801","105.91524505615234","33706000","GOOGL","Alphabet Inc. (GOOGL) Historical Data"
"2022-06-15 00:00:00-04:00","107.73101553417992","110.58793144263325","106.8620849971601","108.94137573242188","39698000","GOOGL","Alphabet Inc. (GOOGL) Historical Data"
"2022-06-16 00:00:00-04:00","106.41694479005933","107.83373777282833","104.34956513406651","105.23834991455078","51684000","GOOGL","Alphabet Inc. (GOOGL) Historical Data"
"2022-06-17 00:00:00-04:00","105.23833509399827","107.88434261165575","104.25823751720216","106.34001159667969","51376000","GOOGL","Alphabet Inc. (GOOGL) Historical Data"
"2022-06-21 00:00:00-04:00","108.11262398002309","111.6459323463121","107.78559662841934","110.70751953125","47416000","GOOGL","Alphabet Inc. (GOOGL) Historical Data"
"2022-06-22 00:00:00-04:00","109.72742541621976","112.4964961727046","109.5547266912255","110.65144348144531","30774000","GOOGL","Alphabet Inc. (GOOGL) Historical Data"
"2022-06-23 00:00:00-04:00","111.38986449241077","111.89703403190568","109.67185020461025","111.40028381347656","28362000","GOOGL","Alphabet Inc. (GOOGL) Historical Data"
"2022-06-24 00:00:00-04:00","112.14765087738255","117.19352549247178","112.10546625400416","117.09030151367188","41164000","GOOGL","Alphabet Inc. (GOOGL) Historical Data"
"2022-06-27 00:00:00-04:00","117.38605612259386","117.69025333337899","114.31574891498003","114.96485137939453","36420000","GOOGL","Alphabet Inc. (GOOGL) Historical Data"
"2022-06-28 00:00:00-04:00","114.93409628469169","116.4297990650934","111.00925273017768","111.16755676269531","35792000","GOOGL","Alphabet Inc. (GOOGL) Historical Data"
"2022-06-29 00:00:00-04:00","110.71546131167834","112.31189663204833","110.04105259478725","110.86383819580078","24716000","GOOGL","Alphabet Inc. (GOOGL) Historical Data"
"2022-06-30 00:00:00-04:00","109.17510771252034","110.05644906667376","105.94947953010497","108.14588165283203","43170000","GOOGL","Alphabet Inc. (GOOGL) Historical Data"
"2022-07-01 00:00:00-04:00","107.12360200109673","108.43072706417608","105.93012023346462","107.92207336425781","35476000","GOOGL","Alphabet Inc. (GOOGL) Historical Data"
"2022-07-05 00:00:00-04:00","106.29735689624175","112.52678642393329","104.93861973628887","112.41364288330078","39342000","GOOGL","Alphabet Inc. (GOOGL) Historical Data"
"2022-07-06 00:00:00-04:00","112.45234149088837","114.72268583730312","110.64003080778706","113.71281433105469","37432000","GOOGL","Alphabet Inc. (GOOGL) Historical Data"
"2022-07-07 00:00:00-04:00","114.21701592441053","118.29569584145011","113.97236630789556","117.89224243164062","40936000","GOOGL","Alphabet Inc. (GOOGL) Historical Data"
"2022-07-08 00:00:00-04:00","116.37073191522165","118.78746921249528","116.02484225798968","118.45845794677734","38238000","GOOGL","Alphabet Inc. (GOOGL) Historical Data"
"2022-07-11 00:00:00-04:00","117.11313769208462","117.11313769208462","114.4656378613584","114.80904388427734","31196000","GOOGL","Alphabet Inc. (GOOGL) Historical Data"
"2022-07-12 00:00:00-04:00","115.34349049696124","116.09680135877986","112.83743173792418","113.16545104980469","29960000","GOOGL","Alphabet Inc. (GOOGL) Historical Data"
"2022-07-13 00:00:00-04:00","110.86333799664993","113.33963043551984","110.36758731712142","110.51844787597656","43722000","GOOGL","Alphabet Inc. (GOOGL) Historical Data"
"2022-07-14 00:00:00-04:00","109.38402036270517","110.25990208259549","107.56029848922795","109.53984069824219","37004000","GOOGL","Alphabet Inc. (GOOGL) Historical Data"
"2022-07-15 00:00:00-04:00","111.16060487695782","112.29205534108347","110.06835559507293","110.93927001953125","46770000","GOOGL","Alphabet Inc. (GOOGL) Historical Data"
"2022-07-18 00:00:00-04:00","111.79530855999529","112.82751047657966","107.55733275345759","108.2123794555664","43164600","GOOGL","Alphabet Inc. (GOOGL) Historical Data"
"2022-07-19 00:00:00-04:00","110.01873331526212","113.16495963876075","108.73840612847393","112.95653533935547","36530900","GOOGL","Alphabet Inc. (GOOGL) Historical Data"
"2022-07-20 00:00:00-04:00","112.32132368111083","114.53460399317886","111.63650321745263","113.04585266113281","35600400","GOOGL","Alphabet Inc. (GOOGL) Historical Data"
"2022-07-21 00:00:00-04:00","113.42301156798746","113.69099107486413","110.27678525693223","113.48255920410156","32676200","GOOGL","Alphabet Inc. (GOOGL) Historical Data"
"2022-07-22 00:00:00-04:00","110.16759432042141","111.49754182441767","105.70134049662055","107.0908432006836","48901200","GOOGL","Alphabet Inc. (GOOGL) Historical Data"
"2022-07-25 00:00:00-04:00","107.59704120630998","109.04609181369489","105.50286340953636","106.70378875732422","34690900","GOOGL","Alphabet Inc. (GOOGL) Historical Data"
"2022-07-26 00:00:00-04:00","105.80060580049833","106.39610489008601","103.28957946507946","104.23245239257812","47991000","GOOGL","Alphabet Inc. (GOOGL) Historical Data"
"2022-07-27 00:00:00-04:00","108.44064428229976","113.0557747190653","107.20001822791012","112.21214294433594","59858500","GOOGL","Alphabet Inc. (GOOGL) Historical Data"
"2022-07-28 00:00:00-04:00","111.5273315315114","113.4825519907323","110.62415205622167","113.36345672607422","32816600","GOOGL","Alphabet Inc. (GOOGL) Historical Data"
"2022-07-29 00:00:00-04:00","112.23201464667002","115.83479054263834","112.21216038629261","115.44771575927734","37223400","GOOGL","Alphabet Inc. (GOOGL) Historical Data"
"2022-08-01 00:00:00-04:00","114.4353677167191","115.8447173118564","113.48256009829609","113.99866485595703","26034300","GOOGL","Alphabet Inc. (GOOGL) Historical Data"
"2022-08-02 00:00:00-04:00","113.14509361929326","115.4774690347286","112.86719460089999","114.26661682128906","20236000","GOOGL","Alphabet Inc. (GOOGL) Historical Data"
"2022-08-03 00:00:00-04:00","114.84228896413123","117.73047048772344","114.61401797621708","117.19451904296875","28499000","GOOGL","Alphabet Inc. (GOOGL) Historical Data"
"2022-08-04 00:00:00-04:00","116.59899812629045","117.88924463195143","116.01341871268615","117.30367279052734","21602900","GOOGL","Alphabet Inc. (GOOGL) Historical Data"
"2022-08-05 00:00:00-04:00","115.35838937548199","117.22428844560957","115.13011082398499","116.5890884399414","19159500","GOOGL","Alphabet Inc. (GOOGL) Historical Data"
"2022-08-08 00:00:00-04:00","117.50218677995531","119.24899057090587","116.00350822632574","116.42036437988281","19138300","GOOGL","Alphabet Inc. (GOOGL) Historical Data"
"2022-08-09 00:00:00-04:00","116.26155630883628","116.44020677601095","114.84227970077666","115.75537872314453","19086500","GOOGL","Alphabet Inc. (GOOGL) Historical Data"
"2022-08-10 00:00:00-04:00","117.88925390839957","120.01320519651877","117.52203342714638","118.80235290527344","30930400","GOOGL","Alphabet Inc. (GOOGL) Historical Data"
"2022-08-11 00:00:00-04:00","120.3705036664103","120.57892793934799","117.6709001027172","117.94879913330078","24293700","GOOGL","Alphabet Inc. (GOOGL) Historical Data"
"2022-08-12 00:00:00-04:00","119.35816754426888","120.76751708984375","118.56416374756623","120.76751708984375","19096300","GOOGL","Alphabet Inc. (GOOGL) Historical Data"
"2022-08-15 00:00:00-04:00","120.22163222861532","121.3828640455292","119.70553508834992","121.16451263427734","19494800","GOOGL","Alphabet Inc. (GOOGL) Historical Data"
"2022-08-16 00:00:00-04:00","120.60871067326374","121.511890161635","119.73531257366949","120.78736114501953","19041200","GOOGL","Alphabet Inc. (GOOGL) Historical Data"
"2022-08-17 00:00:00-04:00","119.21921338138048","120.3804376418693","118.48475724771684","118.65348815917969","22847000","GOOGL","Alphabet Inc. (GOOGL) Historical Data"
"2022-08-18 00:00:00-04:00","118.53438839458119","119.91396410503756","117.82971363092356","119.26883697509766","17987700","GOOGL","Alphabet Inc. (GOOGL) Historical Data"
"2022-08-19 00:00:00-04:00","118.16715698490374","118.25648600514175","115.8844094146696","116.3310317993164","21809500","GOOGL","Alphabet Inc. (GOOGL) Historical Data"
"2022-08-22 00:00:00-04:00","114.33610073730645","114.76287642751535","112.99622603573273","113.38330078125","21456600","GOOGL","Alphabet Inc. (GOOGL) Historical Data"
"2022-08-23 00:00:00-04:00","112.62900929255083","114.14753450962371","112.57938121699137","113.00615692138672","15870400","GOOGL","Alphabet Inc. (GOOGL) Historical Data"
"2022-08-24 00:00:00-04:00","112.64886287866464","113.91926294010845","112.02358997809887","112.83744049072266","17734600","GOOGL","Alphabet Inc. (GOOGL) Historical Data"
"2022-08-25 00:00:00-04:00","113.3832996266231","115.84470516717248","113.25427723682488","115.77523040771484","16956800","GOOGL","Alphabet Inc. (GOOGL) Historical Data"
"2022-08-26 00:00:00-04:00","113.85970932808003","114.25671121949163","109.36368127038317","109.5125503540039","37245700","GOOGL","Alphabet Inc. (GOOGL) Historical Data"
"2022-08-29 00:00:00-04:00","109.16517438083538","110.1179743580815","107.98410343176194","108.59944915771484","21191200","GOOGL","Alphabet Inc. (GOOGL) Historical Data"
"2022-08-30 00:00:00-04:00","109.34382641653404","109.67135354308121","106.99160404194176","108.12305450439453","27513300","GOOGL","Alphabet Inc. (GOOGL) Historical Data"
"2022-08-31 00:00:00-04:00","109.82023252604237","110.01872968878591","107.31912587125797","107.40845489501953","28627000","GOOGL","Alphabet Inc. (GOOGL) Historical Data"
"2022-09-01 00:00:00-04:00","107.46800272981824","109.62172799554575","106.55490366400493","108.91705322265625","28360900","GOOGL","Alphabet Inc. (GOOGL) Historical Data"
"2022-09-02 00:00:00-04:00","109.7606798148013","109.90955647633426","106.45565730411391","107.04122924804688","24160700","GOOGL","Alphabet Inc. (GOOGL) Historical Data"
"2022-09-06 00:00:00-04:00","106.49534883381243","107.21987024518616","104.98674323622889","106.00901794433594","25068300","GOOGL","Alphabet Inc. (GOOGL) Historical Data"
"2022-09-07 00:00:00-04:00","106.25714254097879","109.15525088592688","106.09834633659005","108.62921905517578","23167000","GOOGL","Alphabet Inc. (GOOGL) Historical Data"
"2022-09-08 00:00:00-04:00","107.22980641541218","108.77810551573627","106.35640828203118","107.56725311279297","24238300","GOOGL","Alphabet Inc. (GOOGL) Historical Data"
"2022-09-09 00:00:00-04:00","108.25208282241607","110.15768290846263","108.20245474397649","109.82023620605469","23197700","GOOGL","Alphabet Inc. (GOOGL) Historical Data"
"2022-09-12 00:00:00-04:00","110.15767840347152","110.78295884863972","109.10562981877511","110.02865600585938","22966800","GOOGL","Alphabet Inc. (GOOGL) Historical Data"
"2022-09-13 00:00:00-04:00","106.991603410664","107.48785387625672","103.30941829244654","103.5376968383789","38172900","GOOGL","Alphabet Inc. (GOOGL) Historical Data"
"2022-09-14 00:00:00-04:00","103.78581739454697","104.49049211527398","102.88264552539968","104.21259307861328","26395100","GOOGL","Alphabet Inc. (GOOGL) Historical Data"
"2022-09-15 00:00:00-04:00","103.24987906308242","104.48057819770708","101.58247706009536","102.1382827758789","34188300","GOOGL","Alphabet Inc. (GOOGL) Historical Data"
"2022-09-16 00:00:00-04:00","101.30456950094974","102.35661806239246","100.18304617737745","102.02909851074219","42797200","GOOGL","Alphabet Inc. (GOOGL) Historical Data"
"2022-09-19 00:00:00-04:00","100.98696487184549","102.55511808472187","100.78846772406554","102.29706573486328","23036800","GOOGL","Alphabet Inc. (GOOGL) Historical Data"
"2022-09-20 00:00:00-04:00","101.31449164135248","101.60231780519607","99.7661851195669","100.38153839111328","26517100","GOOGL","Alphabet Inc. (GOOGL) Historical Data"
"2022-09-21 00:00:00-04:00","100.90757639319294","102.10850171286519","98.52557244239148","98.5354995727539","31487300","GOOGL","Alphabet Inc. (GOOGL) Historical Data"
"2022-09-22 00:00:00-04:00","98.07895227738555","100.48080297214709","98.04917845779312","99.38905334472656","34298600","GOOGL","Alphabet Inc. (GOOGL) Historical Data"
"2022-09-23 00:00:00-04:00","98.8828597828804","98.91264116986241","96.73906182320323","97.9995346069336","31625400","GOOGL","Alphabet Inc. (GOOGL) Historical Data"
"2022-09-26 00:00:00-04:00","97.36434023985667","99.13099069316641","97.06659450257123","97.4338150024414","27072700","GOOGL","Alphabet Inc. (GOOGL) Historical Data"
"2022-09-27 00:00:00-04:00","98.68437178006324","99.2500970302484","96.14357171918695","96.76884460449219","30072800","GOOGL","Alphabet Inc. (GOOGL) Historical Data"
"2022-09-28 00:00:00-04:00","96.91771702518929","99.94484030889338","96.38176561600726","99.29972076416016","32466300","GOOGL","Alphabet Inc. (GOOGL) Historical Data"
"2022-09-29 00:00:00-04:00","97.90030565075195","97.90030565075195","95.2404024609274","96.689453125","31047200","GOOGL","Alphabet Inc. (GOOGL) Historical Data"
"2022-09-30 00:00:00-04:00","96.32221919924832","98.15834442273268","94.84338734754718","94.9327163696289","32941500","GOOGL","Alphabet Inc. (GOOGL) Historical Data"
"2022-10-03 00:00:00-04:00","96.0343924144823","98.54541856387281","95.7961867385492","97.9002914428711","27982000","GOOGL","Alphabet Inc. (GOOGL) Historical Data"
"2022-10-04 00:00:00-04:00","99.68679428970093","101.07628951245434","99.62723908573932","100.87779235839844","28850800","GOOGL","Alphabet Inc. (GOOGL) Historical Data"
"2022-10-05 00:00:00-04:00","99.08136502983179","101.16561537101285","98.05909033124465","100.66936492919922","22176900","GOOGL","Alphabet Inc. (GOOGL) Historical Data"
"2022-10-06 00:00:00-04:00","99.92499811757948","102.15812530354549","99.83566909260647","100.6594467163086","22324000","GOOGL","Alphabet Inc. (GOOGL) Historical Data"
"2022-10-07 00:00:00-04:00","99.10121139538383","99.77611229695586","97.56283957404312","97.93998718261719","27502800","GOOGL","Alphabet Inc. (GOOGL) Historical Data"
"2022-10-10 00:00:00-04:00","98.25758717787716","98.35683575149946","96.28251254572439","97.12613677978516","18225100","GOOGL","Alphabet Inc. (GOOGL) Historical Data"
"2022-10-11 00:00:00-04:00","96.69936577168872","98.50571715876575","95.5877620057255","96.45124053955078","26507100","GOOGL","Alphabet Inc. (GOOGL) Historical Data"
"2022-10-12 00:00:00-04:00","96.5703472290624","98.00947060399531","96.01454153781964","96.8283920288086","21876400","GOOGL","Alphabet Inc. (GOOGL) Historical Data"
"2022-10-13 00:00:00-04:00","94.43647134205176","99.03174823037912","93.67224133423892","98.31714630126953","34574500","GOOGL","Alphabet Inc. (GOOGL) Historical Data"
"2022-10-14 00:00:00-04:00","99.24016247039046","99.93491764089593","95.64731407308213","95.83588409423828","25410700","GOOGL","Alphabet Inc. (GOOGL) Historical Data"
"2022-10-17 00:00:00-04:00","98.11864498975567","100.17312166314639","98.08887117266298","99.22032165527344","28419200","GOOGL","Alphabet Inc. (GOOGL) Historical Data"
"2022-10-18 00:00:00-04:00","102.35662329095497","102.69407756152302","99.22032413323551","100.01432037353516","24060700","GOOGL","Alphabet Inc. (GOOGL) Historical Data"
"2022-10-19 00:00:00-04:00","99.2600211090797","100.26244160630186","98.17819114716923","98.88286590576172","23811100","GOOGL","Alphabet Inc. (GOOGL) Historical Data"
"2022-10-20 00:00:00-04:00","99.25009547236613","101.55269738443776","98.64466928421018","99.22032165527344","25323200","GOOGL","Alphabet Inc. (GOOGL) Historical Data"
"2022-10-21 00:00:00-04:00","97.11621083244879","100.55026301239435","96.98718844238796","100.37161254882812","32458700","GOOGL","Alphabet Inc. (GOOGL) Historical Data"
"2022-10-24 00:00:00-04:00","101.03658831359142","101.97946108059824","99.23023709174201","101.75118255615234","27176400","GOOGL","Alphabet Inc. (GOOGL) Historical Data"
"2022-10-25 00:00:00-04:00","102.12834936574457","104.03394937421807","101.94969889168885","103.69650268554688","40611400","GOOGL","Alphabet Inc. (GOOGL) Historical Data"
"2022-10-26 00:00:00-04:00","95.70685270548745","97.57275148854426","93.97990342903168","94.21810150146484","88114100","GOOGL","Alphabet Inc. (GOOGL) Historical Data"
"2022-10-27 00:00:00-04:00","93.81119011334766","94.71436964764622","91.11159378491239","91.5284423828125","60710900","GOOGL","Alphabet Inc. (GOOGL) Historical Data"
"2022-10-28 00:00:00-04:00","91.57805883215646","95.82596923593994","91.43910930567836","95.56791687011719","43697300","GOOGL","Alphabet Inc. (GOOGL) Historical Data"
"2022-10-31 00:00:00-04:00","94.70443378065085","95.30985993363518","93.27523763795979","93.80126190185547","31675000","GOOGL","Alphabet Inc. (GOOGL) Historical Data"
"2022-11-01 00:00:00-04:00","94.73422363455774","95.30987606963726","89.6923239787276","89.79157257080078","47161400","GOOGL","Alphabet Inc. (GOOGL) Historical Data"
"2022-11-02 00:00:00-04:00","90.25804009758635","90.49623820875753","86.22848103429116","86.31781005859375","57038300","GOOGL","Alphabet Inc. (GOOGL) Historical Data"
"2022-11-03 00:00:00-04:00","85.67267885094222","85.87117600546605","82.71502278657815","82.80435180664062","61288000","GOOGL","Alphabet Inc. (GOOGL) Historical Data"
"2022-11-04 00:00:00-04:00","84.75958132144375","85.99028036002329","83.08225231902676","85.93073272705078","51124900","GOOGL","Alphabet Inc. (GOOGL) Historical Data"
"2022-11-07 00:00:00-05:00","86.62548312568902","88.23333741705386","86.19870740729978","87.82640838623047","34078900","GOOGL","Alphabet Inc. (GOOGL) Historical Data"
"2022-11-08 00:00:00-05:00","88.23332977294922","89.64267920564933","86.9331484706756","88.23332977294922","30429000","GOOGL","Alphabet Inc. (GOOGL) Historical Data"
"2022-11-09 00:00:00-05:00","87.78669965811274","88.769280979615","86.62547544780726","86.66517639160156","31769100","GOOGL","Alphabet Inc. (GOOGL) Historical Data"
"2022-11-10 00:00:00-05:00","91.55821325740865","93.68216469901468","90.92301325088243","93.23554229736328","51620100","GOOGL","Alphabet Inc. (GOOGL) Historical Data"
"2022-11-11 00:00:00-05:00","93.97991651822383","96.20311650565995","93.21568655329872","95.68701934814453","33090500","GOOGL","Alphabet Inc. (GOOGL) Historical Data"
"2022-11-14 00:00:00-05:00","94.37691176596793","96.06416792544084","93.80126696942858","94.98233795166016","30179500","GOOGL","Alphabet Inc. (GOOGL) Historical Data"
"2022-11-15 00:00:00-05:00","97.52313177775265","99.38903057584857","95.98475249232457","97.7017822265625","41640800","GOOGL","Alphabet Inc. (GOOGL) Historical Data"
"2022-11-16 00:00:00-05:00","97.16585354030117","98.89280323342018","96.90780114913285","98.10872650146484","29105200","GOOGL","Alphabet Inc. (GOOGL) Historical Data"
"2022-11-17 00:00:00-05:00","96.24280755741175","98.53548207211892","96.06415710352675","97.62238311767578","26052600","GOOGL","Alphabet Inc. (GOOGL) Historical Data"
"2022-11-18 00:00:00-05:00","98.02931902405741","98.15834899839231","95.64732271616575","96.69937133789062","28342300","GOOGL","Alphabet Inc. (GOOGL) Historical Data"
"2022-11-21 00:00:00-05:00","96.56041614884042","97.66209278418218","94.64488905580471","94.88308715820312","21647400","GOOGL","Alphabet Inc. (GOOGL) Historical Data"
"2022-11-22 00:00:00-05:00","95.23046275016921","96.49094319214763","93.34471701030947","96.32221984863281","23438500","GOOGL","Alphabet Inc. (GOOGL) Historical Data"
"2022-11-23 00:00:00-05:00","96.36190500494142","98.01938719844442","96.36190500494142","97.72163391113281","18868100","GOOGL","Alphabet Inc. (GOOGL) Historical Data"
"2022-11-25 00:00:00-05:00","97.5032907612572","97.90029265387534","96.66959360172228","96.72914123535156","9701400","GOOGL","Alphabet Inc. (GOOGL) Historical Data"
"2022-11-28 00:00:00-05:00","96.31230107453067","96.84825254058707","94.89302429557998","95.32972717285156","26237500","GOOGL","Alphabet Inc. (GOOGL) Historical Data"
"2022-11-29 00:00:00-05:00","95.01211718133456","95.39919193752951","93.40426295178399","94.47616577148438","20061700","GOOGL","Alphabet Inc. (GOOGL) Historical Data"
"2022-11-30 00:00:00-05:00","94.10893714279987","100.28229409060886","93.71193525947234","100.232666015625","43647500","GOOGL","Alphabet Inc. (GOOGL) Historical Data"
"2022-12-01 00:00:00-05:00","100.26243983174288","101.48321929784336","99.49821745338677","100.232666015625","28687100","GOOGL","Alphabet Inc. (GOOGL) Historical Data"
"2022-12-02 00:00:00-05:00","98.30722990126469","100.01432530964262","98.1583532325541","99.68680572509766","21480700","GOOGL","Alphabet Inc. (GOOGL) Historical Data"
"2022-12-05 00:00:00-05:00","98.65459926367298","100.6197469703689","98.25759735587957","98.73400115966797","24405100","GOOGL","Alphabet Inc. (GOOGL) Historical Data"
"2022-12-06 00:00:00-05:00","98.55533288610297","99.03172903169889","95.69692572380669","96.25273132324219","24910700","GOOGL","Alphabet Inc. (GOOGL) Historical Data"
"2022-12-07 00:00:00-05:00","95.68702021037814","96.1534892961787","94.00969118202147","94.22804260253906","31045400","GOOGL","Alphabet Inc. (GOOGL) Historical Data"
"2022-12-08 00:00:00-05:00","94.66473018862035","94.8632349057904","92.74920320796852","93.00725555419922","32213300","GOOGL","Alphabet Inc. (GOOGL) Historical Data"
"2022-12-09 00:00:00-05:00","93.06681881056203","93.5531497701553","92.05447108563907","92.13387298583984","28225400","GOOGL","Alphabet Inc. (GOOGL) Historical Data"
"2022-12-12 00:00:00-05:00","92.0147685423292","92.85839289385488","90.92301893610878","92.61026763916016","29420000","GOOGL","Alphabet Inc. (GOOGL) Historical Data"
"2022-12-13 00:00:00-05:00","97.0268965895578","98.78361996821883","94.3173656196912","94.9128646850586","40593700","GOOGL","Alphabet Inc. (GOOGL) Historical Data"
"2022-12-14 00:00:00-05:00","94.48607804879279","96.14356022591579","92.89807820057908","94.3570556640625","28733600","GOOGL","Alphabet Inc. (GOOGL) Historical Data"
"2022-12-15 00:00:00-05:00","92.43160841135212","92.93778600326951","89.33501037181313","90.17863464355469","40107000","GOOGL","Alphabet Inc. (GOOGL) Historical Data"
"2022-12-16 00:00:00-05:00","90.0793803135825","90.64510550177309","88.84867379330282","89.5831298828125","58011800","GOOGL","Alphabet Inc. (GOOGL) Historical Data"
"2022-12-19 00:00:00-05:00","89.58313045138497","89.88087616842834","87.54850064344215","87.77677917480469","29493000","GOOGL","Alphabet Inc. (GOOGL) Historical Data"
"2022-12-20 00:00:00-05:00","87.44926786505202","88.5112436825532","86.78429398082407","88.3524398803711","23453800","GOOGL","Alphabet Inc. (GOOGL) Historical Data"
"2022-12-21 00:00:00-05:00","88.41198318586204","89.54343362140024","87.6576803714429","88.90823364257812","24745600","GOOGL","Alphabet Inc. (GOOGL) Historical Data"
"2022-12-22 00:00:00-05:00","87.49888481734911","87.87603244128935","85.67267918543912","87.10188293457031","27658300","GOOGL","Alphabet Inc. (GOOGL) Historical Data"
"2022-12-23 00:00:00-05:00","86.45675502144779","88.8784596690233","86.41705407631922","88.56085968017578","23003000","GOOGL","Alphabet Inc. (GOOGL) Historical Data"
"2022-12-27 00:00:00-05:00","88.13408725969353","88.27303678671537","86.35750965313572","86.73465728759766","20097300","GOOGL","Alphabet Inc. (GOOGL) Historical Data"
"2022-12-28 00:00:00-05:00","86.32773122933094","87.37977975554813","85.29552938926575","85.37492370605469","19523200","GOOGL","Alphabet Inc. (GOOGL) Historical Data"
"2022-12-29 00:00:00-05:00","85.97044152530074","88.18371457098455","85.96051439483823","87.78671264648438","23333500","GOOGL","Alphabet Inc. (GOOGL) Historical Data"
"2022-12-30 00:00:00-05:00","86.32773322681854","87.63783413641092","85.9208042155681","87.568359375","23986300","GOOGL","Alphabet Inc. (GOOGL) Historical Data"
"2023-01-03 00:00:00-05:00","88.91815977701387","90.36721788133093","87.8561840239744","88.45169067382812","28131200","GOOGL","Alphabet Inc. (GOOGL) Historical Data"
"2023-01-04 00:00:00-05:00","89.67246086306939","89.97021418207204","86.61555606707714","87.41948699951172","34854800","GOOGL","Alphabet Inc. (GOOGL) Historical Data"
"2023-01-05 00:00:00-05:00","86.81405397793031","86.9133025524005","85.25582788498791","85.55357360839844","27194400","GOOGL","Alphabet Inc. (GOOGL) Historical Data"
"2023-01-06 00:00:00-05:00","86.13914952357796","87.03240180139032","84.22362258367278","86.68502044677734","41381500","GOOGL","Alphabet Inc. (GOOGL) Historical Data"
"2023-01-09 00:00:00-05:00","87.69737855387638","89.37470746783313","87.20112811279385","87.35992431640625","29003900","GOOGL","Alphabet Inc. (GOOGL) Historical Data"
"2023-01-10 00:00:00-05:00","85.33523786963791","88.00506036543571","85.18636120771751","87.7569351196289","30467800","GOOGL","Alphabet Inc. (GOOGL) Historical Data"
"2023-01-11 00:00:00-05:00","88.51122328937346","90.9130734526209","88.34249996756573","90.83367156982422","26862000","GOOGL","Alphabet Inc. (GOOGL) Historical Data"
"2023-01-12 00:00:00-05:00","90.79399854850715","91.18107334866319","89.07696841608055","90.44661712646484","30258100","GOOGL","Alphabet Inc. (GOOGL) Historical Data"
"2023-01-13 00:00:00-05:00","90.16871112383096","91.49866635399357","89.4541092177354","91.42919158935547","26329200","GOOGL","Alphabet Inc. (GOOGL) Historical Data"
"2023-01-17 00:00:00-05:00","91.36963776683697","91.5582153760755","89.37471624963791","90.60541534423828","32602400","GOOGL","Alphabet Inc. (GOOGL) Historical Data"
"2023-01-18 00:00:00-05:00","91.4490389437429","92.10409321983435","89.96028748591486","90.43669128417969","29116700","GOOGL","Alphabet Inc. (GOOGL) Historical Data"
"2023-01-19 00:00:00-05:00","90.03968954197848","92.90801675008117","89.95036051681471","92.35221862792969","37000400","GOOGL","Alphabet Inc. (GOOGL) Historical Data"
"2023-01-20 00:00:00-05:00","94.38683418356587","97.56284161050858","94.3074322941516","97.2849349975586","63191100","GOOGL","Alphabet Inc. (GOOGL) Historical Data"
"2023-01-23 00:00:00-05:00","97.21546604814961","99.28979699304459","96.76884364481533","99.04167175292969","40005100","GOOGL","Alphabet Inc. (GOOGL) Historical Data"
"2023-01-24 00:00:00-05:00","97.36434045143623","98.86301898722769","96.47108809327639","96.96733856201172","33078500","GOOGL","Alphabet Inc. (GOOGL) Historical Data"
"2023-01-25 00:00:00-05:00","94.85332477982458","95.43890433521841","93.0569003074566","94.50595092773438","42330000","GOOGL","Alphabet Inc. (GOOGL) Historical Data"
"2023-01-26 00:00:00-05:00","95.77634102925325","96.83831673570589","94.66473724676266","96.78868865966797","30114000","GOOGL","Alphabet Inc. (GOOGL) Historical Data"
"2023-01-27 00:00:00-05:00","96.58026736816271","99.5676974204637","96.58026736816271","98.62482452392578","33879800","GOOGL","Alphabet Inc. (GOOGL) Historical Data"
"2023-01-30 00:00:00-05:00","96.74899462729292","97.55291796280574","95.67709179848833","96.21304321289062","27226200","GOOGL","Alphabet Inc. (GOOGL) Historical Data"
"2023-01-31 00:00:00-05:00","96.14357246377932","98.1384939775665","96.09394438600727","98.09879302978516","29870700","GOOGL","Alphabet Inc. (GOOGL) Historical Data"
"2023-02-01 00:00:00-05:00","97.96976938145957","100.43117510729803","96.84824601659454","99.67687225341797","35531100","GOOGL","Alphabet Inc. (GOOGL) Historical Data"
"2023-02-02 00:00:00-05:00","105.00659838352416","107.04122068782463","104.81802078918444","106.93204498291016","69883800","GOOGL","Alphabet Inc. (GOOGL) Historical Data"
"2023-02-03 00:00:00-05:00","102.15812220922525","107.001524077653","101.81074839414418","103.99424743652344","65309300","GOOGL","Alphabet Inc. (GOOGL) Historical Data"
"2023-02-06 00:00:00-05:00","101.6320988290303","103.57739978303069","101.11599409443309","102.12834930419922","31999600","GOOGL","Alphabet Inc. (GOOGL) Historical Data"
"2023-02-07 00:00:00-05:00","102.44594211421887","107.36874557367616","102.3466935405881","106.83279418945312","49010200","GOOGL","Alphabet Inc. (GOOGL) Historical Data"
"2023-02-08 00:00:00-05:00","101.28472743744483","102.36654986458451","97.3047964110275","98.62482452392578","94743500","GOOGL","Alphabet Inc. (GOOGL) Historical Data"
"2023-02-09 00:00:00-05:00","99.2500853799974","99.27985919406251","92.92785221530656","94.2975082397461","119455000","GOOGL","Alphabet Inc. (GOOGL) Historical Data"
"2023-02-10 00:00:00-05:00","94.73420738768355","96.02446157990344","93.54320934269664","93.86080932617188","54980700","GOOGL","Alphabet Inc. (GOOGL) Historical Data"
"2023-02-13 00:00:00-05:00","94.02953508899373","94.48608460376701","93.13628274609768","93.9005126953125","50076100","GOOGL","Alphabet Inc. (GOOGL) Historical Data"
"2023-02-14 00:00:00-05:00","93.72187595423233","94.13872458457952","91.56815045858964","93.97000122070312","54726100","GOOGL","Alphabet Inc. (GOOGL) Historical Data"
"2023-02-15 00:00:00-05:00","93.78141137501834","96.39169368435806","93.44396469123609","96.21304321289062","50169000","GOOGL","Alphabet Inc. (GOOGL) Historical Data"
"2023-02-16 00:00:00-05:00","94.65481268808418","96.94748732289182","94.02953228064146","94.79376220703125","42462600","GOOGL","Alphabet Inc. (GOOGL) Historical Data"
"2023-02-17 00:00:00-05:00","94.1387141620816","94.84338893217922","92.51101320001753","93.64246368408203","34284100","GOOGL","Alphabet Inc. (GOOGL) Historical Data"
"2023-02-21 00:00:00-05:00","92.30258690415565","92.40183548316473","91.03218691960443","91.1016616821289","33629300","GOOGL","Alphabet Inc. (GOOGL) Historical Data"
"2023-02-22 00:00:00-05:00","91.01233565397179","91.41926468512888","89.93051323448256","90.96271514892578","30884000","GOOGL","Alphabet Inc. (GOOGL) Historical Data"
"2023-02-23 00:00:00-05:00","91.23068695357419","91.25054121331061","89.08688880510833","90.20841217041016","41206400","GOOGL","Alphabet Inc. (GOOGL) Historical Data"
"2023-02-24 00:00:00-05:00","88.76928933704684","89.21591174546491","87.91573789556128","88.46160888671875","36585100","GOOGL","Alphabet Inc. (GOOGL) Historical Data"
"2023-02-27 00:00:00-05:00","89.19606018066406","89.48388635539742","88.67002833376313","89.19606018066406","27502300","GOOGL","Alphabet Inc. (GOOGL) Historical Data"
"2023-02-28 00:00:00-05:00","88.66011444958845","90.54586782791486","88.65018731956766","89.38463592529297","30142000","GOOGL","Alphabet Inc. (GOOGL) Historical Data"
"2023-03-01 00:00:00-05:00","89.30524066283623","90.34736213861636","88.99756021287892","89.68238830566406","31111200","GOOGL","Alphabet Inc. (GOOGL) Historical Data"
"2023-03-02 00:00:00-05:00","88.98764047944798","91.58798817098749","88.91815814235167","91.31008911132812","32204400","GOOGL","Alphabet Inc. (GOOGL) Historical Data"
"2023-03-03 00:00:00-05:00","91.78649146163595","93.02711765283779","91.75671007241478","92.94771575927734","35160100","GOOGL","Alphabet Inc. (GOOGL) Historical Data"
"2023-03-06 00:00:00-05:00","93.31493408001563","95.25031543626798","93.29508739318105","94.41661071777344","32639300","GOOGL","Alphabet Inc. (GOOGL) Historical Data"
"2023-03-07 00:00:00-05:00","94.26774701922037","94.95256755074698","92.8286160456438","93.15614318847656","27835500","GOOGL","Alphabet Inc. (GOOGL) Historical Data"
"2023-03-08 00:00:00-05:00","93.41419049538177","95.24038857658361","93.29508765749337","93.543212890625","34103300","GOOGL","Alphabet Inc. (GOOGL) Historical Data"
"2023-03-09 00:00:00-05:00","93.34470771502453","94.81360472856946","91.21082937894857","91.62767791748047","28813500","GOOGL","Alphabet Inc. (GOOGL) Historical Data"
"2023-03-10 00:00:00-05:00","91.47880785314275","92.09416114868083","89.72208455892081","89.95035552978516","35941000","GOOGL","Alphabet Inc. (GOOGL) Historical Data"
"2023-03-13 00:00:00-04:00","89.41441773971538","91.87582372447167","88.74944384030226","90.42677307128906","37335600","GOOGL","Alphabet Inc. (GOOGL) Historical Data"
"2023-03-14 00:00:00-04:00","91.86588227001643","93.65238694590275","91.74678700641138","93.26531219482422","36050200","GOOGL","Alphabet Inc. (GOOGL) Historical Data"
"2023-03-15 00:00:00-04:00","92.52094722629985","96.20312513886442","91.94529481158769","95.38927459716797","50622100","GOOGL","Alphabet Inc. (GOOGL) Historical Data"
"2023-03-16 00:00:00-04:00","95.47859626843504","100.43118187106681","94.78384857477023","99.56770324707031","65492000","GOOGL","Alphabet Inc. (GOOGL) Historical Data"
"2023-03-17 00:00:00-04:00","99.50815394560844","102.06880081103279","99.34935014846303","100.85795593261719","61028500","GOOGL","Alphabet Inc. (GOOGL) Historical Data"
"2023-03-20 00:00:00-04:00","99.36919562318633","100.9869694096106","99.12107039122168","100.46094512939453","32960400","GOOGL","Alphabet Inc. (GOOGL) Historical Data"
"2023-03-21 00:00:00-04:00","100.4907247990376","104.31185207942887","100.46095098101657","104.1332015991211","42110300","GOOGL","Alphabet Inc. (GOOGL) Historical Data"
"2023-03-22 00:00:00-04:00","103.48807823611187","105.7906803043521","102.5551324244801","102.59483337402344","43427400","GOOGL","Alphabet Inc. (GOOGL) Historical Data"
"2023-03-23 00:00:00-04:00","104.27214642263456","105.50285304125943","103.67664737256062","104.80809783935547","40797800","GOOGL","Alphabet Inc. (GOOGL) Historical Data"
"2023-03-24 00:00:00-04:00","104.20267726028","104.69892775737729","103.06129960251988","104.64930725097656","30393300","GOOGL","Alphabet Inc. (GOOGL) Historical Data"
"2023-03-27 00:00:00-04:00","103.83544058033651","103.97439009212668","101.1656108983188","101.69163513183594","31120900","GOOGL","Alphabet Inc. (GOOGL) Historical Data"
"2023-03-28 00:00:00-04:00","101.67179935357876","101.6817189110704","98.9920422554838","100.27236938476562","32057900","GOOGL","Alphabet Inc. (GOOGL) Historical Data"
"2023-03-29 00:00:00-04:00","101.5129867194246","101.72141099130168","99.89521304408497","100.6296615600586","28779600","GOOGL","Alphabet Inc. (GOOGL) Historical Data"
"2023-03-30 00:00:00-04:00","100.15326948059464","100.4013947056614","99.03173861709708","100.13341522216797","33086200","GOOGL","Alphabet Inc. (GOOGL) Historical Data"
"2023-03-31 00:00:00-04:00","100.54035541965774","103.11092940289926","100.28230303664719","102.95213317871094","36863400","GOOGL","Alphabet Inc. (GOOGL) Historical Data"
"2023-04-03 00:00:00-04:00","101.62216463041729","103.74611591062242","101.16561513368151","103.577392578125","25035400","GOOGL","Alphabet Inc. (GOOGL) Historical Data"
"2023-04-04 00:00:00-04:00","103.54762525002644","104.78825142936967","103.25979906775706","103.93470001220703","24420100","GOOGL","Alphabet Inc. (GOOGL) Historical Data"
"2023-04-05 00:00:00-04:00","104.98675068203352","105.30435068738927","102.88265348611964","103.68657684326172","28290500","GOOGL","Alphabet Inc. (GOOGL) Historical Data"
"2023-04-06 00:00:00-04:00","104.47064244892897","108.35131686675595","103.54761634796358","107.60694122314453","48711500","GOOGL","Alphabet Inc. (GOOGL) Historical Data"
"2023-04-10 00:00:00-04:00","106.17775133008297","106.78316992246287","104.33169902046775","105.64179992675781","27067400","GOOGL","Alphabet Inc. (GOOGL) Historical Data"
"2023-04-11 00:00:00-04:00","105.75098036627539","105.92963084204611","103.89500084422305","104.55997467041016","26311800","GOOGL","Alphabet Inc. (GOOGL) Historical Data"
"2023-04-12 00:00:00-04:00","105.78075520837217","105.94947855596209","103.55754758342394","103.85530090332031","24370300","GOOGL","Alphabet Inc. (GOOGL) Historical Data"
"2023-04-13 00:00:00-04:00","105.04630901855029","106.68393728920155","105.04630901855029","106.6243896484375","24843600","GOOGL","Alphabet Inc. (GOOGL) Historical Data"
"2023-04-14 00:00:00-04:00","106.08842602348172","108.12305600146057","106.03879794707","108.05358123779297","26578000","GOOGL","Alphabet Inc. (GOOGL) Historical Data"
"2023-04-17 00:00:00-04:00","103.87515724199652","105.3639087269098","103.73620013699751","105.17533111572266","37571200","GOOGL","Alphabet Inc. (GOOGL) Historical Data"
"2023-04-18 00:00:00-04:00","105.69142923743296","105.74105731624348","103.28957863776436","103.71635437011719","26596400","GOOGL","Alphabet Inc. (GOOGL) Historical Data"
"2023-04-19 00:00:00-04:00","102.80324365821765","104.19274641398663","102.2970660858072","103.39874267578125","20905700","GOOGL","Alphabet Inc. (GOOGL) Historical Data"
"2023-04-20 00:00:00-04:00","103.13077864388401","105.45322726139375","103.09107769672384","104.50042724609375","27820800","GOOGL","Alphabet Inc. (GOOGL) Historical Data"
"2023-04-21 00:00:00-04:00","104.67906972482673","105.20509398319376","103.99424168995147","104.61952209472656","25800100","GOOGL","Alphabet Inc. (GOOGL) Historical Data"
"2023-04-24 00:00:00-04:00","104.69892730879049","105.83037783155005","103.91485061807437","105.17533111572266","23542800","GOOGL","Alphabet Inc. (GOOGL) Historical Data"
"2023-04-25 00:00:00-04:00","105.03638335229317","105.88993482379647","103.06130089706625","103.07122802734375","46664100","GOOGL","Alphabet Inc. (GOOGL) Historical Data"
"2023-04-26 00:00:00-04:00","104.13319912015552","105.55247579876328","101.86037100841686","102.9322738647461","53347600","GOOGL","Alphabet Inc. (GOOGL) Historical Data"
"2023-04-27 00:00:00-04:00","103.6667202584599","107.55732970203324","102.76354833968519","106.78317260742188","50089200","GOOGL","Alphabet Inc. (GOOGL) Historical Data"
"2023-04-28 00:00:00-04:00","106.23730369371071","106.54497656828984","104.3019222779164","106.53504943847656","36139800","GOOGL","Alphabet Inc. (GOOGL) Historical Data"
"2023-05-01 00:00:00-04:00","106.03880194374992","107.18017959460664","106.018955255746","106.39610290527344","26681700","GOOGL","Alphabet Inc. (GOOGL) Historical Data"
"2023-05-02 00:00:00-04:00","106.3365485246071","106.39609615702363","102.93227004814128","104.53019714355469","30997200","GOOGL","Alphabet Inc. (GOOGL) Historical Data"
"2023-05-03 00:00:00-04:00","104.7386173549269","106.68391818406765","104.17289215243281","104.61952209472656","21795400","GOOGL","Alphabet Inc. (GOOGL) Historical Data"
"2023-05-04 00:00:00-04:00","104.69892635616654","104.80810206984134","103.1903281969406","103.9049301147461","23419500","GOOGL","Alphabet Inc. (GOOGL) Historical Data"
"2023-05-05 00:00:00-04:00","104.03394463322047","105.08599317017097","103.32926989883089","104.7783203125","26639300","GOOGL","Alphabet Inc. (GOOGL) Historical Data"
"2023-05-08 00:00:00-04:00","104.39125616696242","107.15040775349405","104.37140947859231","106.96183013916016","26511400","GOOGL","Alphabet Inc. (GOOGL) Historical Data"
"2023-05-09 00:00:00-04:00","107.5771848789166","109.3239887931404","106.38618668459873","106.54498291015625","36360100","GOOGL","Alphabet Inc. (GOOGL) Historical Data"
"2023-05-10 00:00:00-04:00","107.160334717474","112.09306592369241","107.12063376861364","110.9119873046875","63153400","GOOGL","Alphabet Inc. (GOOGL) Historical Data"
"2023-05-11 00:00:00-04:00","114.53460704620213","117.03570601894897","113.55203326107099","115.69583129882812","78900000","GOOGL","Alphabet Inc. (GOOGL) Historical Data"
"2023-05-12 00:00:00-04:00","115.8050066061785","117.14488132168266","115.23928138975758","116.6287841796875","41102300","GOOGL","Alphabet Inc. (GOOGL) Historical Data"
"2023-05-15 00:00:00-04:00","115.23928959676992","117.59151964950284","115.14004101303124","115.63629150390625","36266800","GOOGL","Alphabet Inc. (GOOGL) Historical Data"
"2023-05-16 00:00:00-04:00","115.6164352654177","119.84449149553303","115.55688763062979","118.6137924194336","45035600","GOOGL","Alphabet Inc. (GOOGL) Historical Data"
"2023-05-17 00:00:00-04:00","118.71303548354885","120.75758495283628","117.99843361058363","119.93380737304688","33323600","GOOGL","Alphabet Inc. (GOOGL) Historical Data"
"2023-05-18 00:00:00-04:00","120.04299070810453","122.38529363069811","119.92389543649637","121.90889739990234","35234200","GOOGL","Alphabet Inc. (GOOGL) Historical Data"
"2023-05-19 00:00:00-04:00","122.62350082715598","125.02535141510835","121.23399792123767","121.83942413330078","41353400","GOOGL","Alphabet Inc. (GOOGL) Historical Data"
"2023-05-22 00:00:00-04:00","122.01806609562544","125.48189220233128","121.81956136739319","124.11224365234375","35253000","GOOGL","Alphabet Inc. (GOOGL) Historical Data"
"2023-05-23 00:00:00-04:00","123.22891477759688","123.69538383768969","121.29353348872816","121.64090728759766","34046300","GOOGL","Alphabet Inc. (GOOGL) Historical Data"
"2023-05-24 00:00:00-04:00","120.21171384013235","120.99579047353133","118.96116056401159","119.99336242675781","34182600","GOOGL","Alphabet Inc. (GOOGL) Historical Data"
"2023-05-25 00:00:00-04:00","123.58621809330694","124.38022190229562","121.0454180200336","122.55402374267578","42317000","GOOGL","Alphabet Inc. (GOOGL) Historical Data"
"2023-05-26 00:00:00-04:00","122.24634093896407","124.32067187463625","121.53173903906134","123.67554473876953","35635900","GOOGL","Alphabet Inc. (GOOGL) Historical Data"
"2023-05-30 00:00:00-04:00","124.69781220896813","124.71766646734785","121.08510954631166","122.74258422851562","35076700","GOOGL","Alphabet Inc. (GOOGL) Historical Data"
"2023-05-31 00:00:00-04:00","121.82949030094537","123.12966410835033","121.58136506611656","121.94859313964844","37325800","GOOGL","Alphabet Inc. (GOOGL) Historical Data"
"2023-06-01 00:00:00-04:00","121.8989611091008","123.48696104605021","121.70046395655","122.7922134399414","30772700","GOOGL","Alphabet Inc. (GOOGL) Historical Data"
"2023-06-02 00:00:00-04:00","123.060191211232","125.20399690730267","122.8319202321501","123.73509216308594","26980100","GOOGL","Alphabet Inc. (GOOGL) Historical Data"
"2023-06-05 00:00:00-04:00","123.08004629574243","126.4743977650919","122.91131537751194","125.06504821777344","32305500","GOOGL","Alphabet Inc. (GOOGL) Historical Data"
"2023-06-06 00:00:00-04:00","125.06504658476162","127.32793996259925","124.41991945408888","126.35529327392578","26638300","GOOGL","Alphabet Inc. (GOOGL) Historical Data"
"2023-06-07 00:00:00-04:00","126.01784008371891","128.072309065116","121.20421224846599","121.58135986328125","52539000","GOOGL","Alphabet Inc. (GOOGL) Historical Data"
"2023-06-08 00:00:00-04:00","121.31339671268852","122.30589768119812","120.33081530189335","121.22406768798828","29389200","GOOGL","Alphabet Inc. (GOOGL) Historical Data"
"2023-06-09 00:00:00-04:00","121.3332316954614","122.83191013354642","120.99578503336821","121.31338500976562","23778300","GOOGL","Alphabet Inc. (GOOGL) Historical Data"
"2023-06-12 00:00:00-04:00","121.86919005532346","123.11974334684123","120.74766673085075","122.71281433105469","28306400","GOOGL","Alphabet Inc. (GOOGL) Historical Data"
"2023-06-13 00:00:00-04:00","124.04276764194177","124.22141810946202","122.25626296673931","122.9013900756836","22278300","GOOGL","Alphabet Inc. (GOOGL) Historical Data"
"2023-06-14 00:00:00-04:00","122.17685901958812","123.11973941592123","120.53923102358297","122.74258422851562","30592300","GOOGL","Alphabet Inc. (GOOGL) Historical Data"
"2023-06-15 00:00:00-04:00","122.21656558106999","124.51916746718288","121.48211700306517","124.15193939208984","35246300","GOOGL","Alphabet Inc. (GOOGL) Historical Data"
"2023-06-16 00:00:00-04:00","124.98563364516363","125.16428410291157","122.35550485083365","122.60363006591797","45535600","GOOGL","Alphabet Inc. (GOOGL) Historical Data"
"2023-06-20 00:00:00-04:00","122.00814889981929","123.63584994294223","121.22407219687149","122.17687225341797","26097500","GOOGL","Alphabet Inc. (GOOGL) Historical Data"
"2023-06-21 00:00:00-04:00","121.48211364469854","121.74016600309444","119.19935850880321","119.64598846435547","30306300","GOOGL","Alphabet Inc. (GOOGL) Historical Data"
"2023-06-22 00:00:00-04:00","119.10010688586456","122.31580765157227","117.9388826610508","122.22648620605469","26952200","GOOGL","Alphabet Inc. (GOOGL) Historical Data"
"2023-06-23 00:00:00-04:00","120.46976164956806","121.86919161284854","120.15216165092147","121.42256164550781","34913600","GOOGL","Alphabet Inc. (GOOGL) Historical Data"
"2023-06-26 00:00:00-04:00","119.85441851212727","121.08511758706368","117.38308566022395","117.45256042480469","33969900","GOOGL","Alphabet Inc. (GOOGL) Historical Data"
"2023-06-27 00:00:00-04:00","116.20200844412273","118.18701026555762","115.22935421985997","117.44263458251953","39535900","GOOGL","Alphabet Inc. (GOOGL) Historical Data"
"2023-06-28 00:00:00-04:00","116.21193098693968","119.48718710532653","115.97373288245846","119.27876281738281","27091400","GOOGL","Alphabet Inc. (GOOGL) Historical Data"
"2023-06-29 00:00:00-04:00","118.34580529426692","119.15965573005691","117.41285959657364","118.20685577392578","24090900","GOOGL","Alphabet Inc. (GOOGL) Historical Data"
"2023-06-30 00:00:00-04:00","119.26882953277098","120.17200897276508","118.79243334839367","118.80235290527344","29532200","GOOGL","Alphabet Inc. (GOOGL) Historical Data"
"2023-07-03 00:00:00-04:00","118.34580787808842","119.28868829776731","117.928959307964","119.00086212158203","14467900","GOOGL","Alphabet Inc. (GOOGL) Historical Data"
"2023-07-05 00:00:00-04:00","118.34581085804417","121.69054177705794","118.33589130053984","120.83699035644531","27584800","GOOGL","Alphabet Inc. (GOOGL) Historical Data"
"2023-07-06 00:00:00-04:00","118.90161667979092","119.39786715412697","117.5121138372137","119.20928955078125","24745200","GOOGL","Alphabet Inc. (GOOGL) Historical Data"
"2023-07-07 00:00:00-04:00","119.19935295630401","120.14223332598381","118.50460537627106","118.5840072631836","21709500","GOOGL","Alphabet Inc. (GOOGL) Historical Data"
"2023-07-10 00:00:00-04:00","117.41286157602863","117.42278113323385","115.26905595945563","115.57672882080078","35315200","GOOGL","Alphabet Inc. (GOOGL) Historical Data"
"2023-07-11 00:00:00-04:00","115.41793425521223","116.82728376089246","114.48498095632307","116.26155853271484","23078800","GOOGL","Alphabet Inc. (GOOGL) Historical Data"
"2023-07-12 00:00:00-04:00","117.90911694459177","119.42764220013913","117.52204217640053","118.03813934326172","30404400","GOOGL","Alphabet Inc. (GOOGL) Historical Data"
"2023-07-13 00:00:00-04:00","120.02314237165878","123.89389766157021","119.54673857522506","123.60607147216797","44297900","GOOGL","Alphabet Inc. (GOOGL) Historical Data"
"2023-07-14 00:00:00-04:00","123.86411595510596","125.82926350630274","122.56393462065938","124.47946166992188","33283100","GOOGL","Alphabet Inc. (GOOGL) Historical Data"
"2023-07-17 00:00:00-04:00","124.99558298329104","126.14688024831179","123.26862572748695","123.71525573730469","25716200","GOOGL","Alphabet Inc. (GOOGL) Historical Data"
"2023-07-18 00:00:00-04:00","123.66561395286634","123.74501584432612","122.03791303884648","122.83191680908203","26193600","GOOGL","Alphabet Inc. (GOOGL) Historical Data"
"2023-07-19 00:00:00-04:00","123.6656104289081","124.24126276731612","120.88661245663589","121.11488342285156","37224000","GOOGL","Alphabet Inc. (GOOGL) Historical Data"
"2023-07-20 00:00:00-04:00","120.50946759155578","123.15944340000809","117.3334674734311","118.30611419677734","37906800","GOOGL","Alphabet Inc. (GOOGL) Historical Data"
"2023-07-21 00:00:00-04:00","119.71546357937767","120.08268407322286","117.83963744818556","119.11995697021484","72937900","GOOGL","Alphabet Inc. (GOOGL) Historical Data"
"2023-07-24 00:00:00-04:00","120.74767468990552","122.07762238859752","120.07277371039838","120.61864471435547","29686100","GOOGL","Alphabet Inc. (GOOGL) Historical Data"
"2023-07-25 00:00:00-04:00","120.44991665621404","122.22649427656242","120.11246239355489","121.29354095458984","52509600","GOOGL","Alphabet Inc. (GOOGL) Historical Data"
"2023-07-26 00:00:00-04:00","129.09460190925336","129.99776623656712","127.35772529958219","128.30059814453125","61682100","GOOGL","Alphabet Inc. (GOOGL) Historical Data"
"2023-07-27 00:00:00-04:00","130.68260803004364","132.2408419072244","127.82420023434912","128.42962646484375","44952100","GOOGL","Alphabet Inc. (GOOGL) Historical Data"
"2023-07-28 00:00:00-04:00","129.799265024623","132.73707431896543","129.59084831881933","131.5857696533203","36591200","GOOGL","Alphabet Inc. (GOOGL) Historical Data"
"2023-07-31 00:00:00-04:00","131.73466626309258","132.52867016895502","130.79179325054056","131.72474670410156","28055500","GOOGL","Alphabet Inc. (GOOGL) Historical Data"
"2023-08-01 00:00:00-04:00","129.79926191480814","131.6353945728261","129.7000057705623","130.56349182128906","23166800","GOOGL","Alphabet Inc. (GOOGL) Historical Data"
"2023-08-02 00:00:00-04:00","128.47924259709205","129.11444258769157","126.60341644169951","127.41727447509766","26273300","GOOGL","Alphabet Inc. (GOOGL) Historical Data"
"2023-08-03 00:00:00-04:00","127.01034391124875","128.41969339996243","126.46446537651686","127.48674011230469","20089500","GOOGL","Alphabet Inc. (GOOGL) Historical Data"
"2023-08-04 00:00:00-04:00","128.31052393686713","130.52379685517826","126.9508024568463","127.14929962158203","26147200","GOOGL","Alphabet Inc. (GOOGL) Historical Data"
"2023-08-07 00:00:00-04:00","128.19143287031562","130.6230572928783","128.05248333600815","130.5436553955078","22746300","GOOGL","Alphabet Inc. (GOOGL) Historical Data"
"2023-08-08 00:00:00-04:00","129.64046232824563","130.52378752085772","128.56855954209357","130.41461181640625","23535200","GOOGL","Alphabet Inc. (GOOGL) Historical Data"
"2023-08-09 00:00:00-04:00","130.67265411424023","131.04979410608198","128.0325984495489","128.68765258789062","24912900","GOOGL","Alphabet Inc. (GOOGL) Historical Data"
"2023-08-10 00:00:00-04:00","130.33523442746744","131.0597558939105","128.47924731856517","128.7174530029297","20857800","GOOGL","Alphabet Inc. (GOOGL) Historical Data"
"2023-08-11 00:00:00-04:00","127.69517985741135","128.955645199412","127.2088489247228","128.5884246826172","19591100","GOOGL","Alphabet Inc. (GOOGL) Historical Data"
"2023-08-14 00:00:00-04:00","128.4196995095872","130.3848471837526","127.99293136308722","130.34515380859375","24695600","GOOGL","Alphabet Inc. (GOOGL) Historical Data"
"2023-08-15 00:00:00-04:00","130.11688653714737","130.43447898056363","128.31052745646844","128.80677795410156","19770700","GOOGL","Alphabet Inc. (GOOGL) Historical Data"
"2023-08-16 00:00:00-04:00","127.73486328125","129.3030165264677","126.91109328601117","127.73486328125","25216100","GOOGL","Alphabet Inc. (GOOGL) Historical Data"
"2023-08-17 00:00:00-04:00","128.8266444615361","131.00022427090204","128.3204592134365","128.94573974609375","33446300","GOOGL","Alphabet Inc. (GOOGL) Historical Data"
"2023-08-18 00:00:00-04:00","127.546294758541","128.28075093151222","125.43227040921398","126.5041732788086","30504800","GOOGL","Alphabet Inc. (GOOGL) Historical Data"
"2023-08-21 00:00:00-04:00","126.2262549148763","127.76462664652156","125.61090167890998","127.4073257446289","25248700","GOOGL","Alphabet Inc. (GOOGL) Historical Data"
"2023-08-22 00:00:00-04:00","127.54628200242816","129.3030127917116","127.35771955742976","128.1120147705078","22054900","GOOGL","Alphabet Inc. (GOOGL) Historical Data"
"2023-08-23 00:00:00-04:00","129.2037702845962","132.40955935337914","128.8960974039479","131.37734985351562","27819700","GOOGL","Alphabet Inc. (GOOGL) Historical Data"
"2023-08-24 00:00:00-04:00","132.94550528703812","133.24325861449066","128.59836122593913","128.80677795410156","28500700","GOOGL","Alphabet Inc. (GOOGL) Historical Data"
"2023-08-25 00:00:00-04:00","128.56857452291544","129.77942696997056","126.29575386732984","128.90603637695312","26762900","GOOGL","Alphabet Inc. (GOOGL) Historical Data"
"2023-08-28 00:00:00-04:00","130.3252954237949","131.54606733409824","129.16407114652645","130.0275421142578","20543300","GOOGL","Alphabet Inc. (GOOGL) Historical Data"
"2023-08-29 00:00:00-04:00","131.24833815410415","135.54586931655962","131.24833815410415","133.5608673095703","43075600","GOOGL","Alphabet Inc. (GOOGL) Historical Data"
"2023-08-30 00:00:00-04:00","133.76926593538553","135.2580172391428","133.06459879911617","134.86102294921875","28315800","GOOGL","Alphabet Inc. (GOOGL) Historical Data"
"2023-08-31 00:00:00-04:00","134.99003046339","136.96511253819318","134.77167907243245","135.14883422851562","30053800","GOOGL","Alphabet Inc. (GOOGL) Historical Data"
"2023-09-01 00:00:00-04:00","136.4291897075704","136.4291897075704","133.83876157564302","134.64268493652344","21543700","GOOGL","Alphabet Inc. (GOOGL) Historical Data"
"2023-09-05 00:00:00-04:00","134.42433443329878","135.3969811480602","133.57078298930236","134.75186157226562","19403100","GOOGL","Alphabet Inc. (GOOGL) Historical Data"
"2023-09-06 00:00:00-04:00","134.9999589338713","135.50612887444444","132.66757606735212","133.45166015625","18684500","GOOGL","Alphabet Inc. (GOOGL) Historical Data"
"2023-09-07 00:00:00-04:00","132.58816167469982","134.56324347194618","131.95296184782214","134.24563598632812","18844300","GOOGL","Alphabet Inc. (GOOGL) Historical Data"
"2023-09-08 00:00:00-04:00","133.89833712499222","135.63521418086728","133.83878947760365","135.35731506347656","23558300","GOOGL","Alphabet Inc. (GOOGL) Historical Data"
"2023-09-11 00:00:00-04:00","135.51604859621148","136.44900174396227","134.77167301803075","135.89320373535156","20763400","GOOGL","Alphabet Inc. (GOOGL) Historical Data"
"2023-09-12 00:00:00-04:00","135.23815692482054","135.84358303367614","134.17618891743425","134.32505798339844","18405500","GOOGL","Alphabet Inc. (GOOGL) Historical Data"
"2023-09-13 00:00:00-04:00","134.07695258141447","135.87337691641153","133.1439992452725","135.684814453125","20749500","GOOGL","Alphabet Inc. (GOOGL) Historical Data"
"2023-09-14 00:00:00-04:00","136.56812639378708","137.65986826915892","135.21832459864476","137.0643768310547","24751000","GOOGL","Alphabet Inc. (GOOGL) Historical Data"
"2023-09-15 00:00:00-04:00","136.94526597009013","137.48122492138967","135.45651466326473","136.36961364746094","38919600","GOOGL","Alphabet Inc. (GOOGL) Historical Data"
"2023-09-18 00:00:00-04:00","135.58554599898608","138.11642627515133","135.58554599898608","137.17355346679688","21861300","GOOGL","Alphabet Inc. (GOOGL) Historical Data"
"2023-09-19 00:00:00-04:00","136.38949123690924","137.3720727194704","135.59548737523636","137.0048370361328","20353700","GOOGL","Alphabet Inc. (GOOGL) Historical Data"
"2023-09-20 00:00:00-04:00","137.04452607661787","137.04452607661787","132.61796539950902","132.73707580566406","29927500","GOOGL","Alphabet Inc. (GOOGL) Historical Data"
"2023-09-21 00:00:00-04:00","130.45433880616167","131.23840796235106","129.09461723083658","129.4618377685547","31503900","GOOGL","Alphabet Inc. (GOOGL) Historical Data"
"2023-09-22 00:00:00-04:00","129.7794091306759","131.03988948397537","128.62811962390344","129.2732391357422","26397300","GOOGL","Alphabet Inc. (GOOGL) Historical Data"
"2023-09-25 00:00:00-04:00","128.85640052897944","130.1863481711838","127.99292954617495","130.12680053710938","20094600","GOOGL","Alphabet Inc. (GOOGL) Historical Data"
"2023-09-26 00:00:00-04:00","128.79684829173706","129.3824201983576","126.2659679234884","127.60585021972656","25718700","GOOGL","Alphabet Inc. (GOOGL) Historical Data"
"2023-09-27 00:00:00-04:00","127.60586778894698","129.918381917851","127.60586778894698","129.5610809326172","22746500","GOOGL","Alphabet Inc. (GOOGL) Historical Data"
"2023-09-28 00:00:00-04:00","128.86630133263088","132.30036079333664","128.816673263337","131.31777954101562","22513100","GOOGL","Alphabet Inc. (GOOGL) Historical Data"
"2023-09-29 00:00:00-04:00","132.28052789506322","133.04475788137387","129.38242688382053","129.87867736816406","30859800","GOOGL","Alphabet Inc. (GOOGL) Historical Data"
"2023-10-02 00:00:00-04:00","130.2260695069411","133.41198939838114","130.18636098407492","133.1638641357422","22288000","GOOGL","Alphabet Inc. (GOOGL) Historical Data"
"2023-10-03 00:00:00-04:00","132.93556029819106","133.2531526808512","130.85130254910973","131.43687438964844","22989400","GOOGL","Alphabet Inc. (GOOGL) Historical Data"
"2023-10-04 00:00:00-04:00","131.7942056872754","134.5533724955719","131.53616087031648","134.22584533691406","26752300","GOOGL","Alphabet Inc. (GOOGL) Historical Data"
"2023-10-05 00:00:00-04:00","134.0570831298828","134.47393162618556","132.4492216220185","134.0570831298828","19832600","GOOGL","Alphabet Inc. (GOOGL) Historical Data"
"2023-10-06 00:00:00-04:00","133.00504324406194","137.123931161278","133.00504324406194","136.54827880859375","27597600","GOOGL","Alphabet Inc. (GOOGL) Historical Data"
"2023-10-09 00:00:00-04:00","135.9130912652546","137.89809329303546","134.59306309945669","137.38198852539062","19278100","GOOGL","Alphabet Inc. (GOOGL) Historical Data"
"2023-10-10 00:00:00-04:00","137.46139159362946","138.6722440524293","136.3001672148192","137.02468872070312","27786600","GOOGL","Alphabet Inc. (GOOGL) Historical Data"
"2023-10-11 00:00:00-04:00","137.54077424532727","140.05180026889775","137.54077424532727","139.49600219726562","25884300","GOOGL","Alphabet Inc. (GOOGL) Historical Data"
"2023-10-12 00:00:00-04:00","139.9922602118785","140.16098355386808","137.2231741164266","137.9278564453125","24765500","GOOGL","Alphabet Inc. (GOOGL) Historical Data"
"2023-10-13 00:00:00-04:00","138.33479709793974","138.95014288451765","135.59548458868076","136.32994079589844","23420500","GOOGL","Alphabet Inc. (GOOGL) Historical Data"
"2023-10-16 00:00:00-04:00","137.13385103003665","138.58290904447986","136.9552081327783","138.056884765625","28501900","GOOGL","Alphabet Inc. (GOOGL) Historical Data"
"2023-10-17 00:00:00-04:00","137.5904036136543","138.85086884355698","136.1512652036196","138.67222595214844","23515800","GOOGL","Alphabet Inc. (GOOGL) Historical Data"
"2023-10-18 00:00:00-04:00","138.40423151715302","139.66471175523216","136.3497627661158","136.9254150390625","23375000","GOOGL","Alphabet Inc. (GOOGL) Historical Data"
"2023-10-19 00:00:00-04:00","137.4613862357858","138.61269101146914","136.3497899802919","136.71701049804688","26066000","GOOGL","Alphabet Inc. (GOOGL) Historical Data"
"2023-10-20 00:00:00-04:00","136.30015222216522","136.83609605175457","134.06702516754572","134.5831298828125","26335700","GOOGL","Alphabet Inc. (GOOGL) Historical Data"
"2023-10-23 00:00:00-04:00","134.0273213470116","136.6276841287948","132.94549894839827","135.47637939453125","26317900","GOOGL","Alphabet Inc. (GOOGL) Historical Data"
"2023-10-24 00:00:00-04:00","136.79642666132818","138.31495211314203","136.38949758094284","137.76907348632812","44814300","GOOGL","Alphabet Inc. (GOOGL) Historical Data"
"2023-10-25 00:00:00-04:00","127.19892549752396","127.34779458240867","124.13209362181638","124.66804504394531","84366200","GOOGL","Alphabet Inc. (GOOGL) Historical Data"
"2023-10-26 00:00:00-04:00","122.34559572670734","123.39765194257097","120.36059371391482","121.36302185058594","57061100","GOOGL","Alphabet Inc. (GOOGL) Historical Data"
"2023-10-27 00:00:00-04:00","121.95851234164765","122.3852880471967","119.30853665872229","121.25383758544922","44566500","GOOGL","Alphabet Inc. (GOOGL) Historical Data"
"2023-10-30 00:00:00-04:00","122.28604612521336","124.45962571740641","121.82949657826617","123.52667236328125","28940100","GOOGL","Alphabet Inc. (GOOGL) Historical Data"
"2023-10-31 00:00:00-04:00","124.12215988427495","124.42984031174664","121.76993760214455","123.1495132446289","26292300","GOOGL","Alphabet Inc. (GOOGL) Historical Data"
"2023-11-01 00:00:00-04:00","123.13959001581209","125.54144044779346","122.79221620493564","125.50173950195312","30082400","GOOGL","Alphabet Inc. (GOOGL) Historical Data"
"2023-11-02 00:00:00-04:00","127.4569770417309","128.01277518054732","125.97815266684763","126.53395080566406","27124600","GOOGL","Alphabet Inc. (GOOGL) Historical Data"
"2023-11-03 00:00:00-04:00","127.05997884535377","128.55864986310226","126.90117505497481","128.1318817138672","26393100","GOOGL","Alphabet Inc. (GOOGL) Historical Data"
"2023-11-06 00:00:00-05:00","128.08224111307598","129.3625605799608","127.7050859338931","129.2732391357422","19052700","GOOGL","Alphabet Inc. (GOOGL) Historical Data"
"2023-11-07 00:00:00-05:00","129.729793973687","130.92079197589274","128.9060164432014","129.9878387451172","29757300","GOOGL","Alphabet Inc. (GOOGL) Historical Data"
"2023-11-08 00:00:00-05:00","129.98784740054361","131.21855399990926","129.7992698016351","130.851318359375","26425800","GOOGL","Alphabet Inc. (GOOGL) Historical Data"
"2023-11-09 00:00:00-05:00","130.97043911965648","131.55601107722748","129.09461282832507","129.26333618164062","23747800","GOOGL","Alphabet Inc. (GOOGL) Historical Data"
"2023-11-10 00:00:00-05:00","129.12437037075154","131.80411971424755","128.43954234138178","131.59568786621094","26913300","GOOGL","Alphabet Inc. (GOOGL) Historical Data"
"2023-11-13 00:00:00-05:00","130.79178389238834","131.59570729972106","130.26575956056902","131.09945678710938","18324800","GOOGL","Alphabet Inc. (GOOGL) Historical Data"
"2023-11-14 00:00:00-05:00","133.18368315787652","134.68235389570876","132.32021231855677","132.61795043945312","32395200","GOOGL","Alphabet Inc. (GOOGL) Historical Data"
"2023-11-15 00:00:00-05:00","133.8585988714082","134.01740265875648","132.56835974620077","133.6104736328125","23861500","GOOGL","Alphabet Inc. (GOOGL) Historical Data"
"2023-11-16 00:00:00-05:00","134.17621044610362","136.1909862320152","133.3127394362453","135.9031524658203","28013200","GOOGL","Alphabet Inc. (GOOGL) Historical Data"
"2023-11-17 00:00:00-05:00","134.98014677126227","135.03969441291596","132.64776317739535","134.29531860351562","37240600","GOOGL","Alphabet Inc. (GOOGL) Historical Data"
"2023-11-20 00:00:00-05:00","132.6874262389035","135.63515464570202","132.61794391787106","135.2282257080078","27815500","GOOGL","Alphabet Inc. (GOOGL) Historical Data"
"2023-11-21 00:00:00-05:00","135.26793213333067","136.1512572706716","134.94042018483108","135.94284057617188","22635300","GOOGL","Alphabet Inc. (GOOGL) Historical Data"
"2023-11-22 00:00:00-05:00","136.43909143782605","138.3744650434286","136.43909143782605","137.45144653320312","17813900","GOOGL","Alphabet Inc. (GOOGL) Historical Data"
"2023-11-24 00:00:00-05:00","136.994895052353","137.0941511979509","134.9701999236649","135.66494750976562","12514300","GOOGL","Alphabet Inc. (GOOGL) Historical Data"
"2023-11-27 00:00:00-05:00","135.00988403041387","137.38196036155256","134.98011021765","135.3870391845703","23436500","GOOGL","Alphabet Inc. (GOOGL) Historical Data"
"2023-11-28 00:00:00-05:00","135.0595159672369","136.22074013136128","134.40446177895313","136.17111206054688","18730000","GOOGL","Alphabet Inc. (GOOGL) Historical Data"
"2023-11-29 00:00:00-05:00","136.53836114342","137.25294788509495","133.8288226820438","133.9777069091797","23967200","GOOGL","Alphabet Inc. (GOOGL) Historical Data"
"2023-11-30 00:00:00-05:00","134.03725467489437","134.53350514378005","130.29552189907486","131.53614807128906","38988300","GOOGL","Alphabet Inc. (GOOGL) Historical Data"
"2023-12-01 00:00:00-05:00","130.87115478515625","131.11927998267518","129.69007642186855","130.87115478515625","31442300","GOOGL","Alphabet Inc. (GOOGL) Historical Data"
"2023-12-04 00:00:00-05:00","128.90602431139112","129.05489339161807","126.94086915840347","128.30059814453125","36669900","GOOGL","Alphabet Inc. (GOOGL) Historical Data"
"2023-12-05 00:00:00-05:00","127.98299525723667","131.14907573021983","127.28824761685543","130.00770568847656","27384800","GOOGL","Alphabet Inc. (GOOGL) Historical Data"
"2023-12-06 00:00:00-05:00","130.45433249808588","130.85132683618656","128.9060333773847","129.04498291015625","23576200","GOOGL","Alphabet Inc. (GOOGL) Historical Data"
"2023-12-07 00:00:00-05:00","134.02732621189014","137.52093391588886","133.68987951198724","135.9031524658203","56767100","GOOGL","Alphabet Inc. (GOOGL) Historical Data"
"2023-12-08 00:00:00-05:00","133.19362268827305","135.37712172033739","133.02489934634232","133.9777069091797","32260100","GOOGL","Alphabet Inc. (GOOGL) Historical Data"
"2023-12-11 00:00:00-05:00","131.3872714988426","132.3400638639477","130.37491635960205","132.29043579101562","31138000","GOOGL","Alphabet Inc. (GOOGL) Historical Data"
"2023-12-12 00:00:00-05:00","130.82154752185775","132.00262607297714","130.2756689716308","131.52622985839844","29032800","GOOGL","Alphabet Inc. (GOOGL) Historical Data"
"2023-12-13 00:00:00-05:00","132.37979009748466","132.49888537297187","130.583365685189","131.57586669921875","30104800","GOOGL","Alphabet Inc. (GOOGL) Historical Data"
"2023-12-14 00:00:00-05:00","132.37978056258655","132.71722724840416","128.71744966150473","130.95057678222656","38722400","GOOGL","Alphabet Inc. (GOOGL) Historical Data"
"2023-12-15 00:00:00-05:00","130.63298987398628","132.508816346324","130.19628696709455","131.60565185546875","50847100","GOOGL","Alphabet Inc. (GOOGL) Historical Data"
"2023-12-18 00:00:00-05:00","131.63540528883573","136.1214986599511","131.43689298418388","134.78163146972656","32258000","GOOGL","Alphabet Inc. (GOOGL) Historical Data"
"2023-12-19 00:00:00-05:00","135.81382173780045","136.43910216120065","135.05952649346082","135.625244140625","25476800","GOOGL","Alphabet Inc. (GOOGL) Historical Data"
"2023-12-20 00:00:00-05:00","137.9278469217378","140.63737005261123","137.03460219773686","137.3025665283203","49107200","GOOGL","Alphabet Inc. (GOOGL) Historical Data"
"2023-12-21 00:00:00-05:00","138.44395531377506","139.63495335905975","138.1362673150206","139.36697387695312","27488300","GOOGL","Alphabet Inc. (GOOGL) Historical Data"
"2023-12-22 00:00:00-05:00","139.7143532323911","140.92520551853121","139.6548056026402","140.428955078125","26532200","GOOGL","Alphabet Inc. (GOOGL) Historical Data"
"2023-12-26 00:00:00-05:00","140.52820742657298","141.6100298393638","140.13121309993724","140.458740234375","16780300","GOOGL","Alphabet Inc. (GOOGL) Historical Data"
"2023-12-27 00:00:00-05:00","140.5281892635429","141.01452012352266","138.84094087687075","139.3173370361328","19628600","GOOGL","Alphabet Inc. (GOOGL) Historical Data"
"2023-12-28 00:00:00-05:00","139.72428432008698","140.0815852724405","138.70200954003505","139.17840576171875","16045700","GOOGL","Alphabet Inc. (GOOGL) Historical Data"
"2023-12-29 00:00:00-05:00","138.5829084225353","139.3074298543242","137.73927658207975","138.6424560546875","18733000","GOOGL","Alphabet Inc. (GOOGL) Historical Data"
"2024-01-02 00:00:00-05:00","137.51098999214332","138.40423466169574","135.45650605006813","137.1338348388672","23711200","GOOGL","Alphabet Inc. (GOOGL) Historical Data"
"2024-01-03 00:00:00-05:00","136.2207449621666","138.58290188858055","136.05202163090297","137.8782196044922","24212100","GOOGL","Alphabet Inc. (GOOGL) Historical Data"
"2024-01-04 00:00:00-05:00","137.38197845779115","138.11643460621872","135.32750938466225","135.36720275878906","27137700","GOOGL","Alphabet Inc. (GOOGL) Historical Data"
"2024-01-05 00:00:00-05:00","135.72448272950774","136.13141168714577","134.13647541130874","134.71212768554688","22513900","GOOGL","Alphabet Inc. (GOOGL) Historical Data"
"2024-01-08 00:00:00-05:00","135.26793269762982","137.9675361915349","135.23815888400566","137.79881286621094","21404000","GOOGL","Alphabet Inc. (GOOGL) Historical Data"
"2024-01-09 00:00:00-05:00","137.46139607476167","140.42897968026014","137.11401464787397","139.8930206298828","24759600","GOOGL","Alphabet Inc. (GOOGL) Historical Data"
"2024-01-10 00:00:00-05:00","139.94262800363174","141.9276298192861","139.85330655657418","141.21302795410156","21320200","GOOGL","Alphabet Inc. (GOOGL) Historical Data"
"2024-01-11 00:00:00-05:00","142.41395623786542","144.13097851399309","139.58532268175995","141.0145263671875","24008700","GOOGL","Alphabet Inc. (GOOGL) Historical Data"
"2024-01-12 00:00:00-05:00","141.60011549083978","142.12613980794654","140.75649872961355","141.58026123046875","18785500","GOOGL","Alphabet Inc. (GOOGL) Historical Data"
"2024-01-16 00:00:00-05:00","140.93514731118603","143.267530806828","140.38926871174172","141.42147827148438","22670500","GOOGL","Alphabet Inc. (GOOGL) Historical Data"
"2024-01-17 00:00:00-05:00","140.29000813187008","140.77632387999014","137.85836881382235","140.4091033935547","20968600","GOOGL","Alphabet Inc. (GOOGL) Historical Data"
"2024-01-18 00:00:00-05:00","140.9847683324612","143.12857410055258","140.92522069629695","142.40403747558594","25746400","GOOGL","Alphabet Inc. (GOOGL) Historical Data"
"2024-01-19 00:00:00-05:00","143.65457162828704","145.35173951998564","143.29727073355673","145.2822723388672","34271900","GOOGL","Alphabet Inc. (GOOGL) Historical Data"
"2024-01-22 00:00:00-05:00","145.99689454630132","147.2772140972634","144.7463336676715","144.8952178955078","32200400","GOOGL","Alphabet Inc. (GOOGL) Historical Data"
"2024-01-23 00:00:00-05:00","144.795946985928","146.07626640639913","144.40887226398453","145.93731689453125","21636100","GOOGL","Alphabet Inc. (GOOGL) Historical Data"
"2024-01-24 00:00:00-05:00","147.42609610314366","148.72628517168496","146.98940837188923","147.58489990234375","25233500","GOOGL","Alphabet Inc. (GOOGL) Historical Data"
"2024-01-25 00:00:00-05:00","148.94462008165343","151.90226857782716","148.41858066213035","150.73110961914062","29149100","GOOGL","Alphabet Inc. (GOOGL) Historical Data"
"2024-01-26 00:00:00-05:00","149.96691406707075","151.39610285165156","149.87757746323862","151.04873657226562","26115500","GOOGL","Alphabet Inc. (GOOGL) Historical Data"
"2024-01-29 00:00:00-05:00","150.919687123006","152.62678991300623","150.29440669865645","152.3588104248047","27784300","GOOGL","Alphabet Inc. (GOOGL) Historical Data"
"2024-01-30 00:00:00-05:00","151.65415115558076","152.46799407543287","150.05622398904708","150.32420349121094","36331800","GOOGL","Alphabet Inc. (GOOGL) Historical Data"
"2024-01-31 00:00:00-05:00","142.5429852293833","142.9201404462014","138.82110657193016","139.0493927001953","71910000","GOOGL","Alphabet Inc. (GOOGL) Historical Data"
"2024-02-01 00:00:00-05:00","141.0542328791591","141.9871862131904","139.73420477296187","140.1014404296875","40466500","GOOGL","Alphabet Inc. (GOOGL) Historical Data"
"2024-02-02 00:00:00-05:00","138.21568812094753","141.55049219078217","135.47639072744062","141.3123016357422","62499600","GOOGL","Alphabet Inc. (GOOGL) Historical Data"
"2024-02-05 00:00:00-05:00","141.74900272521677","144.37912436638035","141.70929420363484","142.6025390625","38505400","GOOGL","Alphabet Inc. (GOOGL) Historical Data"
"2024-02-06 00:00:00-05:00","143.56525733160348","144.2699396743933","142.11621441563744","143.01939392089844","29128200","GOOGL","Alphabet Inc. (GOOGL) Historical Data"
"2024-02-07 00:00:00-05:00","143.67441319432578","144.52796450496214","142.85063569672877","144.4485626220703","25208900","GOOGL","Alphabet Inc. (GOOGL) Historical Data"
"2024-02-08 00:00:00-05:00","144.73640926724323","145.2326597213676","144.01188784464298","144.81581115722656","22563800","GOOGL","Alphabet Inc. (GOOGL) Historical Data"
"2024-02-09 00:00:00-05:00","145.58003513170593","148.31934750358255","145.08378464629212","147.8826446533203","26829500","GOOGL","Alphabet Inc. (GOOGL) Historical Data"
"2024-02-12 00:00:00-05:00","147.3069701451041","148.2200690837802","146.26484125340653","146.42364501953125","21564100","GOOGL","Alphabet Inc. (GOOGL) Historical Data"
"2024-02-13 00:00:00-05:00","143.83323854119595","145.57011523611322","142.61246659033287","144.0515899658203","27837700","GOOGL","Alphabet Inc. (GOOGL) Historical Data"
"2024-02-14 00:00:00-05:00","144.98451529888237","145.4212180637919","143.00943330099065","144.84556579589844","22704200","GOOGL","Alphabet Inc. (GOOGL) Historical Data"
"2024-02-15 00:00:00-05:00","142.06660715828437","142.4437624233043","139.40671147377435","141.6993865966797","37590700","GOOGL","Alphabet Inc. (GOOGL) Historical Data"
"2024-02-16 00:00:00-05:00","141.9177262893279","142.11622346443778","139.08909232483043","139.46624755859375","31468900","GOOGL","Alphabet Inc. (GOOGL) Historical Data"
"2024-02-20 00:00:00-05:00","138.6126789723254","141.01452932682773","138.44395563708255","140.0617218017578","25144700","GOOGL","Alphabet Inc. (GOOGL) Historical Data"
"2024-02-21 00:00:00-05:00","140.38924578700608","141.61995232438937","139.62501587257833","141.4810028076172","23223300","GOOGL","Alphabet Inc. (GOOGL) Historical Data"
"2024-02-22 00:00:00-05:00","143.84314227764477","143.9126246070933","141.72912574537517","143.0094451904297","27191900","GOOGL","Alphabet Inc. (GOOGL) Historical Data"
"2024-02-23 00:00:00-05:00","142.5926288514205","143.5950494938004","142.35442313940538","142.88046264648438","19493800","GOOGL","Alphabet Inc. (GOOGL) Historical Data"
"2024-02-26 00:00:00-05:00","141.07408198356765","141.37183529228255","136.35970255272923","136.53836059570312","53641800","GOOGL","Alphabet Inc. (GOOGL) Historical Data"
"2024-02-27 00:00:00-05:00","136.9849952684124","138.20576728479702","136.06196144307498","137.8385467529297","33099200","GOOGL","Alphabet Inc. (GOOGL) Historical Data"
"2024-02-28 00:00:00-05:00","136.86590594520732","136.97508168020838","134.3945877123851","135.35731506347656","37328600","GOOGL","Alphabet Inc. (GOOGL) Historical Data"
"2024-02-29 00:00:00-05:00","136.25051773823296","137.8186709245879","135.37711212953872","137.4216766357422","42133000","GOOGL","Alphabet Inc. (GOOGL) Historical Data"
"2024-03-01 00:00:00-05:00","137.39190716020826","137.82861002648335","135.89323609127652","136.11158752441406","31151100","GOOGL","Alphabet Inc. (GOOGL) Historical Data"
"2024-03-04 00:00:00-05:00","134.64268084656484","134.64268084656484","130.9208023300921","132.35000610351562","55999400","GOOGL","Alphabet Inc. (GOOGL) Historical Data"
"2024-03-05 00:00:00-05:00","130.89102554499024","132.2408273954596","129.69009277405854","131.6750946044922","40194800","GOOGL","Alphabet Inc. (GOOGL) Historical Data"
"2024-03-06 00:00:00-05:00","132.12171457090452","132.57827164707297","129.86874843851078","130.41461181640625","35318600","GOOGL","Alphabet Inc. (GOOGL) Historical Data"
"2024-03-07 00:00:00-05:00","131.79418082018677","133.92806672802465","130.6230370899261","133.3722686767578","37738200","GOOGL","Alphabet Inc. (GOOGL) Historical Data"
"2024-03-08 00:00:00-05:00","133.20356361663008","137.05445713321666","132.99513174664168","134.39456176757812","39370400","GOOGL","Alphabet Inc. (GOOGL) Historical Data"
"2024-03-11 00:00:00-04:00","135.10914387452527","138.05687257387362","135.10914387452527","136.63758850097656","32437800","GOOGL","Alphabet Inc. (GOOGL) Historical Data"
"2024-03-12 00:00:00-04:00","136.0024024134986","138.33478567710262","136.0024024134986","137.4613800048828","27563400","GOOGL","Alphabet Inc. (GOOGL) Historical Data"
"2024-03-13 00:00:00-04:00","137.95763014261004","140.03195346478358","137.94771058521772","138.74169921875","23347200","GOOGL","Alphabet Inc. (GOOGL) Historical Data"
"2024-03-14 00:00:00-04:00","140.13122067260912","142.513217049872","139.40669917238256","142.0269012451172","42753400","GOOGL","Alphabet Inc. (GOOGL) Historical Data"
"2024-03-15 00:00:00-04:00","141.43138537879798","142.10627875552206","138.97990682068314","140.12127685546875","49475400","GOOGL","Alphabet Inc. (GOOGL) Historical Data"
"2024-03-18 00:00:00-04:00","147.495543377708","151.00898951960397","146.0663398134248","146.572509765625","69273700","GOOGL","Alphabet Inc. (GOOGL) Historical Data"
"2024-03-19 00:00:00-04:00","147.04896023982576","147.6742256075683","144.9845562239412","145.92742919921875","24070400","GOOGL","Alphabet Inc. (GOOGL) Historical Data"
"2024-03-20 00:00:00-04:00","146.89014708409312","147.74369854454548","145.63960128386148","147.62460327148438","21311500","GOOGL","Alphabet Inc. (GOOGL) Historical Data"
"2024-03-21 00:00:00-04:00","148.34910531390932","149.24235003352564","145.79837082481882","146.49313354492188","24755600","GOOGL","Alphabet Inc. (GOOGL) Historical Data"
"2024-03-22 00:00:00-04:00","148.0017381108715","150.4432971327226","147.86278858243205","149.63937377929688","29211800","GOOGL","Alphabet Inc. (GOOGL) Historical Data"
"2024-03-25 00:00:00-04:00","148.8155806383432","149.25228343768953","146.71148367170483","148.94461059570312","19229300","GOOGL","Alphabet Inc. (GOOGL) Historical Data"
"2024-03-26 00:00:00-04:00","149.0934777474766","151.11817280232611","148.85527209334566","149.54010009765625","22149100","GOOGL","Alphabet Inc. (GOOGL) Historical Data"
"2024-03-27 00:00:00-04:00","150.04625924159342","150.502816259623","147.7833586959996","149.73858642578125","22879200","GOOGL","Alphabet Inc. (GOOGL) Historical Data"
"2024-03-28 00:00:00-04:00","149.71876999163942","150.2944071987847","149.0438614902864","149.79815673828125","24485400","GOOGL","Alphabet Inc. (GOOGL) Historical Data"
"2024-04-01 00:00:00-04:00","149.5599671303415","154.57209984115423","149.48056523884867","154.323974609375","31730800","GOOGL","Alphabet Inc. (GOOGL) Historical Data"
"2024-04-02 00:00:00-04:00","152.34889138814307","153.53988946458512","151.0090090869194","153.40093994140625","24586000","GOOGL","Alphabet Inc. (GOOGL) Historical Data"
"2024-04-03 00:00:00-04:00","152.44816154374408","153.91705880149465","151.58467536489442","153.7582550048828","24705000","GOOGL","Alphabet Inc. (GOOGL) Historical Data"
"2024-04-04 00:00:00-04:00","152.34889789636918","153.60937836042848","149.3217669288391","149.4011688232422","34724700","GOOGL","Alphabet Inc. (GOOGL) Historical Data"
"2024-04-05 00:00:00-04:00","148.90492090258869","152.26949862092886","148.47815275024013","151.3563995361328","23459200","GOOGL","Alphabet Inc. (GOOGL) Historical Data"
"2024-04-08 00:00:00-04:00","151.63431250953576","154.10564562982418","151.46558914468523","153.6887969970703","20702000","GOOGL","Alphabet Inc. (GOOGL) Historical Data"
"2024-04-09 00:00:00-04:00","154.91947398862214","157.37095261531294","154.02622916635622","155.4256591796875","31079500","GOOGL","Alphabet Inc. (GOOGL) Historical Data"
"2024-04-10 00:00:00-04:00","155.03858328938844","155.43557761990488","153.52004287147383","154.96910095214844","22838600","GOOGL","Alphabet Inc. (GOOGL) Historical Data"
"2024-04-11 00:00:00-04:00","155.73333190851926","158.48254871038773","155.28670949781988","158.21458435058594","27166400","GOOGL","Alphabet Inc. (GOOGL) Historical Data"
"2024-04-12 00:00:00-04:00","156.7754510311415","159.0184976446993","155.9615930124083","156.5471649169922","25353700","GOOGL","Alphabet Inc. (GOOGL) Historical Data"
"2024-04-15 00:00:00-04:00","157.6687038087309","158.0458590213951","153.43072045036504","153.69869995117188","27136500","GOOGL","Alphabet Inc. (GOOGL) Historical Data"
"2024-04-16 00:00:00-04:00","153.03372500347797","154.4827679200494","152.27941458366453","153.2421417236328","20779500","GOOGL","Alphabet Inc. (GOOGL) Historical Data"
"2024-04-17 00:00:00-04:00","154.45299200861103","155.902050049897","153.42079769070784","154.3041229248047","21763100","GOOGL","Alphabet Inc. (GOOGL) Historical Data"
"2024-04-18 00:00:00-04:00","154.17509879172633","155.76310641946125","153.4604968736819","154.84007263183594","19883000","GOOGL","Alphabet Inc. (GOOGL) Historical Data"
"2024-04-19 00:00:00-04:00","155.02865652078847","155.18746031886693","151.15790859489965","152.93447875976562","32615600","GOOGL","Alphabet Inc. (GOOGL) Historical Data"
"2024-04-22 00:00:00-04:00","153.15281939939192","156.45784938513543","152.90469416152254","155.10804748535156","26446200","GOOGL","Alphabet Inc. (GOOGL) Historical Data"
"2024-04-23 00:00:00-04:00","155.78295727916927","157.7778787559541","155.10804875158632","157.0731964111328","21151600","GOOGL","Alphabet Inc. (GOOGL) Historical Data"
"2024-04-24 00:00:00-04:00","156.30896002310516","158.37336355169876","155.99135249053967","157.93666076660156","22779100","GOOGL","Alphabet Inc. (GOOGL) Historical Data"
"2024-04-25 00:00:00-04:00","150.1951766135992","155.31648535594996","149.73861949474144","154.8301544189453","57109700","GOOGL","Alphabet Inc. (GOOGL) Historical Data"
"2024-04-26 00:00:00-04:00","173.06240370866433","173.39986557629047","168.37779752849133","170.66055297851562","64665300","GOOGL","Alphabet Inc. (GOOGL) Historical Data"
"2024-04-29 00:00:00-04:00","167.79220353593925","168.27853443993808","163.97108407090454","164.90402221679688","45610000","GOOGL","Alphabet Inc. (GOOGL) Historical Data"
"2024-04-30 00:00:00-04:00","164.3680750249459","166.83940772348186","161.38065276118826","161.55929565429688","33562900","GOOGL","Alphabet Inc. (GOOGL) Historical Data"
"2024-05-01 00:00:00-04:00","163.0679131791334","165.86675805283966","161.86698033617475","162.63121032714844","33493200","GOOGL","Alphabet Inc. (GOOGL) Historical Data"
"2024-05-02 00:00:00-04:00","163.554205062763","165.47965909547895","162.66096037377721","165.3704833984375","24294500","GOOGL","Alphabet Inc. (GOOGL) Historical Data"
"2024-05-03 00:00:00-04:00","166.30347808978453","166.70048760732448","161.82730368311948","165.9858856201172","34662400","GOOGL","Alphabet Inc. (GOOGL) Historical Data"
"2024-05-06 00:00:00-04:00","166.20420129812592","166.87909461614606","164.7849171879721","166.8394012451172","21871300","GOOGL","Alphabet Inc. (GOOGL) Historical Data"
"2024-05-07 00:00:00-04:00","167.23639713482265","170.47194452949657","167.12722143299578","169.9657745361328","28039700","GOOGL","Alphabet Inc. (GOOGL) Historical Data"
"2024-05-08 00:00:00-04:00","167.7326775183217","168.87404766854095","167.4746326971877","168.10983276367188","19569100","GOOGL","Alphabet Inc. (GOOGL) Historical Data"
"2024-05-09 00:00:00-04:00","168.11973776202532","169.40999204467994","166.9188049315239","168.6854705810547","15346700","GOOGL","Alphabet Inc. (GOOGL) Historical Data"
"2024-05-10 00:00:00-04:00","166.76992345897793","168.57628234941276","164.94372545466877","167.38526916503906","29799900","GOOGL","Alphabet Inc. (GOOGL) Historical Data"
"2024-05-13 00:00:00-04:00","163.02820299532175","168.0105620780994","162.77015819649304","167.87161254882812","31327600","GOOGL","Alphabet Inc. (GOOGL) Historical Data"
"2024-05-14 00:00:00-04:00","168.49690435742923","169.96580164362084","167.5341771453294","169.0626220703125","25127100","GOOGL","Alphabet Inc. (GOOGL) Historical Data"
"2024-05-15 00:00:00-04:00","169.35043246910703","171.35527337198997","169.23132206360498","171.21632385253906","26948400","GOOGL","Alphabet Inc. (GOOGL) Historical Data"
"2024-05-16 00:00:00-04:00","171.99048456648705","173.8067631392547","171.3949930775493","172.87380981445312","27867900","GOOGL","Alphabet Inc. (GOOGL) Historical Data"
"2024-05-17 00:00:00-04:00","172.87380893604973","174.94814744007684","172.387493160876","174.73971557617188","24479300","GOOGL","Alphabet Inc. (GOOGL) Historical Data"
"2024-05-20 00:00:00-04:00","174.86875548022488","177.42940990488938","174.75957976328465","175.59327697753906","22554400","GOOGL","Alphabet Inc. (GOOGL) Historical Data"
"2024-05-21 00:00:00-04:00","175.57340838811095","176.81403455010823","174.49158600949627","176.51629638671875","16989400","GOOGL","Alphabet Inc. (GOOGL) Historical Data"
"2024-05-22 00:00:00-04:00","175.31535679142465","175.82152679389606","173.89608778649955","175.05731201171875","17880000","GOOGL","Alphabet Inc. (GOOGL) Historical Data"
"2024-05-23 00:00:00-04:00","175.7421737201289","176.9133177266682","171.65305896735296","172.24856567382812","21024900","GOOGL","Alphabet Inc. (GOOGL) Historical Data"
"2024-05-24 00:00:00-04:00","173.6678149317287","174.45189917635065","172.34778682854989","173.67774963378906","16579400","GOOGL","Alphabet Inc. (GOOGL) Historical Data"
"2024-05-28 00:00:00-04:00","173.14178984862892","175.94064983167806","173.06238795431943","175.07716369628906","20572200","GOOGL","Alphabet Inc. (GOOGL) Historical Data"
"2024-05-29 00:00:00-04:00","174.1144254654683","175.51385536789155","173.4097583079271","174.58090209960938","23388700","GOOGL","Alphabet Inc. (GOOGL) Historical Data"
"2024-05-30 00:00:00-04:00","173.88616018139018","173.90601444044296","170.50172837010513","170.8193359375","22931500","GOOGL","Alphabet Inc. (GOOGL) Historical Data"
"2024-05-31 00:00:00-04:00","170.57120566797727","171.76220372181547","168.16935530183432","171.20640563964844","37638900","GOOGL","Alphabet Inc. (GOOGL) Historical Data"
"2024-06-03 00:00:00-04:00","171.24611844022382","173.22120091176382","169.8764773378859","171.87139892578125","27459100","GOOGL","Alphabet Inc. (GOOGL) Historical Data"
"2024-06-04 00:00:00-04:00","171.9805700601862","172.54630289287442","170.60099429207042","172.4867401123047","26879600","GOOGL","Alphabet Inc. (GOOGL) Historical Data"
"2024-06-05 00:00:00-04:00","173.88615737761106","175.32528067630372","172.62567697442577","174.09458923339844","22068500","GOOGL","Alphabet Inc. (GOOGL) Historical Data"
"2024-06-06 00:00:00-04:00","174.5809159744427","175.8215421969568","174.43204688548622","175.40469360351562","23251000","GOOGL","Alphabet Inc. (GOOGL) Historical Data"
"2024-06-07 00:00:00-04:00","175.72230738756323","176.53615034318676","172.99292960170388","173.1517333984375","19661400","GOOGL","Alphabet Inc. (GOOGL) Historical Data"
"2024-06-10 00:00:00-04:00","173.85721846258227","175.9339227397018","171.66126705733578","173.89695739746094","23726700","GOOGL","Alphabet Inc. (GOOGL) Historical Data"
"2024-06-11 00:00:00-04:00","175.0992389145037","175.71529085184466","172.66482398993008","175.49668884277344","21540600","GOOGL","Alphabet Inc. (GOOGL) Historical Data"
"2024-06-12 00:00:00-04:00","177.11633707085997","179.2626031953618","174.9899479924397","176.6592559814453","27864700","GOOGL","Alphabet Inc. (GOOGL) Historical Data"
"2024-06-13 00:00:00-04:00","174.98994497931662","175.61594304528666","173.76777199685736","174.04598999023438","20913300","GOOGL","Alphabet Inc. (GOOGL) Historical Data"
"2024-06-14 00:00:00-04:00","173.1119567987189","175.93389067490244","173.04239472317744","175.6656036376953","18063600","GOOGL","Alphabet Inc. (GOOGL) Historical Data"
"2024-06-17 00:00:00-04:00","174.34406932448942","177.22561906564368","173.69819427096027","176.1127471923828","19618500","GOOGL","Alphabet Inc. (GOOGL) Historical Data"
"2024-06-18 00:00:00-04:00","176.01340565485404","176.2618156783684","172.99274644008725","173.9764404296875","21869900","GOOGL","Alphabet Inc. (GOOGL) Historical Data"
"2024-06-20 00:00:00-04:00","174.25464833709086","176.1624353876285","173.8770754332329","175.17874145507812","20160100","GOOGL","Alphabet Inc. (GOOGL) Historical Data"
"2024-06-21 00:00:00-04:00","175.87427091141254","179.6997907784199","175.48675193790794","178.487548828125","57759000","GOOGL","Alphabet Inc. (GOOGL) Historical Data"
"2024-06-24 00:00:00-04:00","179.01419374381484","179.73954672974688","177.53366462186347","178.08016967773438","18298000","GOOGL","Alphabet Inc. (GOOGL) Historical Data"
"2024-06-25 00:00:00-04:00","178.47760230344795","183.11789903328065","178.27887734653552","182.85955810546875","23130200","GOOGL","Alphabet Inc. (GOOGL) Historical Data"
"2024-06-26 00:00:00-04:00","181.4684755299556","183.33650839401088","181.31942043498108","182.7105255126953","19839000","GOOGL","Alphabet Inc. (GOOGL) Historical Data"
"2024-06-27 00:00:00-04:00","183.00861627114853","184.8667334659005","182.84964538682112","184.23080444335938","18848900","GOOGL","Alphabet Inc. (GOOGL) Historical Data"
"2024-06-28 00:00:00-04:00","183.14772821008222","183.95257416720727","180.802737253132","180.99151611328125","29156600","GOOGL","Alphabet Inc. (GOOGL) Historical Data"
"2024-07-01 00:00:00-04:00","181.8659413243254","182.710541450962","180.14694824354996","181.82620239257812","16006100","GOOGL","Alphabet Inc. (GOOGL) Historical Data"
"2024-07-02 00:00:00-04:00","180.89216044416673","184.38977740074063","180.40527139828873","184.06187438964844","17372500","GOOGL","Alphabet Inc. (GOOGL) Historical Data"
"2024-07-03 00:00:00-04:00","183.67436680423387","184.90647074592763","182.8297667085458","184.63819885253906","10242100","GOOGL","Alphabet Inc. (GOOGL) Historical Data"
"2024-07-05 00:00:00-04:00","184.67794276589416","189.64614308224583","184.618326787977","189.38780212402344","20967500","GOOGL","Alphabet Inc. (GOOGL) Historical Data"
"2024-07-08 00:00:00-04:00","188.69223602398804","188.96052307793317","186.58572400777334","187.82777404785156","21035900","GOOGL","Alphabet Inc. (GOOGL) Historical Data"
"2024-07-09 00:00:00-04:00","189.0996498759025","190.14297504012512","187.51976571502695","187.77810668945312","15121400","GOOGL","Alphabet Inc. (GOOGL) Historical Data"
"2024-07-10 00:00:00-04:00","187.94699289900143","190.53046286697955","187.82776095522303","189.96408081054688","15952500","GOOGL","Alphabet Inc. (GOOGL) Historical Data"
"2024-07-11 00:00:00-04:00","188.6425794494634","189.64615049436205","183.90291191713072","184.38980102539062","25625800","GOOGL","Alphabet Inc. (GOOGL) Historical Data"
"2024-07-12 00:00:00-04:00","183.90289053636494","185.9199784961909","183.31664658309873","183.89295959472656","22898400","GOOGL","Alphabet Inc. (GOOGL) Historical Data"
"2024-07-15 00:00:00-04:00","183.74391265022248","187.04280482965035","183.74391265022248","185.3436737060547","16474000","GOOGL","Alphabet Inc. (GOOGL) Historical Data"
"2024-07-16 00:00:00-04:00","186.16838328349618","187.4799801449797","182.20375438973656","182.75025939941406","18290700","GOOGL","Alphabet Inc. (GOOGL) Historical Data"
"2024-07-17 00:00:00-04:00","181.80632373022326","182.3826367867754","178.7558414559852","179.8687286376953","20734100","GOOGL","Alphabet Inc. (GOOGL) Historical Data"
"2024-07-18 00:00:00-04:00","180.77293018820677","181.33931230427376","175.3476639106666","176.55990600585938","25315700","GOOGL","Alphabet Inc. (GOOGL) Historical Data"
"2024-07-19 00:00:00-04:00","177.74234773802445","179.14336877027299","176.00347754543185","176.5301055908203","18881900","GOOGL","Alphabet Inc. (GOOGL) Historical Data"
"2024-07-22 00:00:00-04:00","179.44143915290098","181.53802010319112","179.08372815601643","180.5145721435547","24100300","GOOGL","Alphabet Inc. (GOOGL) Historical Data"
"2024-07-23 00:00:00-04:00","180.89217569882794","182.44225176435077","180.3854095654304","180.63381958007812","36352700","GOOGL","Alphabet Inc. (GOOGL) Historical Data"
"2024-07-24 00:00:00-04:00","172.4959059646395","175.069429864651","170.72722801961868","171.53207397460938","49585200","GOOGL","Alphabet Inc. (GOOGL) Historical Data"
"2024-07-25 00:00:00-04:00","171.422773934444","172.31704385351824","166.12667101114428","166.21609497070312","44852000","GOOGL","Alphabet Inc. (GOOGL) Historical Data"
"2024-07-26 00:00:00-04:00","166.08690613385536","167.02093008211898","163.01656242781235","165.9378662109375","41336900","GOOGL","Alphabet Inc. (GOOGL) Historical Data"
"2024-07-29 00:00:00-04:00","167.75625247848131","169.3460674710784","166.92159847023703","168.45179748535156","20293800","GOOGL","Alphabet Inc. (GOOGL) Historical Data"
"2024-07-30 00:00:00-04:00","169.15730033798988","170.14099435822163","167.36874508064338","169.20697021484375","18959700","GOOGL","Alphabet Inc. (GOOGL) Historical Data"
"2024-07-31 00:00:00-04:00","172.13820531777287","173.14177629603867","168.92873708461033","170.44900512695312","25729100","GOOGL","Alphabet Inc. (GOOGL) Historical Data"
"2024-08-01 00:00:00-04:00","169.1672144988525","172.94304963161613","167.80593251440823","169.67396545410156","24531400","GOOGL","Alphabet Inc. (GOOGL) Historical Data"
"2024-08-02 00:00:00-04:00","165.38146509787933","167.43829227584254","163.62271782850132","165.60006713867188","29130100","GOOGL","Alphabet Inc. (GOOGL) Historical Data"
"2024-08-05 00:00:00-04:00","154.51103232007947","163.38423094995542","153.94465019728176","158.2371826171875","53630700","GOOGL","Alphabet Inc. (GOOGL) Historical Data"
"2024-08-06 00:00:00-04:00","158.31667357844438","159.54879271884894","155.41524640434096","157.2832794189453","49004600","GOOGL","Alphabet Inc. (GOOGL) Historical Data"
"2024-08-07 00:00:00-04:00","160.22442859224762","161.9434213172831","157.4621109742632","157.9291229248047","25138600","GOOGL","Alphabet Inc. (GOOGL) Historical Data"
"2024-08-08 00:00:00-04:00","159.48914421954225","162.64892717046854","159.1910643615004","160.99948120117188","25578800","GOOGL","Alphabet Inc. (GOOGL) Historical Data"
"2024-08-09 00:00:00-04:00","158.99233275753915","162.74829078749448","158.04837777910737","162.62905883789062","28602300","GOOGL","Alphabet Inc. (GOOGL) Historical Data"
"2024-08-12 00:00:00-04:00","163.30472342732642","163.85121324225588","160.81067757790242","161.2578125","15895300","GOOGL","Alphabet Inc. (GOOGL) Historical Data"
"2024-08-13 00:00:00-04:00","162.3706911348093","163.68228784953342","161.93348717598764","163.1159210205078","18551700","GOOGL","Alphabet Inc. (GOOGL) Historical Data"
"2024-08-14 00:00:00-04:00","161.36713999266024","162.18193212107965","156.70698083807574","159.3500518798828","40591100","GOOGL","Alphabet Inc. (GOOGL) Historical Data"
"2024-08-15 00:00:00-04:00","159.4792243502646","160.61197337469392","158.59488533261137","160.27413940429688","31524300","GOOGL","Alphabet Inc. (GOOGL) Historical Data"
"2024-08-16 00:00:00-04:00","160.44303978023876","164.0102034694482","160.10520584481466","161.92356872558594","24208600","GOOGL","Alphabet Inc. (GOOGL) Historical Data"
"2024-08-19 00:00:00-04:00","164.2288111566864","165.62984713723483","163.21529415355107","165.60997009277344","22416200","GOOGL","Alphabet Inc. (GOOGL) Historical Data"
"2024-08-20 00:00:00-04:00","165.8385269794626","167.56746621538298","165.7590491136282","166.1167449951172","18341500","GOOGL","Alphabet Inc. (GOOGL) Historical Data"
"2024-08-21 00:00:00-04:00","164.09963641871417","165.7888365119098","163.62269347422293","164.79519653320312","22902000","GOOGL","Alphabet Inc. (GOOGL) Historical Data"
"2024-08-22 00:00:00-04:00","166.19621017398273","166.5241131721472","162.2713354606225","162.7582244873047","22493300","GOOGL","Alphabet Inc. (GOOGL) Historical Data"
"2024-08-23 00:00:00-04:00","163.6723804637865","165.12308635947946","162.78804147862647","164.566650390625","13955700","GOOGL","Alphabet Inc. (GOOGL) Historical Data"
"2024-08-26 00:00:00-04:00","165.32181244151707","166.48436931233536","163.41402564106588","165.10321044921875","14190400","GOOGL","Alphabet Inc. (GOOGL) Historical Data"
"2024-08-27 00:00:00-04:00","164.78524007744778","165.38143009191396","163.4140273029626","163.6326141357422","11821900","GOOGL","Alphabet Inc. (GOOGL) Historical Data"
"2024-08-28 00:00:00-04:00","163.99034421256823","164.54679536636124","160.50267315842373","161.8142852783203","16407400","GOOGL","Alphabet Inc. (GOOGL) Historical Data"
"2024-08-29 00:00:00-04:00","163.2649914453281","164.91443753942139","159.2308153360169","160.75108337402344","19699800","GOOGL","Alphabet Inc. (GOOGL) Historical Data"
"2024-08-30 00:00:00-04:00","161.5857509317876","162.61914514376983","160.66167290086105","162.34092712402344","22123800","GOOGL","Alphabet Inc. (GOOGL) Historical Data"
"2024-09-03 00:00:00-04:00","160.69146292560666","160.82064097809814","155.48478383780713","156.35919189453125","38945300","GOOGL","Alphabet Inc. (GOOGL) Historical Data"
"2024-09-04 00:00:00-04:00","155.66365765900977","157.9887717937597","154.9681126394364","155.45498657226562","19353800","GOOGL","Alphabet Inc. (GOOGL) Historical Data"
"2024-09-05 00:00:00-04:00","155.30593568698094","158.4358956354768","154.98796360800392","156.23995971679688","18688700","GOOGL","Alphabet Inc. (GOOGL) Historical Data"
"2024-09-06 00:00:00-04:00","156.29957197054128","156.82619994728552","149.59250210192843","149.96014404296875","37912100","GOOGL","Alphabet Inc. (GOOGL) Historical Data"
"2024-09-09 00:00:00-04:00","151.7411114283819","152.62662386310816","146.47778778010462","147.9602813720703","39260500","GOOGL","Alphabet Inc. (GOOGL) Historical Data"
"2024-09-10 00:00:00-04:00","149.6915067964419","150.50738007285446","147.59214370497173","147.91053771972656","31118800","GOOGL","Alphabet Inc. (GOOGL) Historical Data"
"2024-09-11 00:00:00-04:00","149.16417992613762","150.7362162140882","146.77628554400584","150.39793395996094","29607700","GOOGL","Alphabet Inc. (GOOGL) Historical Data"
"2024-09-12 00:00:00-04:00","153.02462848632382","154.03949046129577","151.88041704126704","153.91014099121094","29621500","GOOGL","Alphabet Inc. (GOOGL) Historical Data"
"2024-09-13 00:00:00-04:00","154.64640360263152","157.58154353635638","154.42752668404324","156.6661834716797","29591200","GOOGL","Alphabet Inc. (GOOGL) Historical Data"
"2024-09-16 00:00:00-04:00","156.51691894363321","157.45218236116395","155.8105069116596","157.2631378173828","18379800","GOOGL","Alphabet Inc. (GOOGL) Historical Data"
"2024-09-17 00:00:00-04:00","158.21830933206348","159.740594664956","157.5815364815847","158.5167999267578","20715600","GOOGL","Alphabet Inc. (GOOGL) Historical Data"
"2024-09-18 00:00:00-04:00","159.05408446311074","159.69085736808276","157.8004420763462","159.00433349609375","23677300","GOOGL","Alphabet Inc. (GOOGL) Historical Data"
"2024-09-19 00:00:00-04:00","162.88467834172684","162.9642616693234","160.52661614683478","161.3225860595703","26587700","GOOGL","Alphabet Inc. (GOOGL) Historical Data"
"2024-09-20 00:00:00-04:00","162.67573141732413","162.90456764484875","161.2429886014312","162.76527404785156","40896400","GOOGL","Alphabet Inc. (GOOGL) Historical Data"
"2024-09-23 00:00:00-04:00","163.52145415015693","164.65570636191646","160.8549571722446","161.0340576171875","24150900","GOOGL","Alphabet Inc. (GOOGL) Historical Data"
"2024-09-24 00:00:00-04:00","162.20809181188605","162.39713636620655","159.87989243963506","161.47181701660156","23332100","GOOGL","Alphabet Inc. (GOOGL) Historical Data"
"2024-09-25 00:00:00-04:00","160.65596937943812","161.98921028487706","160.4868282360792","160.67587280273438","18869200","GOOGL","Alphabet Inc. (GOOGL) Historical Data"
"2024-09-26 00:00:00-04:00","162.8149922049759","163.2527763307088","161.461848171738","161.90957641601562","20319300","GOOGL","Alphabet Inc. (GOOGL) Historical Data"
"2024-09-27 00:00:00-04:00","161.98920666955183","164.86463640620642","161.81012140947348","163.1234588623047","21101300","GOOGL","Alphabet Inc. (GOOGL) Historical Data"
"2024-09-30 00:00:00-04:00","162.4966264954632","165.31234563823617","162.43691623380593","165.0138702392578","20413900","GOOGL","Alphabet Inc. (GOOGL) Historical Data"
"2024-10-01 00:00:00-04:00","166.84460026695353","168.3071905376278","163.75027859535956","166.14813232421875","28338100","GOOGL","Alphabet Inc. (GOOGL) Historical Data"
"2024-10-02 00:00:00-04:00","165.58100861617797","166.67546915041717","163.89952615078477","165.02383422851562","17760200","GOOGL","Alphabet Inc. (GOOGL) Historical Data"
"2024-10-03 00:00:00-04:00","163.58114729291918","165.79990072302581","163.09361211278292","165.02383422851562","15073100","GOOGL","Alphabet Inc. (GOOGL) Historical Data"
"2024-10-04 00:00:00-04:00","167.21273199051447","167.3818731227034","164.6457371019136","166.2177734375","19047400","GOOGL","Alphabet Inc. (GOOGL) Historical Data"
"2024-10-07 00:00:00-04:00","166.87444945314562","167.63061248672904","161.92950423820415","162.15834045410156","22463100","GOOGL","Alphabet Inc. (GOOGL) Historical Data"
"2024-10-08 00:00:00-04:00","163.11351583433103","163.89952645082283","162.0489028416346","163.55130004882812","23072700","GOOGL","Alphabet Inc. (GOOGL) Historical Data"
"2024-10-09 00:00:00-04:00","162.62597153558053","164.00896330918712","158.9346838265827","161.0439910888672","31181800","GOOGL","Alphabet Inc. (GOOGL) Historical Data"
"2024-10-10 00:00:00-04:00","160.0589719311791","162.2478928162512","159.59134021317385","161.26287841796875","14144100","GOOGL","Alphabet Inc. (GOOGL) Historical Data"
"2024-10-11 00:00:00-04:00","161.31263337427697","163.07369906378534","160.4271208786136","162.4170379638672","15344300","GOOGL","Alphabet Inc. (GOOGL) Historical Data"
"2024-10-14 00:00:00-04:00","162.81501959424767","165.3919586438415","162.5762240722605","164.1283721923828","19016100","GOOGL","Alphabet Inc. (GOOGL) Historical Data"
"2024-10-15 00:00:00-04:00","164.95416217665158","166.8346331245922","163.8000218608721","164.62583923339844","20247200","GOOGL","Alphabet Inc. (GOOGL) Historical Data"
"2024-10-16 00:00:00-04:00","163.7005180988684","164.96411962401345","162.9145075768113","164.3273468017578","16406000","GOOGL","Alphabet Inc. (GOOGL) Historical Data"
"2024-10-17 00:00:00-04:00","164.8944683866494","165.53124122104538","161.93944041934847","162.10858154296875","21453400","GOOGL","Alphabet Inc. (GOOGL) Historical Data"
"2024-10-18 00:00:00-04:00","162.3672941471386","163.87963544942022","162.2578480953578","162.59613037109375","19757700","GOOGL","Alphabet Inc. (GOOGL) Historical Data"
"2024-10-21 00:00:00-04:00","162.12849497134508","163.67068378195492","161.8001568233936","163.24285888671875","20946500","GOOGL","Alphabet Inc. (GOOGL) Historical Data"
"2024-10-22 00:00:00-04:00","162.15833529455813","164.93427806644567","162.15833529455813","164.3074493408203","16568100","GOOGL","Alphabet Inc. (GOOGL) Historical Data"
"2024-10-23 00:00:00-04:00","163.92934880784398","164.98401751793747","161.11361457163926","161.95933532714844","18280500","GOOGL","Alphabet Inc. (GOOGL) Historical Data"
"2024-10-24 00:00:00-04:00","162.00910425207076","162.50658353239453","160.198272384398","161.899658203125","22412500","GOOGL","Alphabet Inc. (GOOGL) Historical Data"
"2024-10-25 00:00:00-04:00","162.84485839827352","164.75517692607178","162.59611876941653","164.43679809570312","19828900","GOOGL","Alphabet Inc. (GOOGL) Historical Data"
"2024-10-28 00:00:00-04:00","167.89926611467047","167.89926611467047","163.123461731036","165.87950134277344","32138600","GOOGL","Alphabet Inc. (GOOGL) Historical Data"
"2024-10-29 00:00:00-04:00","166.88438836507615","169.52103755308448","166.24761551933543","168.82455444335938","42169000","GOOGL","Alphabet Inc. (GOOGL) Historical Data"
"2024-10-30 00:00:00-04:00","179.7691030508194","181.1023590425056","173.18248232545162","173.58047485351562","68890800","GOOGL","Alphabet Inc. (GOOGL) Historical Data"
"2024-10-31 00:00:00-04:00","172.2571653376557","175.92856453316725","170.13789893136754","170.24734497070312","44769000","GOOGL","Alphabet Inc. (GOOGL) Historical Data"
"2024-11-01 00:00:00-04:00","169.2126171068855","171.45127396637912","168.02861393876626","170.42645263671875","31796500","GOOGL","Alphabet Inc. (GOOGL) Historical Data"
"2024-11-04 00:00:00-05:00","169.07330370933886","169.86927360734452","167.16298506324307","168.3867950439453","21492700","GOOGL","Alphabet Inc. (GOOGL) Historical Data"
"2024-11-05 00:00:00-05:00","168.57582742660242","169.67028795360784","167.9888054993283","168.88427734375","18242100","GOOGL","Alphabet Inc. (GOOGL) Historical Data"
"2024-11-06 00:00:00-05:00","172.92378818784377","176.04795723175238","172.62529760518007","175.6201171875","33695500","GOOGL","Alphabet Inc. (GOOGL) Historical Data"
"2024-11-07 00:00:00-05:00","176.51560241710214","180.16709852379773","176.2967103185547","179.83876037597656","25352900","GOOGL","Alphabet Inc. (GOOGL) Historical Data"
"2024-11-08 00:00:00-05:00","179.7392438048685","179.98798342551285","177.18220839921253","177.4508514404297","22006200","GOOGL","Alphabet Inc. (GOOGL) Historical Data"
"2024-11-11 00:00:00-05:00","177.67968464546155","179.6397540376483","177.57023860694844","179.44076538085938","17450400","GOOGL","Alphabet Inc. (GOOGL) Historical Data"
"2024-11-12 00:00:00-05:00","178.91346288473798","181.57000052707394","178.4856227918212","180.70437622070312","25134900","GOOGL","Alphabet Inc. (GOOGL) Historical Data"
"2024-11-13 00:00:00-05:00","179.55023156460638","180.04771085332573","177.6398977358846","177.9781951904297","23184000","GOOGL","Alphabet Inc. (GOOGL) Historical Data"
"2024-11-14 00:00:00-05:00","177.38120927026733","177.9184953896884","173.44118190987194","174.69482421875","31007500","GOOGL","Alphabet Inc. (GOOGL) Historical Data"
"2024-11-15 00:00:00-05:00","172.85416136828243","173.26209805690692","170.35682063157654","171.62042236328125","32504600","GOOGL","Alphabet Inc. (GOOGL) Historical Data"
"2024-11-18 00:00:00-05:00","172.54571749253887","174.55553810267529","172.0283347729084","174.41624450683594","20135300","GOOGL","Alphabet Inc. (GOOGL) Historical Data"
"2024-11-19 00:00:00-05:00","172.84420375176396","177.96823430730947","172.68500673714084","177.22201538085938","23434900","GOOGL","Alphabet Inc. (GOOGL) Historical Data"
"2024-11-20 00:00:00-05:00","176.44593283355675","176.78421507240827","172.90388308120177","175.09278869628906","18997100","GOOGL","Alphabet Inc. (GOOGL) Historical Data"
"2024-11-21 00:00:00-05:00","173.02329149320352","173.2521428982115","162.87471698401734","166.784912109375","59734400","GOOGL","Alphabet Inc. (GOOGL) Historical Data"
"2024-11-22 00:00:00-05:00","165.0138834352713","165.62080876483188","163.07370209558795","163.9293670654297","38604600","GOOGL","Alphabet Inc. (GOOGL) Historical Data"
"2024-11-25 00:00:00-05:00","165.25266140749017","167.77986461840595","164.77508555590978","166.80479431152344","33135300","GOOGL","Alphabet Inc. (GOOGL) Historical Data"
"2024-11-26 00:00:00-05:00","166.7849164091866","168.96387819100605","166.73516544238646","168.26739501953125","20486700","GOOGL","Alphabet Inc. (GOOGL) Historical Data"
"2024-11-27 00:00:00-05:00","168.14797960120848","168.62555541069312","167.17292456213445","168.37681579589844","19266500","GOOGL","Alphabet Inc. (GOOGL) Historical Data"
"2024-11-29 00:00:00-05:00","167.6505077939042","168.57581191461244","166.31726704322566","168.09823608398438","14257200","GOOGL","Alphabet Inc. (GOOGL) Historical Data"
"2024-12-02 00:00:00-05:00","167.91916912565142","171.21247970085113","167.72018043971005","170.62545776367188","23789100","GOOGL","Alphabet Inc. (GOOGL) Historical Data"
"2024-12-03 00:00:00-05:00","170.62544918240982","171.80943711786688","169.98867631030456","170.4761962890625","22248700","GOOGL","Alphabet Inc. (GOOGL) Historical Data"
"2024-12-04 00:00:00-05:00","170.2871382330325","174.02819184419297","170.19759561324068","173.49090576171875","31615100","GOOGL","Alphabet Inc. (GOOGL) Historical Data"
"2024-12-05 00:00:00-05:00","174.4759419461396","175.17240993472817","171.46121858121353","171.7696533203125","21356200","GOOGL","Alphabet Inc. (GOOGL) Historical Data"
"2024-12-06 00:00:00-05:00","171.16272669105973","174.19735345650352","170.9935855509351","173.8292236328125","21462400","GOOGL","Alphabet Inc. (GOOGL) Historical Data"
"2024-12-09 00:00:00-05:00","173.28136421093646","175.5723794273802","172.97256079724536","174.68585205078125","25389600","GOOGL","Alphabet Inc. (GOOGL) Historical Data"
"2024-12-10 00:00:00-05:00","182.13667521959667","185.63297660419835","180.34369430470025","184.44761657714844","54813000","GOOGL","Alphabet Inc. (GOOGL) Historical Data"
"2024-12-11 00:00:00-05:00","184.58707675233347","194.84689801892716","184.1288797897164","194.63771057128906","67894100","GOOGL","Alphabet Inc. (GOOGL) Historical Data"
"2024-12-12 00:00:00-05:00","194.2392695844635","194.4185600761266","190.96211115966233","191.2111358642578","34817500","GOOGL","Alphabet Inc. (GOOGL) Historical Data"
"2024-12-13 00:00:00-05:00","190.26484320082633","191.97813450480885","188.90019258748762","189.07949829101562","25143500","GOOGL","Alphabet Inc. (GOOGL) Historical Data"
"2024-12-16 00:00:00-05:00","192.11758378595036","198.22367470987274","191.86855906897816","195.89280700683594","44934900","GOOGL","Alphabet Inc. (GOOGL) Historical Data"
"2024-12-17 00:00:00-05:00","196.48050129830887","200.6342317451905","194.21935261692775","194.6576385498047","43504000","GOOGL","Alphabet Inc. (GOOGL) Historical Data"
"2024-12-18 00:00:00-05:00","194.45842549322595","196.231480292107","187.00761009122783","187.66502380371094","34166100","GOOGL","Alphabet Inc. (GOOGL) Historical Data"
"2024-12-19 00:00:00-05:00","190.88240503225677","192.27693717848743","187.64508415062235","187.77456665039062","32265200","GOOGL","Alphabet Inc. (GOOGL) Historical Data"
"2024-12-20 00:00:00-05:00","185.0552429190991","192.13750634222802","184.49742999563804","190.6632843017578","63462900","GOOGL","Alphabet Inc. (GOOGL) Historical Data"
"2024-12-23 00:00:00-05:00","191.86855908689105","194.33889522295496","189.40819366703502","193.8707275390625","25675000","GOOGL","Alphabet Inc. (GOOGL) Historical Data"
"2024-12-24 00:00:00-05:00","194.0798904284353","195.34494018554688","193.02402811118543","195.34494018554688","10403300","GOOGL","Alphabet Inc. (GOOGL) Historical Data"
"2024-12-26 00:00:00-05:00","194.38867270656962","195.9824368496","193.6216875820622","194.83692932128906","12046600","GOOGL","Alphabet Inc. (GOOGL) Historical Data"
"2024-12-27 00:00:00-05:00","194.18946980047588","194.55803671433245","189.9062416607854","192.0080108642578","18891400","GOOGL","Alphabet Inc. (GOOGL) Historical Data"
"2024-12-30 00:00:00-05:00","189.05957268360805","191.79884463576994","188.3822175336386","190.49395751953125","14264700","GOOGL","Alphabet Inc. (GOOGL) Historical Data"
"2024-12-31 00:00:00-05:00","190.33456284838633","191.21113466683676","187.77458160553064","188.56150817871094","17466900","GOOGL","Alphabet Inc. (GOOGL) Historical Data"
"2025-01-02 00:00:00-05:00","189.90625140953068","191.25099101984424","186.76854591781662","188.69100952148438","20370800","GOOGL","Alphabet Inc. (GOOGL) Historical Data"
"2025-01-03 00:00:00-05:00","190.62343412562188","192.45626758091493","189.23885731709424","191.0417938232422","18596200","GOOGL","Alphabet Inc. (GOOGL) Historical Data"
"2025-01-06 00:00:00-05:00","193.2232644718959","197.44672936937255","193.09378194764346","196.10198974609375","29563600","GOOGL","Alphabet Inc. (GOOGL) Historical Data"
"2025-01-07 00:00:00-05:00","196.34104650196386","200.21587045148732","193.84084384019965","194.7273712158203","26487200","GOOGL","Alphabet Inc. (GOOGL) Historical Data"
"2025-01-08 00:00:00-05:00","191.818768515616","195.52424236393108","191.62950729663424","193.19337463378906","24864800","GOOGL","Alphabet Inc. (GOOGL) Historical Data"
"2025-01-10 00:00:00-05:00","193.54201039861906","195.75335107074358","189.5675704988791","191.2908172607422","26665200","GOOGL","Alphabet Inc. (GOOGL) Historical Data"
"2025-01-13 00:00:00-05:00","189.32849622892863","190.4341512473398","186.62906193558655","190.2648162841797","21823700","GOOGL","Alphabet Inc. (GOOGL) Historical Data"
"2025-01-14 00:00:00-05:00","190.4939429327445","191.23104632862814","187.57536549994643","188.92010498046875","17174900","GOOGL","Alphabet Inc. (GOOGL) Historical Data"
"2025-01-15 00:00:00-05:00","192.33671488233958","195.59396223510123","191.1115176062456","194.78712463378906","21776000","GOOGL","Alphabet Inc. (GOOGL) Historical Data"
"2025-01-16 00:00:00-05:00","193.38262220625612","194.71739096273467","192.05780896613516","192.1574249267578","17815400","GOOGL","Alphabet Inc. (GOOGL) Historical Data"
"2025-01-17 00:00:00-05:00","195.76329797481387","196.46056410218043","192.9941444980855","195.23536682128906","27735100","GOOGL","Alphabet Inc. (GOOGL) Historical Data"
"2025-01-21 00:00:00-05:00","198.29339931939404","201.50082353528188","197.0980685764286","197.27737426757812","29971300","GOOGL","Alphabet Inc. (GOOGL) Historical Data"
"2025-01-22 00:00:00-05:00","198.28344103159932","199.6978996202174","196.7594109579838","197.59613037109375","26200600","GOOGL","Alphabet Inc. (GOOGL) Historical Data"
"2025-01-23 00:00:00-05:00","197.3670210617764","199.5185981768782","194.43848807720923","197.2076416015625","26951400","GOOGL","Alphabet Inc. (GOOGL) Historical Data"
"2025-01-24 00:00:00-05:00","197.32718592161126","200.11625050908367","197.22756995808922","199.428955078125","23877500","GOOGL","Alphabet Inc. (GOOGL) Historical Data"
"2025-01-27 00:00:00-05:00","191.65937189687645","196.11193470563097","189.98591802549169","191.06170654296875","41728900","GOOGL","Alphabet Inc. (GOOGL) Historical Data"
"2025-01-28 00:00:00-05:00","191.99806124313736","194.71740695981467","189.9361292430902","194.53811645507812","24157900","GOOGL","Alphabet Inc. (GOOGL) Historical Data"
"2025-01-29 00:00:00-05:00","194.79706803372179","196.02226523360838","192.67537284426942","194.6476593017578","18218300","GOOGL","Alphabet Inc. (GOOGL) Historical Data"
"2025-01-30 00:00:00-05:00","197.22758104242592","200.61431120284323","196.89886658344366","200.0863800048828","24354700","GOOGL","Alphabet Inc. (GOOGL) Historical Data"
"2025-01-31 00:00:00-05:00","201.21195154612846","204.67837101004093","201.0127348319746","203.2240753173828","32001100","GOOGL","Alphabet Inc. (GOOGL) Historical Data"
"2025-02-03 00:00:00-05:00","199.90705965419968","202.95511938336384","199.31936504221272","200.4449462890625","27838300","GOOGL","Alphabet Inc. (GOOGL) Historical Data"
"2025-02-04 00:00:00-05:00","202.59654903669593","206.24227455727316","202.01880986682883","205.57489013671875","43856400","GOOGL","Alphabet Inc. (GOOGL) Historical Data"
"2025-02-05 00:00:00-05:00","190.32460742693195","191.998046136523","187.29645852491726","190.58358764648438","70373900","GOOGL","Alphabet Inc. (GOOGL) Historical Data"
"2025-02-06 00:00:00-05:00","188.7607254709797","191.35058847007514","187.98376961110344","190.8525390625","29297400","GOOGL","Alphabet Inc. (GOOGL) Historical Data"
"2025-02-07 00:00:00-05:00","190.3046897826863","190.43417229867478","182.52516013677956","184.61695861816406","49315000","GOOGL","Alphabet Inc. (GOOGL) Historical Data"
"2025-02-10 00:00:00-05:00","186.61912556239702","187.46580046504565","185.13493280467802","185.7425537109375","23105600","GOOGL","Alphabet Inc. (GOOGL) Historical Data"
"2025-02-11 00:00:00-05:00","184.3081687207876","186.21072116923287","183.56109458441756","184.5970458984375","21239500","GOOGL","Alphabet Inc. (GOOGL) Historical Data"
"2025-02-12 00:00:00-05:00","182.5052293386179","184.38785552440282","181.12065256917043","182.89370727539062","22072600","GOOGL","Alphabet Inc. (GOOGL) Historical Data"
"2025-02-13 00:00:00-05:00","183.6009416706382","185.5532868448968","182.42553716023775","185.41383361816406","21402500","GOOGL","Alphabet Inc. (GOOGL) Historical Data"
"2025-02-14 00:00:00-05:00","184.33803502896936","185.6728037263188","183.60093167035657","184.5073699951172","20448400","GOOGL","Alphabet Inc. (GOOGL) Historical Data"
"2025-02-18 00:00:00-05:00","184.87596341155862","185.23455962642282","181.0310210185614","183.0531005859375","29916700","GOOGL","Alphabet Inc. (GOOGL) Historical Data"
"2025-02-19 00:00:00-05:00","183.35192561125757","184.73650242741212","182.8737872119756","184.5472412109375","19549400","GOOGL","Alphabet Inc. (GOOGL) Historical Data"
"2025-02-20 00:00:00-05:00","184.07906552714084","184.587070455128","182.00717815142445","183.83999633789062","20441500","GOOGL","Alphabet Inc. (GOOGL) Historical Data"
"2025-02-21 00:00:00-05:00","184.4277103473498","184.61697157545737","178.38139776102767","178.95913696289062","35199200","GOOGL","Alphabet Inc. (GOOGL) Historical Data"
"2025-02-24 00:00:00-05:00","181.28003655625","182.40561792977684","178.19212401815724","178.55072021484375","29854200","GOOGL","Alphabet Inc. (GOOGL) Historical Data"
"2025-02-25 00:00:00-05:00","177.3454308360551","178.04271218366185","174.0085088406691","174.73565673828125","41913400","GOOGL","Alphabet Inc. (GOOGL) Historical Data"
"2025-02-26 00:00:00-05:00","174.38703523452213","175.39308961437996","170.9106447310479","172.05615234375","35431300","GOOGL","Alphabet Inc. (GOOGL) Historical Data"
"2025-02-27 00:00:00-05:00","173.31125512309177","173.87902359915924","167.28485366729163","167.84266662597656","39991000","GOOGL","Alphabet Inc. (GOOGL) Historical Data"
"2025-02-28 00:00:00-05:00","168.0219583066627","169.94443712332475","166.11942092343116","169.61572265625","48130600","GOOGL","Alphabet Inc. (GOOGL) Historical Data"
"2025-03-03 00:00:00-05:00","171.2592638730811","172.69364861452485","165.28267091657344","166.35845947265625","40770500","GOOGL","Alphabet Inc. (GOOGL) Historical Data"
"2025-03-04 00:00:00-05:00","165.59146927723793","172.61395362786732","165.15318337522604","170.25320434570312","45388000","GOOGL","Alphabet Inc. (GOOGL) Historical Data"
"2025-03-05 00:00:00-05:00","169.85478454890304","173.10206141211768","168.4004735026306","172.34503173828125","30954900","GOOGL","Alphabet Inc. (GOOGL) Historical Data"
"2025-03-06 00:00:00-05:00","169.8647356201999","174.12803748089462","169.83485387065045","171.67764282226562","28302000","GOOGL","Alphabet Inc. (GOOGL) Historical Data"
"2025-03-07 00:00:00-05:00","170.5918843353401","174.28741777289434","169.60575619699736","173.18174743652344","27385800","GOOGL","Alphabet Inc. (GOOGL) Historical Data"
"2025-03-10 00:00:00-04:00","167.7966101322015","167.99607150995365","163.23920372577845","165.41319274902344","43604000","GOOGL","Alphabet Inc. (GOOGL) Historical Data"
"2025-03-11 00:00:00-04:00","164.45584068137828","166.29076966008637","160.92558133782","163.58822631835938","39587400","GOOGL","Alphabet Inc. (GOOGL) Historical Data"
"2025-03-12 00:00:00-04:00","166.1212563192557","167.17833474519742","163.07965268636923","166.64979553222656","28372400","GOOGL","Alphabet Inc. (GOOGL) Historical Data"
"2025-03-13 00:00:00-04:00","165.58271795856493","165.67248166266438","161.6635485106855","162.31175231933594","31756200","GOOGL","Alphabet Inc. (GOOGL) Historical Data"
"2025-03-14 00:00:00-04:00","162.82035345635094","166.03148669065808","162.00260445854184","165.03424072265625","31995900","GOOGL","Alphabet Inc. (GOOGL) Historical Data"
"2025-03-17 00:00:00-04:00","164.57552252303753","165.84202932963498","163.21926721954216","163.83755493164062","31184300","GOOGL","Alphabet Inc. (GOOGL) Historical Data"
"2025-03-18 00:00:00-04:00","163.2292289881846","163.797666550582","156.28840488131223","160.22752380371094","42074800","GOOGL","Alphabet Inc. (GOOGL) Historical Data"
"2025-03-19 00:00:00-04:00","161.3145206452732","165.41320264839743","160.55661910146412","163.43865966796875","34275600","GOOGL","Alphabet Inc. (GOOGL) Historical Data"
"2025-03-20 00:00:00-04:00","161.1250457167365","164.43589456907407","160.51672503978745","162.35165405273438","28138500","GOOGL","Alphabet Inc. (GOOGL) Historical Data"
"2025-03-21 00:00:00-04:00","160.76603321155818","163.7876873527184","160.44690718978086","163.5383758544922","36625800","GOOGL","Alphabet Inc. (GOOGL) Historical Data"
"2025-03-24 00:00:00-04:00","166.60991043967152","167.85646804378672","164.68521758619846","167.2182159423828","30879100","GOOGL","Alphabet Inc. (GOOGL) Historical Data"
"2025-03-25 00:00:00-04:00","168.51465076506113","170.1601160484689","167.85647986846672","170.09030151367188","24174400","GOOGL","Alphabet Inc. (GOOGL) Historical Data"
"2025-03-26 00:00:00-04:00","168.53459028680902","169.14291101426645","164.3860428738787","164.60543823242188","28901600","GOOGL","Alphabet Inc. (GOOGL) Historical Data"
"2025-03-27 00:00:00-04:00","164.17661497957295","164.96443262961915","161.55385311215238","161.79319763183594","24508300","GOOGL","Alphabet Inc. (GOOGL) Historical Data"
"2025-03-28 00:00:00-04:00","160.04800692471866","161.3743458553731","153.20689914473365","153.90496826171875","48669300","GOOGL","Alphabet Inc. (GOOGL) Historical Data"
"2025-03-31 00:00:00-04:00","152.68834136730996","155.11164193370462","150.24509161947617","154.21412658691406","54603500","GOOGL","Alphabet Inc. (GOOGL) Historical Data"
"2025-04-01 00:00:00-04:00","153.19693997672525","157.66461343058796","153.19693997672525","156.637451171875","30672900","GOOGL","Alphabet Inc. (GOOGL) Historical Data"
"2025-04-02 00:00:00-04:00","154.72271899671657","157.973750867397","154.27396131633463","156.60751342773438","25041700","GOOGL","Alphabet Inc. (GOOGL) Historical Data"
"2025-04-03 00:00:00-04:00","150.69384170810525","152.35924068042604","149.97582338010557","150.30491638183594","46883400","GOOGL","Alphabet Inc. (GOOGL) Historical Data"
"2025-04-04 00:00:00-04:00","147.60238713771614","150.65397293111235","144.9796402891217","145.19903564453125","62259500","GOOGL","Alphabet Inc. (GOOGL) Historical Data"
"2025-04-07 00:00:00-04:00","141.1601793715283","152.42906261628312","140.14298415460087","146.34585571289062","76794100","GOOGL","Alphabet Inc. (GOOGL) Historical Data"
"2025-04-08 00:00:00-04:00","150.80354683062922","151.82074204837693","142.63609935843277","144.30149841308594","52200200","GOOGL","Alphabet Inc. (GOOGL) Historical Data"
"2025-04-09 00:00:00-04:00","144.0222787835972","159.11061702523395","143.51368875470308","158.27293395996094","70406200","GOOGL","Alphabet Inc. (GOOGL) Historical Data"
"2025-04-10 00:00:00-04:00","156.10888048544342","157.28563866565491","149.51708388683267","152.39913940429688","48022000","GOOGL","Alphabet Inc. (GOOGL) Historical Data"
"2025-04-11 00:00:00-04:00","152.47890126397309","157.23576875594767","152.39913497789206","156.7072296142578","33636200","GOOGL","Alphabet Inc. (GOOGL) Historical Data"
"2025-04-14 00:00:00-04:00","159.5593589601424","161.27462328630523","157.12607630131762","158.63192749023438","30333000","GOOGL","Alphabet Inc. (GOOGL) Historical Data"
"2025-04-15 00:00:00-04:00","158.6917731015249","159.2103301054895","154.78257030571797","155.87953186035156","27551500","GOOGL","Alphabet Inc. (GOOGL) Historical Data"
"2025-04-16 00:00:00-04:00","152.67838302048966","155.46069292632185","151.0927501668845","152.90774536132812","28187400","GOOGL","Alphabet Inc. (GOOGL) Historical Data"
"2025-04-17 00:00:00-04:00","153.86508310192784","154.25400844452392","148.09103529003713","150.74371337890625","33046600","GOOGL","Alphabet Inc. (GOOGL) Historical Data"
"2025-04-21 00:00:00-04:00","148.46999532680982","148.53979463690146","145.6976525525358","147.26332092285156","26049100","GOOGL","Alphabet Inc. (GOOGL) Historical Data"
"2025-04-22 00:00:00-04:00","148.4799748767304","151.7708901311246","148.1309326464279","151.05287170410156","26971800","GOOGL","Alphabet Inc. (GOOGL) Historical Data"
"2025-04-23 00:00:00-04:00","155.1814586711159","157.09616926384234","153.38641273519517","154.92218017578125","31128800","GOOGL","Alphabet Inc. (GOOGL) Historical Data"
"2025-04-24 00:00:00-04:00","155.7199692710382","159.15049822016638","155.36096007364648","158.8413543701172","45894000","GOOGL","Alphabet Inc. (GOOGL) Historical Data"
"2025-04-25 00:00:00-04:00","164.6153973250298","165.64255944276826","160.59648212136133","161.5139617919922","56034000","GOOGL","Alphabet Inc. (GOOGL) Historical Data"
"2025-04-28 00:00:00-04:00","161.98265861948803","162.70067694860023","158.16321987401656","160.1676788330078","29745800","GOOGL","Alphabet Inc. (GOOGL) Historical Data"
"2025-04-29 00:00:00-04:00","159.87849612757626","160.29733764803302","157.086204107764","159.71893310546875","26809000","GOOGL","Alphabet Inc. (GOOGL) Historical Data"
"2025-04-30 00:00:00-04:00","157.5449218586139","158.83137774482094","154.9720253029664","158.3626708984375","34981100","GOOGL","Alphabet Inc. (GOOGL) Historical Data"
"2025-05-01 00:00:00-04:00","160.00812396444732","161.5039930234171","158.47237175928248","160.8557891845703","30203200","GOOGL","Alphabet Inc. (GOOGL) Historical Data"
"2025-05-02 00:00:00-04:00","162.95998987139254","164.51569136243157","161.42422234640523","163.57827758789062","25715000","GOOGL","Alphabet Inc. (GOOGL) Historical Data"
"2025-05-05 00:00:00-04:00","162.551092409754","164.93450965911595","162.27186475669814","163.7577667236328","21341800","GOOGL","Alphabet Inc. (GOOGL) Historical Data"
"2025-05-06 00:00:00-04:00","161.72339340187466","164.3461554362482","160.74609651363122","162.7804718017578","21277200","GOOGL","Alphabet Inc. (GOOGL) Historical Data"
"2025-05-07 00:00:00-04:00","163.62814193511582","164.545606521222","147.43285979099062","150.96311950683594","127490100","GOOGL","Alphabet Inc. (GOOGL) Historical Data"
"2025-05-08 00:00:00-04:00","154.57313616382487","155.5005676767597","152.4789133936082","153.85511779785156","57498700","GOOGL","Alphabet Inc. (GOOGL) Historical Data"
"2025-05-09 00:00:00-04:00","153.7454333756296","154.62301483562555","151.78085729062752","152.329345703125","32435300","GOOGL","Alphabet Inc. (GOOGL) Historical Data"
"2025-05-12 00:00:00-04:00","157.0562906900787","158.66185748829406","155.81970007226886","158.02362060546875","44138800","GOOGL","Alphabet Inc. (GOOGL) Historical Data"
"2025-05-13 00:00:00-04:00","158.35270013902556","160.12781218093087","155.72995326636035","159.09066772460938","42382100","GOOGL","Alphabet Inc. (GOOGL) Historical Data"
"2025-05-14 00:00:00-04:00","159.51947674839957","166.5400818883142","159.17043456192712","164.91456604003906","48755900","GOOGL","Alphabet Inc. (GOOGL) Historical Data"
"2025-05-15 00:00:00-04:00","165.3832808496498","165.75227223459135","161.92283584781248","163.5084686279297","33146700","GOOGL","Alphabet Inc. (GOOGL) Historical Data"
"2025-05-16 00:00:00-04:00","167.26806720706887","168.88361607338598","165.16387753981013","165.73231506347656","42846900","GOOGL","Alphabet Inc. (GOOGL) Historical Data"
"2025-05-19 00:00:00-04:00","164.0569364118495","166.18107529267584","163.7677417629434","166.0813446044922","30426100","GOOGL","Alphabet Inc. (GOOGL) Historical Data"
"2025-05-20 00:00:00-04:00","165.9716462897934","168.03595283640126","162.45136908866291","163.5283966064453","46607700","GOOGL","Alphabet Inc. (GOOGL) Historical Data"
"2025-05-21 00:00:00-04:00","163.2392111991083","172.66318349220677","163.1095643409873","168.09579467773438","73416000","GOOGL","Alphabet Inc. (GOOGL) Historical Data"
"2025-05-22 00:00:00-04:00","171.37672606938918","176.28317441687045","170.23986627200654","170.3994140625","74864400","GOOGL","Alphabet Inc. (GOOGL) Historical Data"
"2025-05-23 00:00:00-04:00","168.5944139952117","169.49194456610303","167.42763794814334","168.00604248046875","35211400","GOOGL","Alphabet Inc. (GOOGL) Historical Data"
"2025-05-27 00:00:00-04:00","169.69139882784629","172.69310408957966","169.53183580095055","172.42384338378906","37995700","GOOGL","Alphabet Inc. (GOOGL) Historical Data"
"2025-05-28 00:00:00-04:00","172.6831300854681","174.7873198647011","171.4365725199691","171.8853302001953","34784000","GOOGL","Alphabet Inc. (GOOGL) Historical Data"
"2025-05-29 00:00:00-04:00","173.5208093888165","173.93965089581198","170.1600951338123","171.38670349121094","29317300","GOOGL","Alphabet Inc. (GOOGL) Historical Data"
"2025-05-30 00:00:00-04:00","170.87810348795895","171.73573563304672","166.97886808315485","171.26702880859375","52639900","GOOGL","Alphabet Inc. (GOOGL) Historical Data"
"2025-06-02 00:00:00-04:00","167.37777366516244","169.40218193277036","166.92901598525125","168.5644989013672","38612300","GOOGL","Alphabet Inc. (GOOGL) Historical Data"
"2025-06-03 00:00:00-04:00","167.0287408798973","168.01600469808255","164.82482048675826","165.7223358154297","45084900","GOOGL","Alphabet Inc. (GOOGL) Historical Data"
"2025-06-04 00:00:00-04:00","166.28081407126308","167.75673398423967","165.90185569784677","167.5872039794922","26900800","GOOGL","Alphabet Inc. (GOOGL) Historical Data"
"2025-06-05 00:00:00-04:00","169.87088888051295","170.45926039928958","167.1284622369502","167.74676513671875","36379100","GOOGL","Alphabet Inc. (GOOGL) Historical Data"
"2025-06-06 00:00:00-04:00","170.35954849552294","174.01943975782734","170.35954849552294","173.20169067382812","35731800","GOOGL","Alphabet Inc. (GOOGL) Historical Data"
"2025-06-09 00:00:00-04:00","174.27003651227847","176.19705935039198","174.1003012753775","175.81764221191406","28935900","GOOGL","Alphabet Inc. (GOOGL) Historical Data"
"2025-06-10 00:00:00-04:00","175.92747903926403","180.8298886948226","174.63948090794972","178.3237762451172","61766100","GOOGL","Alphabet Inc. (GOOGL) Historical Data"
"2025-06-11 00:00:00-04:00","179.49195401036374","180.09101684926247","176.47662077845203","177.07569885253906","31646800","GOOGL","Alphabet Inc. (GOOGL) Historical Data"
"2025-06-12 00:00:00-04:00","175.9075065231488","176.4466798719252","174.47972552416806","175.42825317382812","20941900","GOOGL","Alphabet Inc. (GOOGL) Historical Data"
"2025-06-13 00:00:00-04:00","172.17329464872896","176.85604320367563","172.1233689351953","174.39984130859375","27663100","GOOGL","Alphabet Inc. (GOOGL) Historical Data"
"2025-06-16 00:00:00-04:00","174.45974398959817","176.66633252587772","174.37986589593493","176.49659729003906","27389200","GOOGL","Alphabet Inc. (GOOGL) Historical Data"
"2025-06-17 00:00:00-04:00","175.4282431183839","177.08567926563504","174.30998028900405","175.6778564453125","24973000","GOOGL","Alphabet Inc. (GOOGL) Historical Data"
"2025-06-18 00:00:00-04:00","175.73776761612697","176.28692000243774","172.93211615674434","173.05194091796875","28707500","GOOGL","Alphabet Inc. (GOOGL) Historical Data"
"2025-06-20 00:00:00-04:00","173.68095462694552","174.07035081830173","165.20409556084024","166.38226318359375","75659900","GOOGL","Alphabet Inc. (GOOGL) Historical Data"
"2025-06-23 00:00:00-04:00","166.0128407101847","167.08117785912864","161.74944069273923","164.93450927734375","57671000","GOOGL","Alphabet Inc. (GOOGL) Historical Data"
"2025-06-24 00:00:00-04:00","166.66183161080377","167.95982401484335","165.87306016657053","166.51206970214844","40524300","GOOGL","Alphabet Inc. (GOOGL) Historical Data"
"2025-06-25 00:00:00-04:00","167.37074500344593","172.09342522608725","167.29086690480466","170.416015625","35479000","GOOGL","Alphabet Inc. (GOOGL) Historical Data"
"2025-06-26 00:00:00-04:00","172.16329217484034","173.42135306121023","169.67715325213413","173.27157592773438","31796700","GOOGL","Alphabet Inc. (GOOGL) Historical Data"
"2025-06-27 00:00:00-04:00","173.27158802075178","178.40363764116194","171.46438989107267","178.25387573242188","108140200","GOOGL","Alphabet Inc. (GOOGL) Historical Data"
"2025-06-30 00:00:00-04:00","180.50039372606906","180.949694682379","174.30998606031628","175.95742797851562","63378900","GOOGL","Alphabet Inc. (GOOGL) Historical Data"
"2025-07-01 00:00:00-04:00","175.46818749328466","175.81763700531283","173.26159900853952","175.56802368164062","35904500","GOOGL","Alphabet Inc. (GOOGL) Historical Data"
"2025-07-02 00:00:00-04:00","175.26848197683447","178.58335417760583","174.79922295185074","178.3636932373047","29128900","GOOGL","Alphabet Inc. (GOOGL) Historical Data"
"2025-07-03 00:00:00-04:00","178.22391365801445","179.39210218822254","176.7761594232363","179.2523193359375","21689700","GOOGL","Alphabet Inc. (GOOGL) Historical Data"
"2025-07-07 00:00:00-04:00","178.78304908898676","179.0226833705182","175.40827199123135","176.5165557861328","34175600","GOOGL","Alphabet Inc. (GOOGL) Historical Data"
"2025-07-08 00:00:00-04:00","177.5749242496101","177.67476043779465","172.54271112131266","174.09031677246094","40442500","GOOGL","Alphabet Inc. (GOOGL) Historical Data"
"2025-07-09 00:00:00-04:00","174.97894087050608","179.1624626362242","172.50278095171484","176.34681701660156","43025600","GOOGL","Alphabet Inc. (GOOGL) Historical Data"
"2025-07-10 00:00:00-04:00","175.35836349959487","178.15402063985096","174.11029683512743","177.34527587890625","29252400","GOOGL","Alphabet Inc. (GOOGL) Historical Data"
"2025-07-11 00:00:00-04:00","176.51656530489134","181.14938835134018","176.20704719654847","179.91131591796875","34282900","GOOGL","Alphabet Inc. (GOOGL) Historical Data"
"2025-07-14 00:00:00-04:00","180.7300224544814","183.3859118317051","179.40207776586954","181.2791748046875","32536600","GOOGL","Alphabet Inc. (GOOGL) Historical Data"
"2025-07-15 00:00:00-04:00","182.5272506181519","183.93507346834292","181.31913062189142","181.718505859375","33448300","GOOGL","Alphabet Inc. (GOOGL) Historical Data"
"2025-07-16 00:00:00-04:00","182.95659839065306","184.04490889196538","181.74846312672318","182.68701171875","33104200","GOOGL","Alphabet Inc. (GOOGL) Historical Data"
"2025-07-17 00:00:00-04:00","181.85827589550698","183.77530432362263","180.20083982993623","183.29605102539062","31992600","GOOGL","Alphabet Inc. (GOOGL) Historical Data"
"2025-07-18 00:00:00-04:00","185.113228386666","186.13165497814074","183.42585517412414","184.7737579345703","34014500","GOOGL","Alphabet Inc. (GOOGL) Historical Data"
"2025-07-21 00:00:00-04:00","185.9619181252415","189.99566255854273","185.86206670599856","189.80596923828125","45803100","GOOGL","Alphabet Inc. (GOOGL) Historical Data"
"2025-07-22 00:00:00-04:00","191.20380830960463","191.35357021159422","187.17006365240448","191.04405212402344","44660200","GOOGL","Alphabet Inc. (GOOGL) Historical Data"
"2025-07-23 00:00:00-04:00","191.20381577219638","192.23222149983224","188.88739669642578","189.93577575683594","58681900","GOOGL","Alphabet Inc. (GOOGL) Historical Data"
"2025-07-24 00:00:00-04:00","196.72525594978663","197.64383117376477","190.70458366341637","191.87277221679688","74881700","GOOGL","Alphabet Inc. (GOOGL) Historical Data"
"2025-07-25 00:00:00-04:00","191.68306935737266","194.02944081770818","190.96418172846938","192.88121032714844","39785900","GOOGL","Alphabet Inc. (GOOGL) Historical Data"
"2025-07-28 00:00:00-04:00","193.35047209995227","193.7498625541434","190.54482081320737","192.28213500976562","38139500","GOOGL","Alphabet Inc. (GOOGL) Historical Data"
"2025-07-29 00:00:00-04:00","192.13236281084488","195.61697034161693","191.78291329403916","195.44723510742188","41389200","GOOGL","Alphabet Inc. (GOOGL) Historical Data"
"2025-07-30 00:00:00-04:00","195.2974741739121","197.2943808004953","194.3888780023715","196.2260284423828","32445400","GOOGL","Alphabet Inc. (GOOGL) Historical Data"
"2025-07-31 00:00:00-04:00","195.40729975764043","195.68686545955075","190.79443520574372","191.60317993164062","51329200","GOOGL","Alphabet Inc. (GOOGL) Historical Data"
"2025-08-01 00:00:00-04:00","188.73762721302066","190.53484621084553","187.52950724447476","188.8374786376953","34832200","GOOGL","Alphabet Inc. (GOOGL) Historical Data"
"2025-08-04 00:00:00-04:00","189.9956738002762","194.96798225717674","189.82593856567027","194.7383270263672","31547400","GOOGL","Alphabet Inc. (GOOGL) Historical Data"
"2025-08-05 00:00:00-04:00","194.4088584088549","197.55398036609623","193.59011934927213","194.36891174316406","31602300","GOOGL","Alphabet Inc. (GOOGL) Historical Data"
"2025-08-06 00:00:00-04:00","194.19916035027438","196.32587068335496","193.37044231078846","195.7866973876953","21562900","GOOGL","Alphabet Inc. (GOOGL) Historical Data"
"2025-08-07 00:00:00-04:00","196.75520727948205","197.23446060352177","194.0294340028213","196.21604919433594","26321800","GOOGL","Alphabet Inc. (GOOGL) Historical Data"
"2025-08-08 00:00:00-04:00","196.9149587094283","202.29662132319493","196.86503299798275","201.10845947265625","39161800","GOOGL","Alphabet Inc. (GOOGL) Historical Data"
"2025-08-11 00:00:00-04:00","200.62921267003748","201.16837075965444","198.76210983585918","200.68911743164062","25832400","GOOGL","Alphabet Inc. (GOOGL) Historical Data"
"2025-08-12 00:00:00-04:00","201.0585431482033","204.18370696130674","200.27975076589462","203.02549743652344","30397900","GOOGL","Alphabet Inc. (GOOGL) Historical Data"
"2025-08-13 00:00:00-04:00","203.81428597106753","204.21366121456273","197.2045144743427","201.64764404296875","28342900","GOOGL","Alphabet Inc. (GOOGL) Historical Data"
"2025-08-14 00:00:00-04:00","201.18833871082708","204.12379383237695","200.91875205563483","202.62611389160156","25230400","GOOGL","Alphabet Inc. (GOOGL) Historical Data"
"2025-08-15 00:00:00-04:00","203.534714766441","206.12070520105007","200.96868242883633","203.58462524414062","34931400","GOOGL","Alphabet Inc. (GOOGL) Historical Data"
"2025-08-18 00:00:00-04:00","203.8841712567715","204.9525236553874","202.17682455801943","203.1852569580078","18526600","GOOGL","Alphabet Inc. (GOOGL) Historical Data"
"2025-08-19 00:00:00-04:00","202.7159730378366","203.1253425488118","199.65072931767816","201.25823974609375","24240200","GOOGL","Alphabet Inc. (GOOGL) Historical Data"
"2025-08-20 00:00:00-04:00","200.41952632200108","200.9686786831588","196.29592455953664","199.01171875","28955500","GOOGL","Alphabet Inc. (GOOGL) Historical Data"
"2025-08-21 00:00:00-04:00","199.4410400390625","202.166813191516","199.12152768080315","199.4410400390625","19774600","GOOGL","Alphabet Inc. (GOOGL) Historical Data"
"2025-08-22 00:00:00-04:00","202.41643648326647","208.21744781149425","200.98865555430208","205.771240234375","42827000","GOOGL","Alphabet Inc. (GOOGL) Historical Data"
"2025-08-25 00:00:00-04:00","206.11069972619865","210.19438514977915","204.9624845680577","208.1675262451172","29928900","GOOGL","Alphabet Inc. (GOOGL) Historical Data"
"2025-08-26 00:00:00-04:00","207.18903343187435","207.52851912382437","205.3818354433132","206.81961059570312","28464100","GOOGL","Alphabet Inc. (GOOGL) Historical Data"
"2025-08-27 00:00:00-04:00","205.38184246485358","208.58688428789492","205.3319167524022","207.15908813476562","23022900","GOOGL","Alphabet Inc. (GOOGL) Historical Data"
"2025-08-28 00:00:00-04:00","206.92944327697995","211.8917573213033","206.57997853322107","211.31265258789062","32339300","GOOGL","Alphabet Inc. (GOOGL) Historical Data"
"2025-08-29 00:00:00-04:00","210.1843914975452","214.3179874085232","209.87487342277922","212.5806884765625","39728400","GOOGL","Alphabet Inc. (GOOGL) Historical Data"
"2025-09-02 00:00:00-04:00","208.11761422314743","211.3525932568575","205.88107328271496","211.0231170654297","47523000","GOOGL","Alphabet Inc. (GOOGL) Historical Data"
"2025-09-03 00:00:00-04:00","225.86012385269166","230.95222645491896","224.44230678385503","230.30323791503906","103336100","GOOGL","Alphabet Inc. (GOOGL) Historical Data"
"2025-09-04 00:00:00-04:00","229.2947939629136","232.01058815431742","225.76027598883607","231.94070434570312","51684200","GOOGL","Alphabet Inc. (GOOGL) Historical Data"
"2025-09-05 00:00:00-04:00","231.84086323662245","235.39535470067108","231.5413241866342","234.63653564453125","46588900","GOOGL","Alphabet Inc. (GOOGL) Historical Data"
"2025-09-08 00:00:00-04:00","235.31608185012894","237.97434675109136","233.5172554040335","233.8870086669922","32474700","GOOGL","Alphabet Inc. (GOOGL) Historical Data"
"2025-09-09 00:00:00-04:00","234.0169206603603","240.3128053844981","233.07753270088136","239.47335815429688","38061000","GOOGL","Alphabet Inc. (GOOGL) Historical Data"
"2025-09-10 00:00:00-04:00","238.74382884116824","241.50203443312756","237.6945274082077","239.01365661621094","35141100","GOOGL","Alphabet Inc. (GOOGL) Historical Data"
"2025-09-11 00:00:00-04:00","239.7232054178332","242.09165136894262","236.09557331646107","240.21287536621094","30599300","GOOGL","Alphabet Inc. (GOOGL) Historical Data"
"2025-09-12 00:00:00-04:00","240.21286654309478","241.92175543476245","237.84442067897936","240.64259338378906","26771600","GOOGL","Alphabet Inc. (GOOGL) Historical Data"
"2025-09-15 00:00:00-04:00","244.5000723057695","252.24500622225327","244.5000723057695","251.44552612304688","58383800","GOOGL","Alphabet Inc. (GOOGL) Historical Data"
"2025-09-16 00:00:00-04:00","251.91521585326547","252.87457975705254","249.30692141357196","250.99581909179688","34109700","GOOGL","Alphabet Inc. (GOOGL) Historical Data"
"2025-09-17 00:00:00-04:00","251.0557800198683","251.43553649547647","246.11900683222018","249.36688232421875","34108000","GOOGL","Alphabet Inc. (GOOGL) Historical Data"
"2025-09-18 00:00:00-04:00","251.51547232528497","253.82397511354577","249.6367116291099","251.86524963378906","31239500","GOOGL","Alphabet Inc. (GOOGL) Historical Data"
"2025-09-19 00:00:00-04:00","253.08445699569828","255.83265939150547","251.64539584681071","254.55349731445312","55571400","GOOGL","Alphabet Inc. (GOOGL) Historical Data"
"2025-09-22 00:00:00-04:00","254.2636811395151","255.6128047936517","250.13639113793755","252.36492919921875","32290500","GOOGL","Alphabet Inc. (GOOGL) Historical Data"
"2025-09-23 00:00:00-04:00","252.8745862102155","254.1937306726042","250.31626206974443","251.49549865722656","26628000","GOOGL","Alphabet Inc. (GOOGL) Historical Data"
"2025-09-24 00:00:00-04:00","251.49550432970327","252.18505574615793","246.2789151995329","246.97845458984375","28201000","GOOGL","Alphabet Inc. (GOOGL) Historical Data"
"2025-09-25 00:00:00-04:00","244.24022750230412","246.32887284028934","240.58263166512353","245.6293182373047","31020400","GOOGL","Alphabet Inc. (GOOGL) Historical Data"
"2025-09-26 00:00:00-04:00","246.90849752367055","249.25695217808112","245.80921049475367","246.3788299560547","18503200","GOOGL","Alphabet Inc. (GOOGL) Historical Data"
"2025-09-29 00:00:00-04:00","247.6879914773483","250.98582213384148","242.61131034259105","243.89047241210938","32505800","GOOGL","Alphabet Inc. (GOOGL) Historical Data"
"2025-09-30 00:00:00-04:00","242.65128209661555","243.13096406959585","239.09361157011617","242.94110107421875","34724300","GOOGL","Alphabet Inc. (GOOGL) Historical Data"
"2025-10-01 00:00:00-04:00","240.59263270567308","246.13900797357311","238.45403213601972","244.7399139404297","31658200","GOOGL","Alphabet Inc. (GOOGL) Historical Data"
"2025-10-02 00:00:00-04:00","244.98974812584623","246.64866670301694","242.14162021805868","245.52940368652344","25483300","GOOGL","Alphabet Inc. (GOOGL) Historical Data"
"2025-10-03 00:00:00-04:00","244.33018254314118","246.138996907564","241.5020306823554","245.1896209716797","30249600","GOOGL","Alphabet Inc. (GOOGL) Historical Data"
"2025-10-06 00:00:00-04:00","244.61999567020933","251.1557292673991","244.42012945214807","250.26629638671875","28894700","GOOGL","Alphabet Inc. (GOOGL) Historical Data"
"2025-10-07 00:00:00-04:00","248.10771903747053","250.27629875611288","245.35951661425605","245.59934997558594","23181300","GOOGL","Alphabet Inc. (GOOGL) Historical Data"
"2025-10-08 00:00:00-04:00","244.79988761332393","245.84918907751907","243.66063338889384","244.46009826660156","21307100","GOOGL","Alphabet Inc. (GOOGL) Historical Data"
"2025-10-09 00:00:00-04:00","244.3101967172578","244.60000044134677","238.99366696134817","241.3721160888672","27892100","GOOGL","Alphabet Inc. (GOOGL) Historical Data"
"2025-10-10 00:00:00-04:00","241.27216783484693","243.93043262992407","235.6858257251368","236.4153594970703","33180300","GOOGL","Alphabet Inc. (GOOGL) Historical Data"
"2025-10-13 00:00:00-04:00","240.05299046060216","244.34017953936018","239.55331729181","243.9904022216797","24995000","GOOGL","Alphabet Inc. (GOOGL) Historical Data"
"2025-10-14 00:00:00-04:00","241.07230809804528","246.95845730298234","240.35277752895155","245.28955078125","22111600","GOOGL","Alphabet Inc. (GOOGL) Historical Data"
"2025-10-15 00:00:00-04:00","247.0883778879278","251.94520161834686","245.82920701293574","250.86590576171875","27007700","GOOGL","Alphabet Inc. (GOOGL) Historical Data"
"2025-10-16 00:00:00-04:00","251.60541868813706","256.79201310331337","249.93651222042618","251.29562377929688","27997200","GOOGL","Alphabet Inc. (GOOGL) Historical Data"
"2025-10-17 00:00:00-04:00","250.59608169913423","254.05382673080507","247.64801305801078","253.13442993164062","29671600","GOOGL","Alphabet Inc. (GOOGL) Historical Data"
"2025-10-20 00:00:00-04:00","254.52352413042843","257.1617826336821","254.06381810029453","256.3822937011719","22350200","GOOGL","Alphabet Inc. (GOOGL) Historical Data"
"2025-10-21 00:00:00-04:00","254.5734808325197","254.71338870395212","243.99039197294186","250.29627990722656","47312100","GOOGL","Alphabet Inc. (GOOGL) Historical Data"
"2025-10-22 00:00:00-04:00","254.20372304336274","256.19241249616164","249.12704181794433","251.52548217773438","35029400","GOOGL","Alphabet Inc. (GOOGL) Historical Data"
"2025-10-23 00:00:00-04:00","252.81462530948346","254.8732762688867","251.68537434804077","252.91456604003906","19901400","GOOGL","Alphabet Inc. (GOOGL) Historical Data"
"2025-10-24 00:00:00-04:00","256.412278354529","261.5089509442133","255.1531226659378","259.7501220703125","28655100","GOOGL","Alphabet Inc. (GOOGL) Historical Data"
"2025-10-27 00:00:00-04:00","264.6468909460984","269.9634205104271","264.10723541197956","269.0939636230469","35235200","GOOGL","Alphabet Inc. (GOOGL) Historical Data"
"2025-10-28 00:00:00-04:00","269.5137161039883","270.5530448339537","266.3257988486908","267.295166015625","29738600","GOOGL","Alphabet Inc. (GOOGL) Historical Data"
"2025-10-29 00:00:00-04:00","267.57498405043395","275.1600191542769","267.49504976173847","274.3905334472656","43580300","GOOGL","Alphabet Inc. (GOOGL) Historical Data"
"2025-10-30 00:00:00-04:00","291.3993974290424","291.3993974290424","279.87693527724974","281.2960205078125","74876000","GOOGL","Alphabet Inc. (GOOGL) Historical Data"
"2025-10-31 00:00:00-04:00","283.02486366213384","285.81304844327684","276.8489107040144","281.0061950683594","39267900","GOOGL","Alphabet Inc. (GOOGL) Historical Data"
"2025-11-03 00:00:00-05:00","281.9955439895644","285.3433603410046","279.61709481156873","283.5345458984375","29786000","GOOGL","Alphabet Inc. (GOOGL) Historical Data"
"2025-11-04 00:00:00-05:00","276.56908942406625","281.0861237356038","276.07941949471564","277.35858154296875","30078400","GOOGL","Alphabet Inc. (GOOGL) Historical Data"
"2025-11-05 00:00:00-05:00","278.6876991693174","286.23278206992967","277.15870054271744","284.1241455078125","31010300","GOOGL","Alphabet Inc. (GOOGL) Historical Data"
"2025-11-06 00:00:00-05:00","285.14348075532007","288.1615262521665","280.9562476047489","284.5638732910156","37173600","GOOGL","Alphabet Inc. (GOOGL) Historical Data"
"2025-11-07 00:00:00-05:00","283.0248465894465","283.59448127875606","275.0101005397699","278.647705078125","34479600","GOOGL","Alphabet Inc. (GOOGL) Historical Data"
"2025-11-10 00:00:00-05:00","284.23409016650885","290.6098939896417","282.6750818691635","289.9103698730469","29557300","GOOGL","Alphabet Inc. (GOOGL) Historical Data"
"2025-11-11 00:00:00-05:00","287.56189748708465","291.72918497214437","287.1321858980205","291.11956787109375","19842100","GOOGL","Alphabet Inc. (GOOGL) Historical Data"
"2025-11-12 00:00:00-05:00","291.4893355792204","291.8191369528623","283.504568014819","286.5225830078125","24829900","GOOGL","Alphabet Inc. (GOOGL) Historical Data"
"2025-11-13 00:00:00-05:00","282.15543354563385","282.65510670070455","277.0587612643864","278.3879089355469","29494000","GOOGL","Alphabet Inc. (GOOGL) Historical Data"
"2025-11-14 00:00:00-05:00","271.23257767900105","278.3778974858086","270.52305035910666","276.22930908203125","31647200","GOOGL","Alphabet Inc. (GOOGL) Historical Data"
"2025-11-17 00:00:00-05:00","285.59319216713175","293.7578650793077","283.38464532335746","284.83367919921875","52670200","GOOGL","Alphabet Inc. (GOOGL) Historical Data"
"2025-11-18 00:00:00-05:00","287.7318125744744","288.61121173854644","278.0181648979437","284.09417724609375","49158700","GOOGL","Alphabet Inc. (GOOGL) Historical Data"
"2025-11-19 00:00:00-05:00","286.9722907427786","303.6114007455407","286.44263841708545","292.61859130859375","68198900","GOOGL","Alphabet Inc. (GOOGL) Historical Data"
"2025-11-20 00:00:00-05:00","304.3409354639468","306.2197114167213","288.48131431646567","289.26080322265625","62025200","GOOGL","Alphabet Inc. (GOOGL) Historical Data"
"2025-11-21 00:00:00-05:00","296.2262391249899","303.7213362601199","293.6579118539212","299.464111328125","74137700","GOOGL","Alphabet Inc. (GOOGL) Historical Data"
"2025-11-24 00:00:00-05:00","310.9266228942269","319.27117069793417","309.39762425695875","318.3717346191406","85165100","GOOGL","Alphabet Inc. (GOOGL) Historical Data"
"2025-11-25 00:00:00-05:00","325.9967549915166","328.6150374741804","317.4423529194355","323.22857666015625","88632100","GOOGL","Alphabet Inc. (GOOGL) Historical Data"
"2025-11-26 00:00:00-05:00","320.4703785574214","324.287888914303","316.58293713459693","319.7408752441406","51373400","GOOGL","Alphabet Inc. (GOOGL) Historical Data"
"2025-11-28 00:00:00-05:00","323.15862038246837","326.6363566172421","316.5829348985448","319.970703125","26018600","GOOGL","Alphabet Inc. (GOOGL) Historical Data"
"2025-12-01 00:00:00-05:00","317.49233426982363","319.6409227326276","313.684827275924","314.6841735839844","41183000","GOOGL","Alphabet Inc. (GOOGL) Historical Data"
"2025-12-02 00:00:00-05:00","316.5329308632399","318.17187340075924","313.7047943107319","315.6035461425781","35854700","GOOGL","Alphabet Inc. (GOOGL) Historical Data"
"2025-12-03 00:00:00-05:00","315.68353592029735","321.369788644051","313.89469739870816","319.42108154296875","41838300","GOOGL","Alphabet Inc. (GOOGL) Historical Data"
"2025-12-04 00:00:00-05:00","322.0193865832628","322.14927599125497","314.4943097586067","317.4123840332031","31240900","GOOGL","Alphabet Inc. (GOOGL) Historical Data"
"2025-12-05 00:00:00-05:00","319.28113189003057","322.9487461411032","318.961364259978","321.0599670410156","28851700","GOOGL","Alphabet Inc. (GOOGL) Historical Data"
"2025-12-08 00:00:00-05:00","320.04998779296875","320.44000244140625","311.2200012207031","313.7200012207031","33909400","GOOGL","Alphabet Inc. (GOOGL) Historical Data"
"2025-12-09 00:00:00-05:00","312.3699951171875","317.989990234375","311.8999938964844","317.0799865722656","30194000","GOOGL","Alphabet Inc. (GOOGL) Historical Data"
"2025-12-10 00:00:00-05:00","315.8299865722656","321.30999755859375","314.67999267578125","320.2099914550781","33428900","GOOGL","Alphabet Inc. (GOOGL) Historical Data"
"2025-12-11 00:00:00-05:00","320.0799865722656","321.1199951171875","308.6000061035156","312.42999267578125","42353700","GOOGL","Alphabet Inc. (GOOGL) Historical Data"
"2025-12-12 00:00:00-05:00","313.70001220703125","314.8699951171875","305.55999755859375","309.2900085449219","35940200","GOOGL","Alphabet Inc. (GOOGL) Historical Data"
"2025-12-15 00:00:00-05:00","311.32000732421875","311.4200134277344","304.8800048828125","308.2200012207031","29151900","GOOGL","Alphabet Inc. (GOOGL) Historical Data"
"2025-12-16 00:00:00-05:00","304.95001220703125","310.7699890136719","302.5899963378906","306.57000732421875","30585000","GOOGL","Alphabet Inc. (GOOGL) Historical Data"
"2025-12-17 00:00:00-05:00","308.010009765625","308.0899963378906","296.1199951171875","296.7200012207031","43930400","GOOGL","Alphabet Inc. (GOOGL) Historical Data"
"2025-12-18 00:00:00-05:00","301.7200012207031","303.9599914550781","299.2300109863281","302.4599914550781","33518000","GOOGL","Alphabet Inc. (GOOGL) Historical Data"
"2025-12-19 00:00:00-05:00","301.7300109863281","307.25","300.9700012207031","307.1600036621094","59943200","GOOGL","Alphabet Inc. (GOOGL) Historical Data"
"2025-12-22 00:00:00-05:00","309.8800048828125","310.1300048828125","305.29998779296875","309.7799987792969","26429900","GOOGL","Alphabet Inc. (GOOGL) Historical Data"
"2025-12-23 00:00:00-05:00","309.6300048828125","314.94000244140625","309.32000732421875","314.3500061035156","25478700","GOOGL","Alphabet Inc. (GOOGL) Historical Data"
"2025-12-24 00:00:00-05:00","314.7699890136719","315.0799865722656","311.9200134277344","314.0899963378906","10097400","GOOGL","Alphabet Inc. (GOOGL) Historical Data"
